Mine_Name,Longitude,Latitude,Geology,Reserve,Grade,Host_Rock,Formation,Age,Source,Drill_Depth,Ore_Thickness,Subsurface_Grade,Lithology,B02,B03,B04,B08,B11,B12,Elevation_m,Slope_deg,Target
Higgins Mine,-109.92065,31.43820,Geology associated with Bisbee region,10000 tons,10-30% Mn,Limestone,Escabrosa Limestone,Carboniferous (Host),International/US Dataset,Surface Outcrop - Not Drilled,N/A - Surface Occurrence,N/A - Surface Sample Only,Limestone (Observed at surface),524,724,737,2238,2172,1382,1838.89,28.17,1
Patagonia Mountains,-110.77596,31.51458 ,Hydrothermal/Sedimentary Deposit,15000 tons,15-25% Mn,Quartzite/Schist,Local Metamorphic/Sedimentary Sequence,Phanerozoic,International/US Dataset,Surface Outcrop - Not Drilled,N/A - Surface Occurrence,N/A - Surface Sample Only,Quartzite/Schist (Observed at surface),739,1135,1372,2474,2834,1878,1240.73,11.27,1
Humboldt Mine,-109.16675,31.95374,Geology associated with Cochise region,10000 tons,10-30% Mn,Limestone,Escabrosa Limestone,Carboniferous,International/US Dataset,Surface Outcrop - Not Drilled,N/A - Surface Occurrence,N/A - Surface Sample Only,Limestone (Observed at surface),937,1146,1364,2272,3177,2684,1483.03,6.75,1
Siegel Mine,-114.60892,39.72882,Geology associated with Nevada region,100000 tons,15-30% Mn,Limestone/Dolomite,Highland Peak Fm,Cambrian,International/US Dataset,Surface Outcrop - Not Drilled,N/A - Surface Occurrence,N/A - Surface Sample Only,Limestone/Dolomite (Observed at surface),651,885,1041,1989,2405,1979,2415.88,18.54,1
Wickes Manganese Prospect,-112.11338,46.34910,Hydrothermal/Sedimentary Deposit,15000 tons,15-25% Mn,Quartzite/Schist,Local Metamorphic/Sedimentary Sequence,Phanerozoic,International/US Dataset,Surface Outcrop - Not Drilled,N/A - Surface Occurrence,N/A - Surface Sample Only,Quartzite/Schist (Observed at surface),801,962,1216,2111,3048,2116,1678.46,15.58,1
Butte,-112.53089,46.01990,Hydrothermal/Sedimentary Deposit,15000 tons,15-25% Mn,Quartzite/Schist,Local Metamorphic/Sedimentary Sequence,Phanerozoic,International/US Dataset,Surface Outcrop - Not Drilled,N/A - Surface Occurrence,N/A - Surface Sample Only,Quartzite/Schist (Observed at surface),807,1055,1277,1890,2809,2315,1813.44,11.21,1
Serra Branca,-36.28388,-6.45054,Hydrothermal/Sedimentary Deposit,15000 tons,15-25% Mn,Quartzite/Schist,Local Metamorphic/Sedimentary Sequence,Phanerozoic,International/US Dataset,Surface Outcrop - Not Drilled,N/A - Surface Occurrence,N/A - Surface Sample Only,Quartzite/Schist (Observed at surface),486,624,836,1682,3021,2009,652.46,1.17,1
Spider Claim,-123.12171,40.26905 ,Geology associated with Trinity region,15000 tons,35-45% Mn,Radiolarian Chert,Franciscan Complex,Jurassic-Cretaceous,International/US Dataset,Surface Outcrop - Not Drilled,N/A - Surface Occurrence,N/A - Surface Sample Only,Radiolarian Chert (Observed at surface),591,776,1118,2079,2423,1632,1263.91,19.24,1
BHP Prospect,-117.68673,35.32110,Hydrothermal/Sedimentary Deposit,15000 tons,15-25% Mn,Quartzite/Schist,Local Metamorphic/Sedimentary Sequence,Phanerozoic,International/US Dataset,Surface Outcrop - Not Drilled,N/A - Surface Occurrence,N/A - Surface Sample Only,Quartzite/Schist (Observed at surface),1411,1874,2167,2542,2736,2154,1239.91,13.68,1
Chapin Claim 19,-113.63689,34.33810,Geology associated with Artillery region,200000000 tons,3-4% Mn,Sandstone/Conglomerate,Chapin Wash Fm,Miocene,International/US Dataset,Surface Outcrop - Not Drilled,N/A - Surface Occurrence,N/A - Surface Sample Only,Sandstone/Conglomerate (Observed at surface),5581,4976,5415,5674,6034,5645,731.7,6.65,1
The Needles,-109.89681,38.70388,Geology associated with Utah region,75000 tons,15-25% Mn,Limestone/Dolomite,Oquirrh Group,Pennsylvanian-Permian,International/US Dataset,Surface Outcrop - Not Drilled,N/A - Surface Occurrence,N/A - Surface Sample Only,Limestone/Dolomite (Observed at surface),807,1310,2125,2891,4039,3922,1626.95,10.12,1
Hidalgo del Parral,-105.63384,26.90031,Geology associated with Hidalgo region,100000 tons,15-35% Mn,Limestone,Lake Valley Limestone,Mississippian,International/US Dataset,Outcrop to 400m+ depth,8 to 10 meters thick continuous bed,~27% Mn (Mn-carbonates),Calcareous siltstone and silty limestone,790,1132,1383,2739,3385,2551,1878.81,3.54,1
Pavo Real Mine,-105.45051,26.91698,Geology associated with Chihuahua region,500000 tons,20-30% Mn,Rhyolite,Tertiary Volcanics,Oligocene,International/US Dataset,Surface Outcrop - Not Drilled,N/A - Surface Occurrence,N/A - Surface Sample Only,Rhyolite (Observed at surface),818,1220,1393,3245,3448,2489,1646.27,2.68,1
Black Diablo Mine,-117.56626,40.68160,Geology associated with Nevada region,100000 tons,15-30% Mn,Limestone/Dolomite,Highland Peak Fm,Cambrian,International/US Dataset,Surface Outcrop - Not Drilled,N/A - Surface Occurrence,N/A - Surface Sample Only,Limestone/Dolomite (Observed at surface),1166,1521,1965,2476,3632,2958,1811.13,7.78,1
Thompson Claim,-123.66572,48.06007,Geology associated with Clallam region,50000 tons,30-50% Mn,Basalt/Red Limestone,Crescent Formation,Eocene,International/US Dataset,Surface Outcrop - Not Drilled,N/A - Surface Occurrence,N/A - Surface Sample Only,Basalt/Red Limestone (Observed at surface),12,117,39,1469,695,291,606.87,28.29,1
Hankins Hollow Mine,-91.82705,35.88119,Geology associated with Independence region,2000000 tons,25-45% Mn,Shale/Limestone,Cason Shale / Fernvale Fm,Ordovician,International/US Dataset,Surface Outcrop - Not Drilled,N/A - Surface Occurrence,N/A - Surface Sample Only,Shale/Limestone (Observed at surface),287,490,237,3662,1747,684,171.01,12.96,1
Thomas Mine,-123.17529,39.31047,Geology associated with Mendocino region,15000 tons,35-45% Mn,Radiolarian Chert,Franciscan Complex,Jurassic-Cretaceous,International/US Dataset,Surface Outcrop - Not Drilled,N/A - Surface Occurrence,N/A - Surface Sample Only,Radiolarian Chert (Observed at surface),361,549,534,2937,1589,851,524.85,17.96,1
State of California Mine,-120.93322,38.36460,Geology associated with Amador region,5000 tons,40-50% Mn,Metachert/Slate,Calaveras Complex,Paleozoic,International/US Dataset,Surface Outcrop - Not Drilled,N/A - Surface Occurrence,N/A - Surface Sample Only,Metachert/Slate (Observed at surface),769,1089,1604,2549,3697,2434,120.69,4.77,1
Manganese Queen Mine,-123.17805,40.41818,Geology associated with Trinity region,15000 tons,35-45% Mn,Radiolarian Chert,Franciscan Complex,Jurassic-Cretaceous,International/US Dataset,Surface Outcrop - Not Drilled,N/A - Surface Occurrence,N/A - Surface Sample Only,Radiolarian Chert (Observed at surface),997,1390,2061,3235,3407,2116,1093.37,11.29,1
Buckeye Mine,-121.39546,37.52714,Hydrothermal/Sedimentary Deposit,15000 tons,15-25% Mn,Quartzite/Schist,Local Metamorphic/Sedimentary Sequence,Phanerozoic,International/US Dataset,Surface Outcrop - Not Drilled,N/A - Surface Occurrence,N/A - Surface Sample Only,Quartzite/Schist (Observed at surface),709,859,1200,1714,2451,1926,532.28,28.39,1
Black Hump Claims,-123.32932,47.53062,Geology associated with Mason region,50000 tons,30-50% Mn,Basalt/Red Limestone,Crescent Formation,Eocene,International/US Dataset,Surface Outcrop - Not Drilled,N/A - Surface Occurrence,N/A - Surface Sample Only,Basalt/Red Limestone (Observed at surface),283,452,421,1641,1456,936,783.48,36.21,1
Hatton Claims,-113.11659,33.62923,Geology associated with Aguila region,50000 tons,15-20% Mn,Andesite/Tuff,Local Volcanics,Miocene,International/US Dataset,Surface Outcrop - Not Drilled,N/A - Surface Occurrence,N/A - Surface Sample Only,Andesite/Tuff (Observed at surface),852,1088,1422,1919,2718,2347,587.87,9.78,1
Trigo Mountains,-114.61469,33.29256,Hydrothermal/Sedimentary Deposit,15000 tons,15-25% Mn,Quartzite/Schist,Local Metamorphic/Sedimentary Sequence,Phanerozoic,International/US Dataset,Surface Outcrop - Not Drilled,N/A - Surface Occurrence,N/A - Surface Sample Only,Quartzite/Schist (Observed at surface),1191,1517,2045,2268,2848,2742,163.13,4.0,1
Ballard Deposits,-114.16748,33.04177,Hydrothermal/Sedimentary Deposit,15000 tons,15-25% Mn,Quartzite/Schist,Local Metamorphic/Sedimentary Sequence,Phanerozoic,International/US Dataset,Surface Outcrop - Not Drilled,N/A - Surface Occurrence,N/A - Surface Sample Only,Quartzite/Schist (Observed at surface),1282,1782,2291,2480,3483,3198,430.76,11.9,1
Tempiute Silver Mine,-115.65254,37.61246,Geology associated with Nevada region,100000 tons,15-30% Mn,Limestone/Dolomite,Highland Peak Fm,Cambrian,International/US Dataset,Surface Outcrop - Not Drilled,N/A - Surface Occurrence,N/A - Surface Sample Only,Limestone/Dolomite (Observed at surface),1101,1398,1851,2323,2986,2369,1859.62,17.34,1
Eberhardt Mine,-115.48418,39.21743,Geology associated with Nevada region,100000 tons,15-30% Mn,Limestone/Dolomite,Highland Peak Fm,Cambrian,International/US Dataset,Surface Outcrop - Not Drilled,N/A - Surface Occurrence,N/A - Surface Sample Only,Limestone/Dolomite (Observed at surface),958,1192,1394,2034,2829,2352,2654.09,16.29,1
Millard County,-114.0378192,39.1630724,Geology associated with Utah region,75000 tons,15-25% Mn,Limestone/Dolomite,Oquirrh Group,Pennsylvanian-Permian,International/US Dataset,Surface Outcrop - Not Drilled,N/A - Surface Occurrence,N/A - Surface Sample Only,Limestone/Dolomite (Observed at surface),1985,2610,3120,3740,4857,4351,1528.5,0.84,1
Confidence Mine,-108.81925,33.39592,Hydrothermal/Sedimentary Deposit,15000 tons,15-25% Mn,Quartzite/Schist,Local Metamorphic/Sedimentary Sequence,Phanerozoic,International/US Dataset,Surface Outcrop - Not Drilled,N/A - Surface Occurrence,N/A - Surface Sample Only,Quartzite/Schist (Observed at surface),623,872,917,2751,2570,1717,2051.6,19.43,1
Catron County,-108.80092,33.40453,Hydrothermal/Sedimentary Deposit,15000 tons,15-25% Mn,Quartzite/Schist,Local Metamorphic/Sedimentary Sequence,Phanerozoic,International/US Dataset,Surface Outcrop - Not Drilled,N/A - Surface Occurrence,N/A - Surface Sample Only,Quartzite/Schist (Observed at surface),463,611,761,1563,1984,1435,2156.9,24.52,1
Higgins Mine,-109.92205,31.44294,Geology associated with Bisbee region,10000 tons,10-30% Mn,Limestone,Escabrosa Limestone,Carboniferous (Host),International/US Dataset,Surface Outcrop - Not Drilled,N/A - Surface Occurrence,N/A - Surface Sample Only,Limestone (Observed at surface),1255,1525,1960,2849,2926,2055,1667.1,7.25,1
Cummins Hollow Mine,-91.83455,35.89759,Geology associated with Izard region,2000000 tons,25-45% Mn,Shale/Limestone,Cason Shale / Fernvale Fm,Ordovician,International/US Dataset,Surface Outcrop - Not Drilled,N/A - Surface Occurrence,N/A - Surface Sample Only,Shale/Limestone (Observed at surface),259,417,383,2686,1917,869,173.25,15.83,1
Ozark Mine,-91.60454,35.86979,Geology associated with Independence region,2000000 tons,25-45% Mn,Shale/Limestone,Cason Shale / Fernvale Fm,Ordovician,International/US Dataset,Surface Outcrop - Not Drilled,N/A - Surface Occurrence,N/A - Surface Sample Only,Shale/Limestone (Observed at surface),245,377,218,2612,1619,760,191.75,9.77,1
San Felipe de Jesus Mine,-102.36667,28.46667,Hydrothermal/Sedimentary Deposit,15000 tons,15-25% Mn,Quartzite/Schist,Local Metamorphic/Sedimentary Sequence,Phanerozoic,International/US Dataset,Surface Outcrop - Not Drilled,N/A - Surface Occurrence,N/A - Surface Sample Only,Quartzite/Schist (Observed at surface),1439,1777,2104,2966,4586,3861,1394.79,2.79,1
Western Manganese,-120.93494,40.08317,Geology associated with Plumas region,5000 tons,40-50% Mn,Metachert/Slate,Calaveras Complex,Paleozoic,International/US Dataset,Surface Outcrop - Not Drilled,N/A - Surface Occurrence,N/A - Surface Sample Only,Metachert/Slate (Observed at surface),132,378,289,2717,1869,1047,1233.0,23.2,1
Caldwell Mine,-120.28127,37.68075,Hydrothermal/Sedimentary Deposit,15000 tons,15-25% Mn,Quartzite/Schist,Local Metamorphic/Sedimentary Sequence,Phanerozoic,International/US Dataset,Surface Outcrop - Not Drilled,N/A - Surface Occurrence,N/A - Surface Sample Only,Quartzite/Schist (Observed at surface),587,775,1193,1964,3652,2492,431.24,8.35,1
Markhamville Mine,-65.43996,45.6153,Geology associated with Nova Scotia region,10000 tons,30-40% Mn,Limestone/Shale,Macumber Formation / Windsor Group,Carboniferous,International/US Dataset,Surface Outcrop - Not Drilled,N/A - Surface Occurrence,N/A - Surface Sample Only,Limestone/Shale (Observed at surface),206,467,255,2935,1352,567,230.02,7.48,1
Dimanyang Mine,119.99934,12.11041 ,Hydrothermal/Sedimentary Deposit,15000 tons,15-25% Mn,Quartzite/Schist,Local Metamorphic/Sedimentary Sequence,Phanerozoic,International/US Dataset,Surface Outcrop - Not Drilled,N/A - Surface Occurrence,N/A - Surface Sample Only,Quartzite/Schist (Observed at surface),213,617,403,3635,2020,858,151.29,24.98,1
Pakistan,66.41027,26.76491,Geology associated with Pakistan region,250000 tons,35-45% Mn,Pillow Basalt/Chert,Bela Ophiolite,Cretaceous,International/US Dataset,Surface Outcrop - Not Drilled,N/A - Surface Occurrence,N/A - Surface Sample Only,Pillow Basalt/Chert (Observed at surface),1301,1876,2480,2856,3483,3289,852.18,24.65,1
Jones-Reiland Claims 1940's,-107.25253,32.83845,Geology associated with Sierra region,100000 tons,15-35% Mn,Limestone,Lake Valley Limestone,Mississippian,International/US Dataset,Surface Outcrop - Not Drilled,N/A - Surface Occurrence,N/A - Surface Sample Only,Limestone (Observed at surface),1394,1763,2214,2693,3928,3724,1372.74,15.36,1
Otero County,-105.73775,32.82932,Hydrothermal/Sedimentary Deposit,15000 tons,15-25% Mn,Quartzite/Schist,Local Metamorphic/Sedimentary Sequence,Phanerozoic,International/US Dataset,Surface Outcrop - Not Drilled,N/A - Surface Occurrence,N/A - Surface Sample Only,Quartzite/Schist (Observed at surface),552,834,701,3491,2298,1397,2514.27,16.3,1
Black and White Mine,-123.34626,47.57423,Geology associated with Mason region,50000 tons,30-50% Mn,Basalt/Red Limestone,Crescent Formation,Eocene,International/US Dataset,Surface Outcrop - Not Drilled,N/A - Surface Occurrence,N/A - Surface Sample Only,Basalt/Red Limestone (Observed at surface),124,380,157,2827,1114,510,1312.89,16.53,1
Optimo Claim,-106.99337,33.98370,Geology associated with Socorro region,250000 tons,20-30% Mn,Rhyolite/Andesite,Popotosa Formation,Miocene,International/US Dataset,Surface Outcrop - Not Drilled,N/A - Surface Occurrence,N/A - Surface Sample Only,Rhyolite/Andesite (Observed at surface),1271,1627,2355,2651,3466,3251,1797.6,8.52,1
Defense Mine,-117.46062,36.24441,Hydrothermal/Sedimentary Deposit,15000 tons,15-25% Mn,Quartzite/Schist,Local Metamorphic/Sedimentary Sequence,Phanerozoic,International/US Dataset,Surface Outcrop - Not Drilled,N/A - Surface Occurrence,N/A - Surface Sample Only,Quartzite/Schist (Observed at surface),1443,2125,2668,3083,3968,3108,1285.67,25.84,1
Vein 12-Taouz Tadaout Mine,-3.98167,30.89956,Geology associated with Morocco region,10000000 tons,70-75% Mn,Dolomite,Cenomanian-Turonian Dolomites,Cretaceous,International/US Dataset,Surface Outcrop - Not Drilled,N/A - Surface Occurrence,N/A - Surface Sample Only,Dolomite (Observed at surface),1290,1915,2607,2922,4172,3651,683.55,2.0,1
Akebab Mine,-4.66489,32.66616,Geology associated with Morocco region,10000000 tons,70-75% Mn,Dolomite,Cenomanian-Turonian Dolomites,Cretaceous,International/US Dataset,Surface Outcrop - Not Drilled,N/A - Surface Occurrence,N/A - Surface Sample Only,Dolomite (Observed at surface),1068,1526,2196,2600,3449,3203,1551.44,3.03,1
Mowry Mine,-110.70400,31.42847,Hydrothermal/Sedimentary Deposit,15000 tons,15-25% Mn,Quartzite/Schist,Local Metamorphic/Sedimentary Sequence,Phanerozoic,International/US Dataset,Surface Outcrop - Not Drilled,N/A - Surface Occurrence,N/A - Surface Sample Only,Quartzite/Schist (Observed at surface),616,951,1107,2090,2441,1654,1672.34,10.79,1
Black Devil Mine,-117.47956,39.82380,Geology associated with Nevada region,100000 tons,15-30% Mn,Limestone/Dolomite,Highland Peak Fm,Cambrian,International/US Dataset,Surface Outcrop - Not Drilled,N/A - Surface Occurrence,N/A - Surface Sample Only,Limestone/Dolomite (Observed at surface),1160,1497,1842,2262,3192,2762,1661.58,5.23,1
Victory Manganese Claim,-111.20776,46.78711,Hydrothermal/Sedimentary Deposit,15000 tons,15-25% Mn,Quartzite/Schist,Local Metamorphic/Sedimentary Sequence,Phanerozoic,International/US Dataset,Surface Outcrop - Not Drilled,N/A - Surface Occurrence,N/A - Surface Sample Only,Quartzite/Schist (Observed at surface),426,603,702,1996,2299,1676,1508.36,13.39,1
Tyrrell Mine,-122.57923,42.37373,Hydrothermal/Sedimentary Deposit,15000 tons,15-25% Mn,Quartzite/Schist,Local Metamorphic/Sedimentary Sequence,Phanerozoic,International/US Dataset,Surface Outcrop - Not Drilled,N/A - Surface Occurrence,N/A - Surface Sample Only,Quartzite/Schist (Observed at surface),1008,1267,1741,2341,3454,2790,641.91,7.26,1
Logan Mine,-108.02426,37.71723,Geology associated with Colorado region,50000 tons,15-25% Mn,Rhyolite/Travertine,Browns Canyon Volcanics,Oligocene,International/US Dataset,Surface Outcrop - Not Drilled,N/A - Surface Occurrence,N/A - Surface Sample Only,Rhyolite/Travertine (Observed at surface),0,351,231,2168,1244,697,2972.03,18.72,1
Raven Claim,-119.11880,41.72904,Geology associated with Humboldt region,15000 tons,35-45% Mn,Radiolarian Chert,Franciscan Complex,Jurassic-Cretaceous,International/US Dataset,Surface Outcrop - Not Drilled,N/A - Surface Occurrence,N/A - Surface Sample Only,Radiolarian Chert (Observed at surface),808,1010,1285,1643,2702,2175,1740.25,16.96,1
Wild Cat Mine,-113.45444,39.85022,Geology associated with Utah region,75000 tons,15-25% Mn,Limestone/Dolomite,Oquirrh Group,Pennsylvanian-Permian,International/US Dataset,Surface Outcrop - Not Drilled,N/A - Surface Occurrence,N/A - Surface Sample Only,Limestone/Dolomite (Observed at surface),1544,1984,2305,2634,3539,3065,1523.18,8.86,1
Rheinhart Prospect,-107.19615,33.85148,Geology associated with Socorro region,250000 tons,20-30% Mn,Rhyolite/Andesite,Popotosa Formation,Miocene,International/US Dataset,Surface Outcrop - Not Drilled,N/A - Surface Occurrence,N/A - Surface Sample Only,Rhyolite/Andesite (Observed at surface),955,1175,1528,2032,3315,2884,2015.48,15.79,1
Black Feather Claim,-106.97479,33.96259,Geology associated with Socorro region,250000 tons,20-30% Mn,Rhyolite/Andesite,Popotosa Formation,Miocene,International/US Dataset,Surface Outcrop - Not Drilled,N/A - Surface Occurrence,N/A - Surface Sample Only,Rhyolite/Andesite (Observed at surface),0,0,0,0,0,0,1761.15,12.23,1
Killion Mine,-107.59559,32.21123,Geology associated with Luna region,50000 tons,20-40% Mn,Agglomerate,Little Florida Volcanics,Tertiary,International/US Dataset,Surface Outcrop - Not Drilled,N/A - Surface Occurrence,N/A - Surface Sample Only,Agglomerate (Observed at surface),914,1210,1803,2279,3131,2869,1376.3,12.05,1
Black Mask Manganese Mine,-107.17338,34.37952,Geology associated with Socorro region,250000 tons,20-30% Mn,Rhyolite/Andesite,Popotosa Formation,Miocene,International/US Dataset,Surface Outcrop - Not Drilled,N/A - Surface Occurrence,N/A - Surface Sample Only,Rhyolite/Andesite (Observed at surface),1498,1877,2333,3035,4051,3459,1747.41,22.61,1
Negrohead Manganese Mine,-107.05670,34.00676,Geology associated with Socorro region,250000 tons,20-30% Mn,Rhyolite/Andesite,Popotosa Formation,Miocene,International/US Dataset,Surface Outcrop - Not Drilled,N/A - Surface Occurrence,N/A - Surface Sample Only,Rhyolite/Andesite (Observed at surface),686,975,1536,2120,3220,2859,1938.36,7.4,1
Grant County,-108.08281,32.83401,Geology associated with Grant region,100000 tons,15-35% Mn,Limestone,Lake Valley Limestone,Mississippian,International/US Dataset,Surface Outcrop - Not Drilled,N/A - Surface Occurrence,N/A - Surface Sample Only,Limestone (Observed at surface),889,1138,1400,1793,2035,1615,2047.56,19.44,1
Dean's Branch Prospect,-81.53982,36.77728,Geology associated with Virginia region,30000 tons,30-45% Mn,Clay/Quartzite,Shady Dolomite / Antietam Fm,Cambrian,International/US Dataset,Surface Outcrop - Not Drilled,N/A - Surface Occurrence,N/A - Surface Sample Only,Clay/Quartzite (Observed at surface),600,757,893,2073,1237,796,876.77,21.91,1
Hutton Mine,-81.51952,36.74758,Geology associated with Virginia region,30000 tons,30-45% Mn,Clay/Quartzite,Shady Dolomite / Antietam Fm,Cambrian,International/US Dataset,Surface Outcrop - Not Drilled,N/A - Surface Occurrence,N/A - Surface Sample Only,Clay/Quartzite (Observed at surface),6004,6292,6393,7037,851,761,804.81,4.64,1
Currin Valley Mines,-81.49982,36.79175,Geology associated with Virginia region,30000 tons,30-45% Mn,Clay/Quartzite,Shady Dolomite / Antietam Fm,Cambrian,International/US Dataset,Surface Outcrop - Not Drilled,N/A - Surface Occurrence,N/A - Surface Sample Only,Clay/Quartzite (Observed at surface),170,397,295,2667,853,417,897.89,11.74,1
Sherman Valley,-78.24781,40.09222,Hydrothermal/Sedimentary Deposit,15000 tons,15-25% Mn,Quartzite/Schist,Local Metamorphic/Sedimentary Sequence,Phanerozoic,International/US Dataset,Surface Outcrop - Not Drilled,N/A - Surface Occurrence,N/A - Surface Sample Only,Quartzite/Schist (Observed at surface),662,952,887,3010,2439,1409,376.5,9.65,1
West Ore Bank Mine,-82.51296,36.15339,Geology associated with Tennessee region,25000 tons,20-30% Mn,Chert/Clay,Shady Dolomite,Cambrian,International/US Dataset,Surface Outcrop - Not Drilled,N/A - Surface Occurrence,N/A - Surface Sample Only,Chert/Clay (Observed at surface),196,316,420,1609,1712,1015,771.13,21.33,1
Neely Mine,-81.73953,36.56618,Geology associated with Tennessee region,25000 tons,20-30% Mn,Chert/Clay,Shady Dolomite,Cambrian,International/US Dataset,Surface Outcrop - Not Drilled,N/A - Surface Occurrence,N/A - Surface Sample Only,Chert/Clay (Observed at surface),661,1098,920,3965,1278,630,834.82,9.16,1
Seaman No.1 Mine,-91.18203,37.10477,Geology associated with Missouri region,20000 tons,20-30% Mn,Rhyolite,St. Francois Mountains Volcanics,Mesoproterozoic,International/US Dataset,Surface Outcrop - Not Drilled,N/A - Surface Occurrence,N/A - Surface Sample Only,Rhyolite (Observed at surface),215,461,189,4346,1766,701,326.1,15.92,1
La Colorada Mine,-103.88378,23.48377,Hydrothermal/Sedimentary Deposit,15000 tons,15-25% Mn,Quartzite/Schist,Local Metamorphic/Sedimentary Sequence,Phanerozoic,International/US Dataset,Surface Outcrop - Not Drilled,N/A - Surface Occurrence,N/A - Surface Sample Only,Quartzite/Schist (Observed at surface),621,930,992,2839,2837,1986,2245.74,5.1,1
Dawson Deposit,-114.26301,34.39004,Geology associated with San Bernardino region,20000 tons,20-40% Mn,Fanglomerate/Volcanics,Local Tertiary Volcanics,Miocene,International/US Dataset,Surface Outcrop - Not Drilled,N/A - Surface Occurrence,N/A - Surface Sample Only,Fanglomerate/Volcanics (Observed at surface),1069,1361,1873,2148,2781,2584,157.2,11.69,1
Dixon Brothers Prospect,-119.61490,39.17050,Geology associated with Nevada region,100000 tons,15-30% Mn,Limestone/Dolomite,Highland Peak Fm,Cambrian,International/US Dataset,Surface Outcrop - Not Drilled,N/A - Surface Occurrence,N/A - Surface Sample Only,Limestone/Dolomite (Observed at surface),279,444,507,1788,1662,1172,1846.85,16.43,1
Urucum Mine,-57.54925,-19.13091,Hydrothermal/Sedimentary Deposit,15000 tons,15-25% Mn,Quartzite/Schist,Local Metamorphic/Sedimentary Sequence,Phanerozoic,International/US Dataset,Surface Outcrop - Not Drilled,N/A - Surface Occurrence,N/A - Surface Sample Only,Quartzite/Schist (Observed at surface),825,1161,1831,3003,4153,2853,100.64,0.89,1
La Unica Mine,-76.35832,20.14116,Geology associated with Cuba region,2000000 tons,40-45% Mn,Tuff/Limestone,Charco Redondo Formation,Paleogene,International/US Dataset,Surface Outcrop - Not Drilled,N/A - Surface Occurrence,N/A - Surface Sample Only,Tuff/Limestone (Observed at surface),419,803,605,4109,2495,1412,491.03,16.87,1
Kokko Mine,140.85976,43.14434,Geology associated with Hokkaido region,500000 tons,25-35% Mn,Green Tuff/Mudstone,Kunnui Formation,Miocene,International/US Dataset,Surface Outcrop - Not Drilled,N/A - Surface Occurrence,N/A - Surface Sample Only,Green Tuff/Mudstone (Observed at surface),324,769,314,6089,2337,1003,222.03,23.12,1
Northgate,-106.25278,40.93333,Geology associated with Colorado region,50000 tons,15-25% Mn,Rhyolite/Travertine,Browns Canyon Volcanics,Oligocene,International/US Dataset,Surface Outcrop - Not Drilled,N/A - Surface Occurrence,N/A - Surface Sample Only,Rhyolite/Travertine (Observed at surface),368,622,699,1599,2298,1788,2781.43,8.99,1
Hust Manganese Claim,-106.95998,32.54733,Hydrothermal/Sedimentary Deposit,15000 tons,15-25% Mn,Quartzite/Schist,Local Metamorphic/Sedimentary Sequence,Phanerozoic,International/US Dataset,Surface Outcrop - Not Drilled,N/A - Surface Occurrence,N/A - Surface Sample Only,Quartzite/Schist (Observed at surface),1279,1467,1974,2281,2572,2292,1330.19,12.16,1
COD Mine,-111.37929,31.65733,Hydrothermal/Sedimentary Deposit,15000 tons,15-25% Mn,Quartzite/Schist,Local Metamorphic/Sedimentary Sequence,Phanerozoic,International/US Dataset,Surface Outcrop - Not Drilled,N/A - Surface Occurrence,N/A - Surface Sample Only,Quartzite/Schist (Observed at surface),554,851,1021,2377,3042,2175,1126.88,10.5,1
Crescent Mine,-123.94333,48.07750,Geology associated with Clallam region,50000 tons,30-50% Mn,Basalt/Red Limestone,Crescent Formation,Eocene,International/US Dataset,Surface Outcrop - Not Drilled,N/A - Surface Occurrence,N/A - Surface Sample Only,Basalt/Red Limestone (Observed at surface),97,238,104,2119,861,333,378.68,19.78,1
W.T. Gray Mine,-91.61654,35.88429,Geology associated with Independence region,2000000 tons,25-45% Mn,Shale/Limestone,Cason Shale / Fernvale Fm,Ordovician,International/US Dataset,Surface Outcrop - Not Drilled,N/A - Surface Occurrence,N/A - Surface Sample Only,Shale/Limestone (Observed at surface),259,412,292,2575,1876,909,171.85,5.42,1
Big Muddy Mine,-90.66151,37.54727,Geology associated with Missouri region,20000 tons,20-30% Mn,Rhyolite,St. Francois Mountains Volcanics,Mesoproterozoic,International/US Dataset,Surface Outcrop - Not Drilled,N/A - Surface Occurrence,N/A - Surface Sample Only,Rhyolite (Observed at surface),310,451,296,3313,2161,880,379.57,5.94,1
Viola-Bromide Deposit,-96.53468,34.37952,Geology associated with Oklahoma region,12000 tons,15-25% Mn,Limestone/Shale,Hunton Group,Silurian-Devonian,International/US Dataset,Surface Outcrop - Not Drilled,N/A - Surface Occurrence,N/A - Surface Sample Only,Limestone/Shale (Observed at surface),357,607,528,2491,2500,1530,272.78,3.6,1
Aho Mine,-123.18080,38.53544,Hydrothermal/Sedimentary Deposit,15000 tons,15-25% Mn,Quartzite/Schist,Local Metamorphic/Sedimentary Sequence,Phanerozoic,International/US Dataset,Surface Outcrop - Not Drilled,N/A - Surface Occurrence,N/A - Surface Sample Only,Quartzite/Schist (Observed at surface),467,596,781,1714,2155,1563,354.37,20.87,1
Linser Mine,-123.63723,39.98429 ,Geology associated with Mendocino region,15000 tons,35-45% Mn,Radiolarian Chert,Franciscan Complex,Jurassic-Cretaceous,International/US Dataset,Surface Outcrop - Not Drilled,N/A - Surface Occurrence,N/A - Surface Sample Only,Radiolarian Chert (Observed at surface),168,298,195,2444,850,351,882.64,20.28,1
Lucky Bill Prospect,-123.10694,40.29124,Geology associated with Trinity region,15000 tons,35-45% Mn,Radiolarian Chert,Franciscan Complex,Jurassic-Cretaceous,International/US Dataset,Surface Outcrop - Not Drilled,N/A - Surface Occurrence,N/A - Surface Sample Only,Radiolarian Chert (Observed at surface),516,680,1022,1851,2424,1962,1268.8,16.39,1
Double A Mine,-123.27551,40.20675,Geology associated with Trinity region,15000 tons,35-45% Mn,Radiolarian Chert,Franciscan Complex,Jurassic-Cretaceous,International/US Dataset,Surface Outcrop - Not Drilled,N/A - Surface Occurrence,N/A - Surface Sample Only,Radiolarian Chert (Observed at surface),119,172,193,1242,1178,680,992.03,25.99,1
Blue Jay Mine,-123.24611,40.11235,Geology associated with Trinity region,15000 tons,35-45% Mn,Radiolarian Chert,Franciscan Complex,Jurassic-Cretaceous,International/US Dataset,Surface Outcrop - Not Drilled,N/A - Surface Occurrence,N/A - Surface Sample Only,Radiolarian Chert (Observed at surface),544,667,966,1643,2132,1701,1260.6,16.78,1
Tachgagalt,-6.83168,30.83293,Geology associated with Morocco region,10000000 tons,70-75% Mn,Dolomite,Cenomanian-Turonian Dolomites,Cretaceous,International/US Dataset,Surface Outcrop - Not Drilled,N/A - Surface Occurrence,N/A - Surface Sample Only,Dolomite (Observed at surface),1017,1437,1976,2222,2404,2136,1221.11,12.87,1
Las Cabesses Mine,1.29833,42.95501,Hydrothermal/Sedimentary Deposit,15000 tons,15-25% Mn,Quartzite/Schist,Local Metamorphic/Sedimentary Sequence,Phanerozoic,International/US Dataset,Surface Outcrop - Not Drilled,N/A - Surface Occurrence,N/A - Surface Sample Only,Quartzite/Schist (Observed at surface),73,279,145,2913,1665,727,900.79,12.91,1
Noda-Tamagawa Mine,139.44736,36.66938,Geology associated with Japan region,500000 tons,25-35% Mn,Green Tuff/Mudstone,Kunnui Formation,Miocene,International/US Dataset,Surface Outcrop - Not Drilled,N/A - Surface Occurrence,N/A - Surface Sample Only,Green Tuff/Mudstone (Observed at surface),180,308,364,1831,2285,1417,818.58,28.76,1
Miller Scheelite Claims Mine,-112.77718,38.36053,Geology associated with Utah region,75000 tons,15-25% Mn,Limestone/Dolomite,Oquirrh Group,Pennsylvanian-Permian,International/US Dataset,Surface Outcrop - Not Drilled,N/A - Surface Occurrence,N/A - Surface Sample Only,Limestone/Dolomite (Observed at surface),588,827,1028,2123,2441,1891,2003.46,6.89,1
Contact Mine,-108.37173,32.68401,Geology associated with Grant region,100000 tons,15-35% Mn,Limestone,Lake Valley Limestone,Mississippian,International/US Dataset,Surface Outcrop - Not Drilled,N/A - Surface Occurrence,N/A - Surface Sample Only,Limestone (Observed at surface),536,760,836,2386,2606,1690,1849.77,12.64,1
Talc Quarry (Talcville),-75.30959,44.30942,Hydrothermal/Sedimentary Deposit,15000 tons,15-25% Mn,Quartzite/Schist,Local Metamorphic/Sedimentary Sequence,Phanerozoic,International/US Dataset,Surface Outcrop - Not Drilled,N/A - Surface Occurrence,N/A - Surface Sample Only,Quartzite/Schist (Observed at surface),175,409,172,4016,1905,765,206.27,12.72,1
Mccaw-Nash Prospect,-91.02152,37.20227,Geology associated with Missouri region,20000 tons,20-30% Mn,Rhyolite,St. Francois Mountains Volcanics,Mesoproterozoic,International/US Dataset,Surface Outcrop - Not Drilled,N/A - Surface Occurrence,N/A - Surface Sample Only,Rhyolite (Observed at surface),210,580,192,4935,1707,712,303.16,12.34,1
Mohawk Mine,-117.81343,37.72911,Geology associated with Nevada region,100000 tons,15-30% Mn,Limestone/Dolomite,Highland Peak Fm,Cambrian,International/US Dataset,Surface Outcrop - Not Drilled,N/A - Surface Occurrence,N/A - Surface Sample Only,Limestone/Dolomite (Observed at surface),687,902,1195,1836,1921,1609,2524.02,17.49,1
Peace Manganese Prospect,-108.79229,31.58070,Geology associated with Hidalgo region,100000 tons,15-35% Mn,Limestone,Lake Valley Limestone,Mississippian,International/US Dataset,Surface Outcrop - Not Drilled,N/A - Surface Occurrence,N/A - Surface Sample Only,Limestone (Observed at surface),472,699,695,2542,2339,1579,2421.68,20.32,1
Ward Claims,-107.06998,32.55183,Hydrothermal/Sedimentary Deposit,15000 tons,15-25% Mn,Quartzite/Schist,Local Metamorphic/Sedimentary Sequence,Phanerozoic,International/US Dataset,Surface Outcrop - Not Drilled,N/A - Surface Occurrence,N/A - Surface Sample Only,Quartzite/Schist (Observed at surface),1093,1373,1821,2173,2466,2291,1453.38,6.02,1
Cliffside Mine,-107.12309,34.02231,Geology associated with Socorro region,250000 tons,20-30% Mn,Rhyolite/Andesite,Popotosa Formation,Miocene,International/US Dataset,Surface Outcrop - Not Drilled,N/A - Surface Occurrence,N/A - Surface Sample Only,Rhyolite/Andesite (Observed at surface),484,666,630,2236,1749,1043,2228.41,23.22,1
Black Diamond Mine,-108.20756,32.86817,Geology associated with Grant region,100000 tons,15-35% Mn,Limestone,Lake Valley Limestone,Mississippian,International/US Dataset,Surface Outcrop - Not Drilled,N/A - Surface Occurrence,N/A - Surface Sample Only,Limestone (Observed at surface),0,0,0,0,0,0,2158.54,22.62,1
Lucky Strike No.1,-106.99249,33.99149,Geology associated with Socorro region,250000 tons,20-30% Mn,Rhyolite/Andesite,Popotosa Formation,Miocene,International/US Dataset,Surface Outcrop - Not Drilled,N/A - Surface Occurrence,N/A - Surface Sample Only,Rhyolite/Andesite (Observed at surface),626,826,1087,1617,2012,1714,1751.14,14.42,1
Cliff Claim,-106.96920,33.95065,Geology associated with Socorro region,250000 tons,20-30% Mn,Rhyolite/Andesite,Popotosa Formation,Miocene,International/US Dataset,Surface Outcrop - Not Drilled,N/A - Surface Occurrence,N/A - Surface Sample Only,Rhyolite/Andesite (Observed at surface),1334,1689,2539,2883,3953,3577,1694.05,17.7,1
Red Hill Claims,-106.96139,33.95319,Geology associated with Socorro region,250000 tons,20-30% Mn,Rhyolite/Andesite,Popotosa Formation,Miocene,International/US Dataset,Surface Outcrop - Not Drilled,N/A - Surface Occurrence,N/A - Surface Sample Only,Rhyolite/Andesite (Observed at surface),1028,1301,1804,2323,3125,2912,1679.68,17.15,1
Scott Prospect,-81.94374,36.52068,Geology associated with Tennessee region,25000 tons,20-30% Mn,Chert/Clay,Shady Dolomite,Cambrian,International/US Dataset,Surface Outcrop - Not Drilled,N/A - Surface Occurrence,N/A - Surface Sample Only,Chert/Clay (Observed at surface),7312,7440,7552,8144,561,545,849.91,2.78,1
Death Valley Claims,-117.40739,36.50848,Hydrothermal/Sedimentary Deposit,15000 tons,15-25% Mn,Quartzite/Schist,Local Metamorphic/Sedimentary Sequence,Phanerozoic,International/US Dataset,Surface Outcrop - Not Drilled,N/A - Surface Occurrence,N/A - Surface Sample Only,Quartzite/Schist (Observed at surface),1144,1466,1908,2413,2856,2409,1289.86,8.12,1
Rinconada Mine,-120.47764,35.28941,Hydrothermal/Sedimentary Deposit,15000 tons,15-25% Mn,Quartzite/Schist,Local Metamorphic/Sedimentary Sequence,Phanerozoic,International/US Dataset,Surface Outcrop - Not Drilled,N/A - Surface Occurrence,N/A - Surface Sample Only,Quartzite/Schist (Observed at surface),341,535,495,2416,1760,913,578.11,20.98,1
Foster Mountain Mine,-123.17831,39.44069,Geology associated with Mendocino region,15000 tons,35-45% Mn,Radiolarian Chert,Franciscan Complex,Jurassic-Cretaceous,International/US Dataset,Surface Outcrop - Not Drilled,N/A - Surface Occurrence,N/A - Surface Sample Only,Radiolarian Chert (Observed at surface),177,287,255,1993,1641,1012,847.16,19.19,1
Yolla Bolly Mountain Claims,-122.99166,40.13679,Geology associated with Trinity region,15000 tons,35-45% Mn,Radiolarian Chert,Franciscan Complex,Jurassic-Cretaceous,International/US Dataset,Surface Outcrop - Not Drilled,N/A - Surface Occurrence,N/A - Surface Sample Only,Radiolarian Chert (Observed at surface),762,1052,1361,2202,2521,2035,1906.09,23.8,1
Shamberger Prospect,-121.16271,39.55099,Hydrothermal/Sedimentary Deposit,15000 tons,15-25% Mn,Quartzite/Schist,Local Metamorphic/Sedimentary Sequence,Phanerozoic,International/US Dataset,Surface Outcrop - Not Drilled,N/A - Surface Occurrence,N/A - Surface Sample Only,Quartzite/Schist (Observed at surface),210,318,194,2672,1017,442,1171.26,11.29,1
Binet,-121.15794,39.55018,Hydrothermal/Sedimentary Deposit,15000 tons,15-25% Mn,Quartzite/Schist,Local Metamorphic/Sedimentary Sequence,Phanerozoic,International/US Dataset,Surface Outcrop - Not Drilled,N/A - Surface Occurrence,N/A - Surface Sample Only,Quartzite/Schist (Observed at surface),202,311,205,2422,1418,749,1197.95,5.57,1
Tonopah Divide Mine,-117.24008,37.99688,Geology associated with Nevada region,100000 tons,15-30% Mn,Limestone/Dolomite,Highland Peak Fm,Cambrian,International/US Dataset,Surface Outcrop - Not Drilled,N/A - Surface Occurrence,N/A - Surface Sample Only,Limestone/Dolomite (Observed at surface),2428,2998,3398,3647,4876,3914,1875.51,8.91,1
Bluebell Mine,-116.86110,49.75987,Hydrothermal/Sedimentary Deposit,15000 tons,15-25% Mn,Quartzite/Schist,Local Metamorphic/Sedimentary Sequence,Phanerozoic,International/US Dataset,Surface Outcrop - Not Drilled,N/A - Surface Occurrence,N/A - Surface Sample Only,Quartzite/Schist (Observed at surface),2937,2710,2203,2944,1322,632,568.47,16.61,1
Kyurazawa Mine,139.34762,36.57772,Geology associated with Japan region,500000 tons,25-35% Mn,Green Tuff/Mudstone,Kunnui Formation,Miocene,International/US Dataset,Surface Outcrop - Not Drilled,N/A - Surface Occurrence,N/A - Surface Sample Only,Green Tuff/Mudstone (Observed at surface),145,263,440,1650,1684,944,914.08,28.44,1
Quinn Canyon Range,-118.67013,38.13576,Geology associated with Nevada region,100000 tons,15-30% Mn,Limestone/Dolomite,Highland Peak Fm,Cambrian,International/US Dataset,Surface Outcrop - Not Drilled,N/A - Surface Occurrence,N/A - Surface Sample Only,Limestone/Dolomite (Observed at surface),954,1165,1489,1974,2720,2246,2409.51,3.15,1
Greasy Cove,-82.21664,34.00015,Hydrothermal/Sedimentary Deposit,15000 tons,15-25% Mn,Quartzite/Schist,Local Metamorphic/Sedimentary Sequence,Phanerozoic,International/US Dataset,Surface Outcrop - Not Drilled,N/A - Surface Occurrence,N/A - Surface Sample Only,Quartzite/Schist (Observed at surface),261,422,324,2444,1409,662,141.13,1.79,1
White Oak Mountain Deposit,-84.98049,35.19872,Geology associated with Tennessee region,25000 tons,20-30% Mn,Chert/Clay,Shady Dolomite,Cambrian,International/US Dataset,Surface Outcrop - Not Drilled,N/A - Surface Occurrence,N/A - Surface Sample Only,Chert/Clay (Observed at surface),265,459,244,3177,1687,699,383.17,12.0,1
San Xavier Mine,-111.09652,31.97401,Hydrothermal/Sedimentary Deposit,15000 tons,15-25% Mn,Quartzite/Schist,Local Metamorphic/Sedimentary Sequence,Phanerozoic,International/US Dataset,Surface Outcrop - Not Drilled,N/A - Surface Occurrence,N/A - Surface Sample Only,Quartzite/Schist (Observed at surface),944,1141,1371,2299,3276,2744,1080.43,4.55,1
Graham County,-110.33398,32.98340,Hydrothermal/Sedimentary Deposit,15000 tons,15-25% Mn,Quartzite/Schist,Local Metamorphic/Sedimentary Sequence,Phanerozoic,International/US Dataset,Surface Outcrop - Not Drilled,N/A - Surface Occurrence,N/A - Surface Sample Only,Quartzite/Schist (Observed at surface),663,844,999,1998,2068,1428,1769.45,19.87,1
Moseley Creek No.4,-96.48418,34.47432,Geology associated with Oklahoma region,12000 tons,15-25% Mn,Limestone/Shale,Hunton Group,Silurian-Devonian,International/US Dataset,Surface Outcrop - Not Drilled,N/A - Surface Occurrence,N/A - Surface Sample Only,Limestone/Shale (Observed at surface),299,575,373,3005,2756,1568,255.89,5.29,1
Moseley Creek No.1,-96.47638,34.43702,Geology associated with Oklahoma region,12000 tons,15-25% Mn,Limestone/Shale,Hunton Group,Silurian-Devonian,International/US Dataset,Surface Outcrop - Not Drilled,N/A - Surface Occurrence,N/A - Surface Sample Only,Limestone/Shale (Observed at surface),270,518,294,3284,2075,927,234.16,4.17,1
Steep Rock Iron Mine,-91.64297,48.82310,Hydrothermal/Sedimentary Deposit,15000 tons,15-25% Mn,Quartzite/Schist,Local Metamorphic/Sedimentary Sequence,Phanerozoic,International/US Dataset,Surface Outcrop - Not Drilled,N/A - Surface Occurrence,N/A - Surface Sample Only,Quartzite/Schist (Observed at surface),909,1260,1451,2551,2697,2046,402.62,8.66,1
Deep Hollow Mine,-64.18244,45.15208,Geology associated with Nova Scotia region,10000 tons,30-40% Mn,Limestone/Shale,Macumber Formation / Windsor Group,Carboniferous,International/US Dataset,Surface Outcrop - Not Drilled,N/A - Surface Occurrence,N/A - Surface Sample Only,Limestone/Shale (Observed at surface),0,0,0,0,0,0,25.22,7.58,1
McCumber Mine (Macumber Mine),-64.18568,45.1551,Geology associated with Nova Scotia region,10000 tons,30-40% Mn,Limestone/Shale,Macumber Formation / Windsor Group,Carboniferous,International/US Dataset,Surface Outcrop - Not Drilled,N/A - Surface Occurrence,N/A - Surface Sample Only,Limestone/Shale (Observed at surface),0,0,0,0,0,0,8.58,5.74,1
New Ross Manganese Mine,-64.45338,44.84477,Geology associated with Nova Scotia region,10000 tons,30-40% Mn,Limestone/Shale,Macumber Formation / Windsor Group,Carboniferous,International/US Dataset,Surface Outcrop - Not Drilled,N/A - Surface Occurrence,N/A - Surface Sample Only,Limestone/Shale (Observed at surface),259,451,248,3411,1510,657,207.39,2.99,1
Nagatoyo Mine,140.07352,42.6808,Geology associated with Hokkaido region,500000 tons,25-35% Mn,Green Tuff/Mudstone,Kunnui Formation,Miocene,International/US Dataset,Surface Outcrop - Not Drilled,N/A - Surface Occurrence,N/A - Surface Sample Only,Green Tuff/Mudstone (Observed at surface),281,632,311,5205,2335,999,95.07,28.71,1
Ryubu Mine,139.89647,42.26382,Geology associated with Hokkaido region,500000 tons,25-35% Mn,Green Tuff/Mudstone,Kunnui Formation,Miocene,International/US Dataset,Surface Outcrop - Not Drilled,N/A - Surface Occurrence,N/A - Surface Sample Only,Green Tuff/Mudstone (Observed at surface),605,599,428,1799,859,444,253.05,17.01,1
Hatsune Mine,139.86678,42.37097,Geology associated with Hokkaido region,500000 tons,25-35% Mn,Green Tuff/Mudstone,Kunnui Formation,Miocene,International/US Dataset,Surface Outcrop - Not Drilled,N/A - Surface Occurrence,N/A - Surface Sample Only,Green Tuff/Mudstone (Observed at surface),119,216,101,2020,798,296,88.53,12.58,1
Bölet,14.52503,58.60999,Hydrothermal/Sedimentary Deposit,15000 tons,15-25% Mn,Quartzite/Schist,Local Metamorphic/Sedimentary Sequence,Phanerozoic,International/US Dataset,Surface Outcrop - Not Drilled,N/A - Surface Occurrence,N/A - Surface Sample Only,Quartzite/Schist (Observed at surface),423,528,418,2627,1524,751,158.15,5.91,1
Bald Knob Deposit,-81.08231,36.53898,Geology associated with North Carolina region,15000 tons,20-35% Mn,Gneiss/Schist,Ashe Metamorphic Suite,Neoproterozoic,International/US Dataset,Surface Outcrop - Not Drilled,N/A - Surface Occurrence,N/A - Surface Sample Only,Gneiss/Schist (Observed at surface),226,381,184,3752,1629,699,914.74,13.63,1
Welch Mine,-120.77738,35.27077,Hydrothermal/Sedimentary Deposit,15000 tons,15-25% Mn,Quartzite/Schist,Local Metamorphic/Sedimentary Sequence,Phanerozoic,International/US Dataset,Surface Outcrop - Not Drilled,N/A - Surface Occurrence,N/A - Surface Sample Only,Quartzite/Schist (Observed at surface),389,531,521,1716,2274,1442,301.24,14.42,1
Hale Creek Mine,-123.46862,40.36596,Geology associated with Trinity region,15000 tons,35-45% Mn,Radiolarian Chert,Franciscan Complex,Jurassic-Cretaceous,International/US Dataset,Surface Outcrop - Not Drilled,N/A - Surface Occurrence,N/A - Surface Sample Only,Radiolarian Chert (Observed at surface),366,526,580,2356,1413,852,1316.31,12.54,1
Mt. Bishop Mine,-121.09459,35.69776,Hydrothermal/Sedimentary Deposit,15000 tons,15-25% Mn,Quartzite/Schist,Local Metamorphic/Sedimentary Sequence,Phanerozoic,International/US Dataset,Surface Outcrop - Not Drilled,N/A - Surface Occurrence,N/A - Surface Sample Only,Quartzite/Schist (Observed at surface),249,491,334,2659,1468,781,842.8,16.44,1
Molango,-98.73361,20.83386,Geology associated with Hidalgo region,100000 tons,15-35% Mn,Limestone,Lake Valley Limestone,Mississippian,International/US Dataset,Outcrop to 400m+ depth,8 to 10 meters thick continuous bed,~27% Mn (Mn-carbonates),Calcareous siltstone and silty limestone,423,816,413,4026,2299,1145,1349.21,20.99,1
Braito Mine,-120.95272,40.07876,Geology associated with Plumas region,5000 tons,40-50% Mn,Metachert/Slate,Calaveras Complex,Paleozoic,International/US Dataset,Surface Outcrop - Not Drilled,N/A - Surface Occurrence,N/A - Surface Sample Only,Metachert/Slate (Observed at surface),150,412,347,2044,1345,779,1527.61,20.55,1
Farallón Negro,-66.74944, -27.41416,Geology associated with Argentina region,50000 tons,20-30% Mn,Granite/Pegmatite,Sierras Pampeanas Basement,Neoproterozoic,International/US Dataset,Surface Outcrop - Not Drilled,N/A - Surface Occurrence,N/A - Surface Sample Only,Granite/Pegmatite (Observed at surface),1138,1353,1697,1956,2341,2184,1952.64,5.73,1
Sambo Prospect,-113.05354,33.81200,Geology associated with Aguila region,50000 tons,15-20% Mn,Andesite/Tuff,Local Volcanics,Miocene,International/US Dataset,Surface Outcrop - Not Drilled,N/A - Surface Occurrence,N/A - Surface Sample Only,Andesite/Tuff (Observed at surface),0,0,0,0,0,0,705.04,9.73,1
Lions Den Mine,-113.27187,33.73589,Geology associated with Aguila region,50000 tons,15-20% Mn,Andesite/Tuff,Local Volcanics,Miocene,International/US Dataset,Surface Outcrop - Not Drilled,N/A - Surface Occurrence,N/A - Surface Sample Only,Andesite/Tuff (Observed at surface),681,841,1129,1519,2391,2207,616.03,13.36,1
Castle Creek Deposit,-112.35854,34.00196,Geology associated with Yavapai region,20000 tons,15-30% Mn,Schist/Volcanics,Yavapai Schist,Paleoproterozoic,International/US Dataset,Surface Outcrop - Not Drilled,N/A - Surface Occurrence,N/A - Surface Sample Only,Schist/Volcanics (Observed at surface),877,1166,1567,2218,3285,2517,846.06,17.12,1
Merritt Property,-79.30947,37.16840,Geology associated with Virginia region,30000 tons,30-45% Mn,Clay/Quartzite,Shady Dolomite / Antietam Fm,Cambrian,International/US Dataset,Surface Outcrop - Not Drilled,N/A - Surface Occurrence,N/A - Surface Sample Only,Clay/Quartzite (Observed at surface),244,394,213,3638,1685,661,239.02,7.44,1
Gird Creek Prospect,-113.19782,46.48709,Hydrothermal/Sedimentary Deposit,15000 tons,15-25% Mn,Quartzite/Schist,Local Metamorphic/Sedimentary Sequence,Phanerozoic,International/US Dataset,Surface Outcrop - Not Drilled,N/A - Surface Occurrence,N/A - Surface Sample Only,Quartzite/Schist (Observed at surface),669,861,1036,1984,2703,2045,1471.58,9.3,1
Salida,-106.07560,38.64722,Geology associated with Colorado region,50000 tons,15-25% Mn,Rhyolite/Travertine,Browns Canyon Volcanics,Oligocene,International/US Dataset,Surface Outcrop - Not Drilled,N/A - Surface Occurrence,N/A - Surface Sample Only,Rhyolite/Travertine (Observed at surface),549,741,0,1854,2093,1648,2356.24,7.66,1
Ouray Hot Spring,-107.66784,38.01780,Geology associated with Colorado region,50000 tons,15-25% Mn,Rhyolite/Travertine,Browns Canyon Volcanics,Oligocene,International/US Dataset,Surface Outcrop - Not Drilled,N/A - Surface Occurrence,N/A - Surface Sample Only,Rhyolite/Travertine (Observed at surface),586,783,923,2083,2208,1647,2452.19,13.75,1
Evans Limestone Quarry,-111.94635,40.44605,Geology associated with Utah region,75000 tons,15-25% Mn,Limestone/Dolomite,Oquirrh Group,Pennsylvanian-Permian,International/US Dataset,Surface Outcrop - Not Drilled,N/A - Surface Occurrence,N/A - Surface Sample Only,Limestone/Dolomite (Observed at surface),885,1122,1310,2263,2940,2335,1549.5,5.43,1
Orme Property,-111.95388,39.37136,Geology associated with Utah region,75000 tons,15-25% Mn,Limestone/Dolomite,Oquirrh Group,Pennsylvanian-Permian,International/US Dataset,Surface Outcrop - Not Drilled,N/A - Surface Occurrence,N/A - Surface Sample Only,Limestone/Dolomite (Observed at surface),1241,1576,1858,2651,3029,2612,1594.52,4.79,1
San Juan County,-109.4411839,38.3589496,Geology associated with Utah region,75000 tons,15-25% Mn,Limestone/Dolomite,Oquirrh Group,Pennsylvanian-Permian,International/US Dataset,Surface Outcrop - Not Drilled,N/A - Surface Occurrence,N/A - Surface Sample Only,Limestone/Dolomite (Observed at surface),1083,1632,2791,3679,4737,4526,1661.25,5.13,1
Manganese Valley Mine,-107.59198,32.20346,Geology associated with Luna region,50000 tons,20-40% Mn,Agglomerate,Little Florida Volcanics,Tertiary,International/US Dataset,Surface Outcrop - Not Drilled,N/A - Surface Occurrence,N/A - Surface Sample Only,Agglomerate (Observed at surface),835,1036,1396,2271,2597,2133,1399.4,21.69,1
Lake Valley Deposit,-107.56727,32.71679,Geology associated with Sierra region,100000 tons,15-35% Mn,Limestone,Lake Valley Limestone,Mississippian,International/US Dataset,Surface Outcrop - Not Drilled,N/A - Surface Occurrence,N/A - Surface Sample Only,Limestone (Observed at surface),1071,1375,1879,2415,3359,2985,1636.49,2.55,1
Morgan Mine,-107.07448,32.68622,Hydrothermal/Sedimentary Deposit,15000 tons,15-25% Mn,Quartzite/Schist,Local Metamorphic/Sedimentary Sequence,Phanerozoic,International/US Dataset,Surface Outcrop - Not Drilled,N/A - Surface Occurrence,N/A - Surface Sample Only,Quartzite/Schist (Observed at surface),829,1115,1614,2181,2307,2053,1290.35,11.85,1
Crooks No. 1 Claim,-104.24774,36.02145,Hydrothermal/Sedimentary Deposit,15000 tons,15-25% Mn,Quartzite/Schist,Local Metamorphic/Sedimentary Sequence,Phanerozoic,International/US Dataset,Surface Outcrop - Not Drilled,N/A - Surface Occurrence,N/A - Surface Sample Only,Quartzite/Schist (Observed at surface),881,1185,1445,2137,3714,2819,1842.13,0.65,1
Grasty Manganese Mine,-79.30808,37.16313,Geology associated with Virginia region,30000 tons,30-45% Mn,Clay/Quartzite,Shady Dolomite / Antietam Fm,Cambrian,International/US Dataset,Surface Outcrop - Not Drilled,N/A - Surface Occurrence,N/A - Surface Sample Only,Clay/Quartzite (Observed at surface),256,436,225,3229,1237,536,264.48,8.6,1
Wilson Hill Mine,-81.86928,36.37369,Geology associated with Tennessee region,25000 tons,20-30% Mn,Chert/Clay,Shady Dolomite,Cambrian,International/US Dataset,Surface Outcrop - Not Drilled,N/A - Surface Occurrence,N/A - Surface Sample Only,Chert/Clay (Observed at surface),186,358,575,1062,1723,1188,775.72,18.52,1
Stanley Mine,-78.51055,35.56004,Geology associated with Virginia region,30000 tons,30-45% Mn,Clay/Quartzite,Shady Dolomite / Antietam Fm,Cambrian,International/US Dataset,Surface Outcrop - Not Drilled,N/A - Surface Occurrence,N/A - Surface Sample Only,Clay/Quartzite (Observed at surface),264,374,187,2346,1139,428,77.83,4.45,1
Mt. Torry Tract,-78.99835,37.94449,Geology associated with Virginia region,30000 tons,30-45% Mn,Clay/Quartzite,Shady Dolomite / Antietam Fm,Cambrian,International/US Dataset,Surface Outcrop - Not Drilled,N/A - Surface Occurrence,N/A - Surface Sample Only,Clay/Quartzite (Observed at surface),255,538,244,3942,1837,726,602.37,12.55,1
Vesuvius Mine,-79.07474,37.95838,Geology associated with Virginia region,30000 tons,30-45% Mn,Clay/Quartzite,Shady Dolomite / Antietam Fm,Cambrian,International/US Dataset,Surface Outcrop - Not Drilled,N/A - Surface Occurrence,N/A - Surface Sample Only,Clay/Quartzite (Observed at surface),255,560,252,3991,1746,696,1023.92,6.69,1
Crimora Mine,-78.81750,38.13972,Geology associated with Virginia region,30000 tons,30-45% Mn,Clay/Quartzite,Shady Dolomite / Antietam Fm,Cambrian,International/US Dataset,Surface Outcrop - Not Drilled,N/A - Surface Occurrence,N/A - Surface Sample Only,Clay/Quartzite (Observed at surface),214,383,210,3758,1740,707,476.36,5.63,1
Susan Brummet Mine,-82.30485,36.21429,Geology associated with Tennessee region,25000 tons,20-30% Mn,Chert/Clay,Shady Dolomite,Cambrian,International/US Dataset,Surface Outcrop - Not Drilled,N/A - Surface Occurrence,N/A - Surface Sample Only,Chert/Clay (Observed at surface),205,271,307,1016,1256,905,702.57,7.52,1
Mineral Ridge Mine,-78.48666,39.03892,Geology associated with Virginia region,30000 tons,30-45% Mn,Clay/Quartzite,Shady Dolomite / Antietam Fm,Cambrian,International/US Dataset,Surface Outcrop - Not Drilled,N/A - Surface Occurrence,N/A - Surface Sample Only,Clay/Quartzite (Observed at surface),202,410,176,4517,1663,686,436.59,8.67,1
Piedmont Manganese Mine,-79.03947,37.36950,Geology associated with Virginia region,30000 tons,30-45% Mn,Clay/Quartzite,Shady Dolomite / Antietam Fm,Cambrian,International/US Dataset,Surface Outcrop - Not Drilled,N/A - Surface Occurrence,N/A - Surface Sample Only,Clay/Quartzite (Observed at surface),163,301,154,2276,1402,596,202.46,10.07,1
Gamer Propert,-110.71734,30.75016,Hydrothermal/Sedimentary Deposit,15000 tons,15-25% Mn,Quartzite/Schist,Local Metamorphic/Sedimentary Sequence,Phanerozoic,International/US Dataset,Surface Outcrop - Not Drilled,N/A - Surface Occurrence,N/A - Surface Sample Only,Quartzite/Schist (Observed at surface),353,668,619,2537,2459,1554,1116.01,8.84,1
Pichacho de la Candela,-105.55050,25.41703,Geology associated with Durango region,150000 tons,20-35% Mn,Andesite/Rhyolite,Lower Volcanic Supergroup,Eocene-Oligocene,International/US Dataset,Surface Outcrop - Not Drilled,N/A - Surface Occurrence,N/A - Surface Sample Only,Andesite/Rhyolite (Observed at surface),162,218,253,422,603,440,2936.2,14.99,1
Gavilan Mine,-116.16749,32.16676,Geology associated with Baja region,300000 tons,40-50% Mn,Tuffaceous Sandstone,Comondu Group,Miocene,International/US Dataset,Surface Outcrop - Not Drilled,N/A - Surface Occurrence,N/A - Surface Sample Only,Tuffaceous Sandstone (Observed at surface),694,952,1279,1842,3549,2942,1324.19,3.13,1
Owl Holes Deposit,-116.69809,35.64888,Geology associated with San Bernardino region,20000 tons,20-40% Mn,Fanglomerate/Volcanics,Local Tertiary Volcanics,Miocene,International/US Dataset,Surface Outcrop - Not Drilled,N/A - Surface Occurrence,N/A - Surface Sample Only,Fanglomerate/Volcanics (Observed at surface),1147,1510,1964,2216,2568,2210,765.0,2.41,1
Arlington-Blackjack Mine,-114.93411,33.82505,Geology associated with Riverside region,20000 tons,20-40% Mn,Fanglomerate/Volcanics,Local Tertiary Volcanics,Miocene,International/US Dataset,Surface Outcrop - Not Drilled,N/A - Surface Occurrence,N/A - Surface Sample Only,Fanglomerate/Volcanics (Observed at surface),967,1205,1624,1979,3398,3643,270.05,16.2,1
New Ross Manganese Mine,-64.44418,44.85128,Geology associated with Nova Scotia region,10000 tons,30-40% Mn,Limestone/Shale,Macumber Formation / Windsor Group,Carboniferous,International/US Dataset,Surface Outcrop - Not Drilled,N/A - Surface Occurrence,N/A - Surface Sample Only,Limestone/Shale (Observed at surface),265,413,237,2142,994,435,203.51,3.67,1
Stephen's Manganese Mine,-62.01281,45.22104,Geology associated with Nova Scotia region,10000 tons,30-40% Mn,Limestone/Shale,Macumber Formation / Windsor Group,Carboniferous,International/US Dataset,Surface Outcrop - Not Drilled,N/A - Surface Occurrence,N/A - Surface Sample Only,Limestone/Shale (Observed at surface),207,386,183,3804,1622,637,15.36,3.03,1
Los Hoyos,-64.11972,-29.86444,Geology associated with Argentina region,50000 tons,20-30% Mn,Granite/Pegmatite,Sierras Pampeanas Basement,Neoproterozoic,International/US Dataset,Surface Outcrop - Not Drilled,N/A - Surface Occurrence,N/A - Surface Sample Only,Granite/Pegmatite (Observed at surface),353,531,587,1365,2192,1554,738.62,3.75,1
Santa Cruz Mine,-68.38276,-35.96415,Geology associated with Argentina region,50000 tons,20-30% Mn,Granite/Pegmatite,Sierras Pampeanas Basement,Neoproterozoic,International/US Dataset,Surface Outcrop - Not Drilled,N/A - Surface Occurrence,N/A - Surface Sample Only,Granite/Pegmatite (Observed at surface),521,722,961,1320,2055,1667,1520.65,8.16,1
Argentina,-64.96598,-40.74755,Geology associated with Argentina region,50000 tons,20-30% Mn,Granite/Pegmatite,Sierras Pampeanas Basement,Neoproterozoic,International/US Dataset,Surface Outcrop - Not Drilled,N/A - Surface Occurrence,N/A - Surface Sample Only,Granite/Pegmatite (Observed at surface),937,1271,1531,2542,2493,2098,10.04,3.22,1
"""La Santiagueña""",-64.03265,-29.44744,Geology associated with Argentina region,50000 tons,20-30% Mn,Granite/Pegmatite,Sierras Pampeanas Basement,Neoproterozoic,International/US Dataset,Surface Outcrop - Not Drilled,N/A - Surface Occurrence,N/A - Surface Sample Only,Granite/Pegmatite (Observed at surface),0,0,0,0,0,0,394.79,1.37,1
Pirika Mine,140.17604,42.49237,Geology associated with Hokkaido region,500000 tons,25-35% Mn,Green Tuff/Mudstone,Kunnui Formation,Miocene,International/US Dataset,Surface Outcrop - Not Drilled,N/A - Surface Occurrence,N/A - Surface Sample Only,Green Tuff/Mudstone (Observed at surface),291,526,249,3970,2304,1005,370.67,5.6,1
Tanaka Manganese Mine,139.88189,42.34075,Geology associated with Hokkaido region,500000 tons,25-35% Mn,Green Tuff/Mudstone,Kunnui Formation,Miocene,International/US Dataset,Surface Outcrop - Not Drilled,N/A - Surface Occurrence,N/A - Surface Sample Only,Green Tuff/Mudstone (Observed at surface),168,354,184,3931,2126,866,85.55,6.12,1
Oshima Mine,140.24127,41.58717,Geology associated with Hokkaido region,500000 tons,25-35% Mn,Green Tuff/Mudstone,Kunnui Formation,Miocene,International/US Dataset,Surface Outcrop - Not Drilled,N/A - Surface Occurrence,N/A - Surface Sample Only,Green Tuff/Mudstone (Observed at surface),443,674,750,2262,2156,1392,292.44,22.63,1
Otaru-Matsukura Mine,140.97091,43.1104,Geology associated with Hokkaido region,500000 tons,25-35% Mn,Green Tuff/Mudstone,Kunnui Formation,Miocene,International/US Dataset,Surface Outcrop - Not Drilled,N/A - Surface Occurrence,N/A - Surface Sample Only,Green Tuff/Mudstone (Observed at surface),198,455,193,4102,1946,770,497.34,19.18,1
Wakasa Mine,143.68542,43.95056,Geology associated with Hokkaido region,500000 tons,25-35% Mn,Green Tuff/Mudstone,Kunnui Formation,Miocene,International/US Dataset,Surface Outcrop - Not Drilled,N/A - Surface Occurrence,N/A - Surface Sample Only,Green Tuff/Mudstone (Observed at surface),330,414,539,1642,2041,1400,263.09,13.51,1
Meppu Mine,140.10383,42.45671,Geology associated with Hokkaido region,500000 tons,25-35% Mn,Green Tuff/Mudstone,Kunnui Formation,Miocene,International/US Dataset,Surface Outcrop - Not Drilled,N/A - Surface Occurrence,N/A - Surface Sample Only,Green Tuff/Mudstone (Observed at surface),193,388,206,3643,2157,908,127.27,13.11,1
Kembang Mine,110.19957,-7.77766,Hydrothermal/Sedimentary Deposit,15000 tons,15-25% Mn,Quartzite/Schist,Local Metamorphic/Sedimentary Sequence,Phanerozoic,International/US Dataset,Surface Outcrop - Not Drilled,N/A - Surface Occurrence,N/A - Surface Sample Only,Quartzite/Schist (Observed at surface),451,566,475,2717,1865,1091,113.66,11.44,1
Karangnunggal Mine,107.99963,-7.59768 ,Hydrothermal/Sedimentary Deposit,15000 tons,15-25% Mn,Quartzite/Schist,Local Metamorphic/Sedimentary Sequence,Phanerozoic,International/US Dataset,Surface Outcrop - Not Drilled,N/A - Surface Occurrence,N/A - Surface Sample Only,Quartzite/Schist (Observed at surface),343,533,294,2939,1962,911,458.73,16.03,1
Buenaventura,-106.79389,29.69910,Geology associated with Chihuahua region,500000 tons,20-30% Mn,Rhyolite,Tertiary Volcanics,Oligocene,International/US Dataset,Surface Outcrop - Not Drilled,N/A - Surface Occurrence,N/A - Surface Sample Only,Rhyolite (Observed at surface),875,1116,1582,2156,3477,2858,1747.71,10.34,1
Blythe Manganese Deposit,-121.15854,39.54928,Geology associated with Riverside region,20000 tons,20-40% Mn,Fanglomerate/Volcanics,Local Tertiary Volcanics,Miocene,International/US Dataset,Surface Outcrop - Not Drilled,N/A - Surface Occurrence,N/A - Surface Sample Only,Fanglomerate/Volcanics (Observed at surface),209,276,268,1797,927,473,1188.25,7.81,1
Ramboz Mine,-110.77263,33.45591,Geology associated with Globe region,25000 tons,20-35% Mn,Diabase/Limestone,Apache Group,Precambrian,International/US Dataset,Surface Outcrop - Not Drilled,N/A - Surface Occurrence,N/A - Surface Sample Only,Diabase/Limestone (Observed at surface),563,813,1082,1765,2570,1971,1340.84,13.55,1
Araña Mine,-105.93384,24.10041,Geology associated with Durango region,150000 tons,20-35% Mn,Andesite/Rhyolite,Lower Volcanic Supergroup,Eocene-Oligocene,International/US Dataset,Surface Outcrop - Not Drilled,N/A - Surface Occurrence,N/A - Surface Sample Only,Andesite/Rhyolite (Observed at surface),1388,1675,2031,2379,2687,2156,515.08,17.73,1
Thompson Claim,-111.70251,42.33322,Geology associated with Clallam region,50000 tons,30-50% Mn,Basalt/Red Limestone,Crescent Formation,Eocene,International/US Dataset,Surface Outcrop - Not Drilled,N/A - Surface Occurrence,N/A - Surface Sample Only,Basalt/Red Limestone (Observed at surface),502,689,808,1569,2647,1919,1662.45,8.88,1
Mason Mountain Rhodolite Mine,-83.39129,35.20341,Geology associated with Mason region,50000 tons,30-50% Mn,Basalt/Red Limestone,Crescent Formation,Eocene,International/US Dataset,Surface Outcrop - Not Drilled,N/A - Surface Occurrence,N/A - Surface Sample Only,Basalt/Red Limestone (Observed at surface),231,437,252,2930,1537,674,654.93,10.29,1
Betts Manganese Mines,-72.94732,42.49526,Geology associated with Massachusetts region,10000 tons,15-25% Mn,Schist,Hawley Formation,Ordovician,International/US Dataset,Surface Outcrop - Not Drilled,N/A - Surface Occurrence,N/A - Surface Sample Only,Schist (Observed at surface),218,446,216,4230,1712,689,460.85,7.99,1
Purple Sage Deposit,-118.37401,34.54361,Hydrothermal/Sedimentary Deposit,15000 tons,15-25% Mn,Quartzite/Schist,Local Metamorphic/Sedimentary Sequence,Phanerozoic,International/US Dataset,Surface Outcrop - Not Drilled,N/A - Surface Occurrence,N/A - Surface Sample Only,Quartzite/Schist (Observed at surface),336,581,690,1974,2191,1418,923.38,20.88,1
Dorn Mine,-82.29125,33.91904,Geology associated with North Carolina region,15000 tons,20-35% Mn,Gneiss/Schist,Ashe Metamorphic Suite,Neoproterozoic,International/US Dataset,Surface Outcrop - Not Drilled,N/A - Surface Occurrence,N/A - Surface Sample Only,Gneiss/Schist (Observed at surface),462,621,706,2554,2047,1188,155.29,8.35,1
Mitchell County,-82.13315,35.93339,Geology associated with North Carolina region,15000 tons,20-35% Mn,Gneiss/Schist,Ashe Metamorphic Suite,Neoproterozoic,International/US Dataset,Surface Outcrop - Not Drilled,N/A - Surface Occurrence,N/A - Surface Sample Only,Gneiss/Schist (Observed at surface),338,854,320,4343,1916,892,815.57,19.35,1
Wheatley Mine,-79.59754,37.17507,Geology associated with Virginia region,30000 tons,30-45% Mn,Clay/Quartzite,Shady Dolomite / Antietam Fm,Cambrian,International/US Dataset,Surface Outcrop - Not Drilled,N/A - Surface Occurrence,N/A - Surface Sample Only,Clay/Quartzite (Observed at surface),284,502,253,3971,1757,782,252.98,7.26,1
Freeman Mine,-80.84370,36.42588,Geology associated with North Carolina region,15000 tons,20-35% Mn,Gneiss/Schist,Ashe Metamorphic Suite,Neoproterozoic,International/US Dataset,Surface Outcrop - Not Drilled,N/A - Surface Occurrence,N/A - Surface Sample Only,Gneiss/Schist (Observed at surface),322,492,255,3534,1724,734,400.39,12.52,1
Shooting Creek Deposit,-83.74990,35.05011,Geology associated with North Carolina region,15000 tons,20-35% Mn,Gneiss/Schist,Ashe Metamorphic Suite,Neoproterozoic,International/US Dataset,Surface Outcrop - Not Drilled,N/A - Surface Occurrence,N/A - Surface Sample Only,Gneiss/Schist (Observed at surface),261,465,226,4004,2041,848,691.45,12.52,1
Higdon Mountain,-83.29158,35.17451,Geology associated with North Carolina region,15000 tons,20-35% Mn,Gneiss/Schist,Ashe Metamorphic Suite,Neoproterozoic,International/US Dataset,Surface Outcrop - Not Drilled,N/A - Surface Occurrence,N/A - Surface Sample Only,Gneiss/Schist (Observed at surface),186,477,214,3848,1861,759,737.39,16.78,1
Hawley Mine,-72.92452,42.59998,Geology associated with Massachusetts region,10000 tons,15-25% Mn,Schist,Hawley Formation,Ordovician,International/US Dataset,Surface Outcrop - Not Drilled,N/A - Surface Occurrence,N/A - Surface Sample Only,Schist (Observed at surface),233,473,220,3914,2010,819,387.36,16.67,1
Nelson Prospect,-78.47555,39.04947,Geology associated with Virginia region,30000 tons,30-45% Mn,Clay/Quartzite,Shady Dolomite / Antietam Fm,Cambrian,International/US Dataset,Surface Outcrop - Not Drilled,N/A - Surface Occurrence,N/A - Surface Sample Only,Clay/Quartzite (Observed at surface),170,411,185,3890,1705,727,405.9,12.53,1
Burgin Kenecott Mine,-112.04523,39.95023,Geology associated with Utah region,75000 tons,15-25% Mn,Limestone/Dolomite,Oquirrh Group,Pennsylvanian-Permian,International/US Dataset,Surface Outcrop - Not Drilled,N/A - Surface Occurrence,N/A - Surface Sample Only,Limestone/Dolomite (Observed at surface),1515,1777,2167,2561,2620,2258,1711.23,8.76,1
Van Leer Mine,-87.60641,35.03291,Geology associated with Tennessee region,25000 tons,20-30% Mn,Chert/Clay,Shady Dolomite,Cambrian,International/US Dataset,Surface Outcrop - Not Drilled,N/A - Surface Occurrence,N/A - Surface Sample Only,Chert/Clay (Observed at surface),360,542,629,1602,1747,1107,262.98,6.36,1
Shamrock Manganese,-122.97670,42.59732,Hydrothermal/Sedimentary Deposit,15000 tons,15-25% Mn,Quartzite/Schist,Local Metamorphic/Sedimentary Sequence,Phanerozoic,International/US Dataset,Surface Outcrop - Not Drilled,N/A - Surface Occurrence,N/A - Surface Sample Only,Quartzite/Schist (Observed at surface),37,110,58,1230,739,339,572.55,23.45,1
Sussex County,-74.58292,41.10000,Hydrothermal/Sedimentary Deposit,15000 tons,15-25% Mn,Quartzite/Schist,Local Metamorphic/Sedimentary Sequence,Phanerozoic,International/US Dataset,Surface Outcrop - Not Drilled,N/A - Surface Occurrence,N/A - Surface Sample Only,Quartzite/Schist (Observed at surface),515,676,536,3351,2182,1035,165.96,0.97,1
Blue Hill Manganese Mine,-68.58876,44.43435,Geology associated with Maine region,350000 tons,10-20% Mn,Slate/Phyllite,Aroostook-Matapedia Belt,Silurian,International/US Dataset,Surface Outcrop - Not Drilled,N/A - Surface Occurrence,N/A - Surface Sample Only,Slate/Phyllite (Observed at surface),197,331,194,1843,844,399,268.81,11.29,1
Betts Manganese Mines,-72.94730,42.49526,Geology associated with Massachusetts region,10000 tons,15-25% Mn,Schist,Hawley Formation,Ordovician,International/US Dataset,Surface Outcrop - Not Drilled,N/A - Surface Occurrence,N/A - Surface Sample Only,Schist (Observed at surface),218,446,216,4230,1712,689,460.85,7.99,1
Kellogg Mine,-120.65907,38.05408,Geology associated with Calaveras region,5000 tons,40-50% Mn,Metachert/Slate,Calaveras Complex,Paleozoic,International/US Dataset,Surface Outcrop - Not Drilled,N/A - Surface Occurrence,N/A - Surface Sample Only,Metachert/Slate (Observed at surface),731,978,1263,2316,2739,1671,648.05,24.53,1
Smith Mine,-121.10993,39.02459,Geology associated with Nevada region,100000 tons,15-30% Mn,Limestone/Dolomite,Highland Peak Fm,Cambrian,International/US Dataset,Surface Outcrop - Not Drilled,N/A - Surface Occurrence,N/A - Surface Sample Only,Limestone/Dolomite (Observed at surface),936,1254,1846,3000,3219,1984,433.98,5.72,1
Lubanko Mine,-120.74824,38.47018,Geology associated with Amador region,5000 tons,40-50% Mn,Metachert/Slate,Calaveras Complex,Paleozoic,International/US Dataset,Surface Outcrop - Not Drilled,N/A - Surface Occurrence,N/A - Surface Sample Only,Metachert/Slate (Observed at surface),336,536,565,2521,1869,1035,458.12,26.12,1
Germolis Mine,-120.75658,38.47684,Geology associated with Amador region,5000 tons,40-50% Mn,Metachert/Slate,Calaveras Complex,Paleozoic,International/US Dataset,Surface Outcrop - Not Drilled,N/A - Surface Occurrence,N/A - Surface Sample Only,Metachert/Slate (Observed at surface),192,350,245,1992,1314,623,509.76,14.71,1
Sonoma Mine,-122.98025,38.54368,Hydrothermal/Sedimentary Deposit,15000 tons,15-25% Mn,Quartzite/Schist,Local Metamorphic/Sedimentary Sequence,Phanerozoic,International/US Dataset,Surface Outcrop - Not Drilled,N/A - Surface Occurrence,N/A - Surface Sample Only,Quartzite/Schist (Observed at surface),200,387,232,2600,1013,534,163.95,21.34,1
Charco Redondo Mine,-76.41915,20.24337,Geology associated with Cuba region,2000000 tons,40-45% Mn,Tuff/Limestone,Charco Redondo Formation,Paleogene,International/US Dataset,Surface Outcrop - Not Drilled,N/A - Surface Occurrence,N/A - Surface Sample Only,Tuff/Limestone (Observed at surface),261,600,339,3874,1950,818,242.48,9.07,1
Sonsela Butte Deposit,-109.05177,36.09586,Hydrothermal/Sedimentary Deposit,15000 tons,15-25% Mn,Quartzite/Schist,Local Metamorphic/Sedimentary Sequence,Phanerozoic,International/US Dataset,Surface Outcrop - Not Drilled,N/A - Surface Occurrence,N/A - Surface Sample Only,Quartzite/Schist (Observed at surface),623,955,1563,2410,2996,2716,2320.42,18.72,1
Santa-Rosa Mine,-111.76041,32.64620,Geology associated with Pinal region,5000 tons,15-25% Mn,Volcanic breccia,Tertiary Volcanics,Tertiary,International/US Dataset,Surface Outcrop - Not Drilled,N/A - Surface Occurrence,N/A - Surface Sample Only,Volcanic breccia (Observed at surface),1442,1724,2308,2690,3560,3343,503.83,2.37,1
Black Jewel Claim,-111.77793,32.72732,Geology associated with Pinal region,5000 tons,15-25% Mn,Volcanic breccia,Tertiary Volcanics,Tertiary,International/US Dataset,Surface Outcrop - Not Drilled,N/A - Surface Occurrence,N/A - Surface Sample Only,Volcanic breccia (Observed at surface),1342,1553,1991,2212,2374,2221,460.49,9.35,1
Teller Mine,-111.76627,32.64538,Geology associated with Pinal region,5000 tons,15-25% Mn,Volcanic breccia,Tertiary Volcanics,Tertiary,International/US Dataset,Surface Outcrop - Not Drilled,N/A - Surface Occurrence,N/A - Surface Sample Only,Volcanic breccia (Observed at surface),1293,1558,2021,2383,3006,2823,502.23,3.56,1
Swingle Claim,-110.51957,32.80788,Geology associated with Pinal region,5000 tons,15-25% Mn,Volcanic breccia,Tertiary Volcanics,Tertiary,International/US Dataset,Surface Outcrop - Not Drilled,N/A - Surface Occurrence,N/A - Surface Sample Only,Volcanic breccia (Observed at surface),876,1078,1362,2112,2801,2333,1386.79,20.64,1
Barbee Claims,-113.56968,34.34504,Geology associated with Mohave region,200000000 tons,3-4% Mn,Sandstone/Conglomerate,Chapin Wash Fm,Miocene,International/US Dataset,Surface Outcrop - Not Drilled,N/A - Surface Occurrence,N/A - Surface Sample Only,Sandstone/Conglomerate (Observed at surface),1351,1685,2192,2590,3480,3130,455.68,8.01,1
Bush Claim,-109.71759,32.45067,Hydrothermal/Sedimentary Deposit,15000 tons,15-25% Mn,Quartzite/Schist,Local Metamorphic/Sedimentary Sequence,Phanerozoic,International/US Dataset,Surface Outcrop - Not Drilled,N/A - Surface Occurrence,N/A - Surface Sample Only,Quartzite/Schist (Observed at surface),737,1088,1447,2793,3165,2350,1484.96,11.93,1
Long Valley Claim,-111.30151,34.60475,Hydrothermal/Sedimentary Deposit,15000 tons,15-25% Mn,Quartzite/Schist,Local Metamorphic/Sedimentary Sequence,Phanerozoic,International/US Dataset,Surface Outcrop - Not Drilled,N/A - Surface Occurrence,N/A - Surface Sample Only,Quartzite/Schist (Observed at surface),439,635,643,1841,1917,1263,2159.36,3.55,1
Atkins Mine,-113.07993,33.78450,Geology associated with Aguila region,50000 tons,15-20% Mn,Andesite/Tuff,Local Volcanics,Miocene,International/US Dataset,Surface Outcrop - Not Drilled,N/A - Surface Occurrence,N/A - Surface Sample Only,Andesite/Tuff (Observed at surface),1385,1902,2495,2981,3855,3435,693.88,5.78,1
Black Hawk Mine,-113.17186,33.70616,Geology associated with Aguila region,50000 tons,15-20% Mn,Andesite/Tuff,Local Volcanics,Miocene,International/US Dataset,Surface Outcrop - Not Drilled,N/A - Surface Occurrence,N/A - Surface Sample Only,Andesite/Tuff (Observed at surface),1302,1761,2343,2803,3643,3415,650.98,3.36,1
Wisconsin Prospect,-113.21656,33.72786,Geology associated with Aguila region,50000 tons,15-20% Mn,Andesite/Tuff,Local Volcanics,Miocene,International/US Dataset,Surface Outcrop - Not Drilled,N/A - Surface Occurrence,N/A - Surface Sample Only,Andesite/Tuff (Observed at surface),1209,1547,1964,2417,3112,2748,641.0,9.0,1
Pansy Mine,-113.13966,33.76446,Geology associated with Aguila region,50000 tons,15-20% Mn,Andesite/Tuff,Local Volcanics,Miocene,International/US Dataset,Surface Outcrop - Not Drilled,N/A - Surface Occurrence,N/A - Surface Sample Only,Andesite/Tuff (Observed at surface),1420,1716,2034,2357,3444,3177,726.85,4.89,1
Black Queen Mine,-113.23606,33.75426,Geology associated with Aguila region,50000 tons,15-20% Mn,Andesite/Tuff,Local Volcanics,Miocene,International/US Dataset,Surface Outcrop - Not Drilled,N/A - Surface Occurrence,N/A - Surface Sample Only,Andesite/Tuff (Observed at surface),1119,1493,2003,2449,3501,3122,617.41,3.49,1
Black Rock,-113.17687,33.73950,Geology associated with Aguila region,50000 tons,15-20% Mn,Andesite/Tuff,Local Volcanics,Miocene,International/US Dataset,Surface Outcrop - Not Drilled,N/A - Surface Occurrence,N/A - Surface Sample Only,Andesite/Tuff (Observed at surface),1111,1376,1761,2076,2854,2617,746.93,14.33,1
Danville and Hanchette Claim,-112.9976477,33.6750389,Geology associated with Aguila region,50000 tons,15-20% Mn,Andesite/Tuff,Local Volcanics,Miocene,International/US Dataset,Surface Outcrop - Not Drilled,N/A - Surface Occurrence,N/A - Surface Sample Only,Andesite/Tuff (Observed at surface),1083,1417,1976,2479,3667,3201,739.62,21.82,1
Aguila District,-113.2201003,33.7898381,Geology associated with Aguila region,50000 tons,15-20% Mn,Andesite/Tuff,Local Volcanics,Miocene,International/US Dataset,Surface Outcrop - Not Drilled,N/A - Surface Occurrence,N/A - Surface Sample Only,Andesite/Tuff (Observed at surface),689,1017,1335,2347,3780,3127,634.67,1.13,1
Maricopa County,-113.1157223,33.7752387,Geology associated with Maricopa region,50000 tons,15-20% Mn,Andesite/Tuff,Local Volcanics,Miocene,International/US Dataset,Surface Outcrop - Not Drilled,N/A - Surface Occurrence,N/A - Surface Sample Only,Andesite/Tuff (Observed at surface),740,953,1273,1595,2202,2043,722.22,2.73,1
Maricopa County,-113.1070243,33.7679609,Geology associated with Maricopa region,50000 tons,15-20% Mn,Andesite/Tuff,Local Volcanics,Miocene,International/US Dataset,Surface Outcrop - Not Drilled,N/A - Surface Occurrence,N/A - Surface Sample Only,Andesite/Tuff (Observed at surface),601,778,967,1526,2181,1974,748.82,10.42,1
Apache Mine,-110.69099,33.78617,Geology associated with Aguila region,50000 tons,15-20% Mn,Andesite/Tuff,Local Volcanics,Miocene,International/US Dataset,Surface Outcrop - Not Drilled,N/A - Surface Occurrence,N/A - Surface Sample Only,Andesite/Tuff (Observed at surface),804,1148,1410,2546,3033,2357,1023.8,16.74,1
Black Bear Mine,-111.49320,32.02842,Geology associated with Aguila region,50000 tons,15-20% Mn,Andesite/Tuff,Local Volcanics,Miocene,International/US Dataset,Surface Outcrop - Not Drilled,N/A - Surface Occurrence,N/A - Surface Sample Only,Andesite/Tuff (Observed at surface),987,1566,2340,3105,4466,3993,903.47,1.81,1
Valley View Claim,-113.11187,33.76534,Geology associated with Aguila region,50000 tons,15-20% Mn,Andesite/Tuff,Local Volcanics,Miocene,International/US Dataset,Surface Outcrop - Not Drilled,N/A - Surface Occurrence,N/A - Surface Sample Only,Andesite/Tuff (Observed at surface),676,856,1099,1609,2218,1973,753.53,11.71,1
Maggie 1-A-Adit,-113.65078,34.34724,Geology associated with Artillery region,200000000 tons,3-4% Mn,Sandstone/Conglomerate,Chapin Wash Fm,Miocene,International/US Dataset,Surface Outcrop - Not Drilled,N/A - Surface Occurrence,N/A - Surface Sample Only,Sandstone/Conglomerate (Observed at surface),0,0,0,0,0,0,662.56,23.33,1
Black Bart,-113.16826,33.73256,Geology associated with Aguila region,50000 tons,15-20% Mn,Andesite/Tuff,Local Volcanics,Miocene,International/US Dataset,Surface Outcrop - Not Drilled,N/A - Surface Occurrence,N/A - Surface Sample Only,Andesite/Tuff (Observed at surface),952,1279,1547,1926,3127,2947,705.99,7.89,1
Snowball Mine,-113.31567,33.65256,Geology associated with Aguila region,50000 tons,15-20% Mn,Andesite/Tuff,Local Volcanics,Miocene,International/US Dataset,Surface Outcrop - Not Drilled,N/A - Surface Occurrence,N/A - Surface Sample Only,Andesite/Tuff (Observed at surface),1580,2090,2734,3181,4452,4113,475.46,0.8,1
Tarr and Harper Mine,-110.73179,32.83760,Geology associated with Pinal region,5000 tons,15-25% Mn,Volcanic breccia,Tertiary Volcanics,Tertiary,International/US Dataset,Surface Outcrop - Not Drilled,N/A - Surface Occurrence,N/A - Surface Sample Only,Volcanic breccia (Observed at surface),596,875,1176,1722,2539,2105,708.16,14.56,1
Jolly Roger Mine,-113.96298,33.96755,Hydrothermal/Sedimentary Deposit,15000 tons,15-25% Mn,Quartzite/Schist,Local Metamorphic/Sedimentary Sequence,Phanerozoic,International/US Dataset,Surface Outcrop - Not Drilled,N/A - Surface Occurrence,N/A - Surface Sample Only,Quartzite/Schist (Observed at surface),1632,2115,2673,2966,3901,3679,329.58,0.76,1
Luckie No.1 Fluorite Claim,-109.05453,32.84789,Hydrothermal/Sedimentary Deposit,15000 tons,15-25% Mn,Quartzite/Schist,Local Metamorphic/Sedimentary Sequence,Phanerozoic,International/US Dataset,Surface Outcrop - Not Drilled,N/A - Surface Occurrence,N/A - Surface Sample Only,Quartzite/Schist (Observed at surface),1004,1248,1676,2230,2359,1974,1426.14,10.91,1
New Dominion Mine,-110.78902,33.42591,Geology associated with Gila region,25000 tons,20-35% Mn,Diabase/Limestone,Apache Group,Precambrian,International/US Dataset,Surface Outcrop - Not Drilled,N/A - Surface Occurrence,N/A - Surface Sample Only,Diabase/Limestone (Observed at surface),657,959,1351,2142,2692,2182,1214.92,12.85,1
War Eagle Group,-113.97358,34.21864,Hydrothermal/Sedimentary Deposit,15000 tons,15-25% Mn,Quartzite/Schist,Local Metamorphic/Sedimentary Sequence,Phanerozoic,International/US Dataset,Surface Outcrop - Not Drilled,N/A - Surface Occurrence,N/A - Surface Sample Only,Quartzite/Schist (Observed at surface),592,737,1104,1320,2188,2185,397.73,25.72,1
North Rambo Mine,-110.77239,33.45838,Geology associated with Globe region,25000 tons,20-35% Mn,Diabase/Limestone,Apache Group,Precambrian,International/US Dataset,Surface Outcrop - Not Drilled,N/A - Surface Occurrence,N/A - Surface Sample Only,Diabase/Limestone (Observed at surface),575,914,1257,1886,2714,2190,1337.55,9.02,1
Apache Indian Reservation,-110.69569,33.79368,Hydrothermal/Sedimentary Deposit,15000 tons,15-25% Mn,Quartzite/Schist,Local Metamorphic/Sedimentary Sequence,Phanerozoic,International/US Dataset,Surface Outcrop - Not Drilled,N/A - Surface Occurrence,N/A - Surface Sample Only,Quartzite/Schist (Observed at surface),724,1039,1248,2686,2834,2034,1047.13,17.16,1
Needle Eye Mine,-113.54771,34.32032,Geology associated with Artillery region,200000000 tons,3-4% Mn,Sandstone/Conglomerate,Chapin Wash Fm,Miocene,International/US Dataset,Surface Outcrop - Not Drilled,N/A - Surface Occurrence,N/A - Surface Sample Only,Sandstone/Conglomerate (Observed at surface),0,0,0,0,0,0,444.11,16.79,1
Fourth of July No.4 Claim,-109.0762,32.86039,Hydrothermal/Sedimentary Deposit,15000 tons,15-25% Mn,Quartzite/Schist,Local Metamorphic/Sedimentary Sequence,Phanerozoic,International/US Dataset,Surface Outcrop - Not Drilled,N/A - Surface Occurrence,N/A - Surface Sample Only,Quartzite/Schist (Observed at surface),0,0,0,0,0,0,1377.68,10.4,1
Thurston and Hardy Mine,-109.25064,32.86678,Hydrothermal/Sedimentary Deposit,15000 tons,15-25% Mn,Quartzite/Schist,Local Metamorphic/Sedimentary Sequence,Phanerozoic,International/US Dataset,Surface Outcrop - Not Drilled,N/A - Surface Occurrence,N/A - Surface Sample Only,Quartzite/Schist (Observed at surface),687,919,1283,1864,2313,2018,1297.49,8.25,1
Burmister Mine,-112.08017,34.32561,Geology associated with Yavapai region,20000 tons,15-30% Mn,Schist/Volcanics,Yavapai Schist,Paleoproterozoic,International/US Dataset,Surface Outcrop - Not Drilled,N/A - Surface Occurrence,N/A - Surface Sample Only,Schist/Volcanics (Observed at surface),582,785,955,1476,1850,1541,1108.15,11.15,1
Globe Manganese,-110.74679,33.42648,Geology associated with Globe region,25000 tons,20-35% Mn,Diabase/Limestone,Apache Group,Precambrian,International/US Dataset,Surface Outcrop - Not Drilled,N/A - Surface Occurrence,N/A - Surface Sample Only,Diabase/Limestone (Observed at surface),847,1138,1411,2152,2390,1801,1193.88,8.23,1
Manganese King Mine,-112.12711,32.42760,Hydrothermal/Sedimentary Deposit,15000 tons,15-25% Mn,Quartzite/Schist,Local Metamorphic/Sedimentary Sequence,Phanerozoic,International/US Dataset,Surface Outcrop - Not Drilled,N/A - Surface Occurrence,N/A - Surface Sample Only,Quartzite/Schist (Observed at surface),782,1060,1381,1936,2752,2282,670.06,10.84,1
Globe Manganese Mine,-110.75875,33.44452,Geology associated with Globe region,25000 tons,20-35% Mn,Diabase/Limestone,Apache Group,Precambrian,International/US Dataset,Surface Outcrop - Not Drilled,N/A - Surface Occurrence,N/A - Surface Sample Only,Diabase/Limestone (Observed at surface),0,0,0,0,0,0,1249.91,10.32,1
Holy Joe Peak,-110.6219948,32.8027519,Geology associated with Pinal region,5000 tons,15-25% Mn,Volcanic breccia,Tertiary Volcanics,Tertiary,International/US Dataset,Surface Outcrop - Not Drilled,N/A - Surface Occurrence,N/A - Surface Sample Only,Volcanic breccia (Observed at surface),682,908,1081,1742,1985,1654,871.73,10.32,1
Black Tail Group,-110.07426,31.69153,Geology associated with Tombstone region,15000 tons,15-25% Mn,Limestone,Naco Group,Laramide,International/US Dataset,Surface Outcrop - Not Drilled,N/A - Surface Occurrence,N/A - Surface Sample Only,Limestone (Observed at surface),680,1019,1263,2028,2964,2488,1470.47,13.39,1
Rattlesnake Claims,-111.00630,33.77367,Geology associated with Gila region,25000 tons,20-35% Mn,Diabase/Limestone,Apache Group,Precambrian,International/US Dataset,Surface Outcrop - Not Drilled,N/A - Surface Occurrence,N/A - Surface Sample Only,Diabase/Limestone (Observed at surface),547,840,1229,1918,2838,2387,1184.51,21.91,1
Contact Mine,-110.08705,31.69152,Geology associated with Tombstone region,15000 tons,15-25% Mn,Limestone,Naco Group,Laramide,International/US Dataset,Surface Outcrop - Not Drilled,N/A - Surface Occurrence,N/A - Surface Sample Only,Limestone (Observed at surface),541,886,1181,1990,2710,2068,1401.9,12.49,1
Almino Group,-110.93402,33.11676,Geology associated with Pinal region,5000 tons,15-25% Mn,Volcanic breccia,Tertiary Volcanics,Tertiary,International/US Dataset,Surface Outcrop - Not Drilled,N/A - Surface Occurrence,N/A - Surface Sample Only,Volcanic breccia (Observed at surface),1270,1565,1875,2424,3273,2901,678.39,13.78,1
Cochise Group,-110.88402,33.11676,Geology associated with Cochise region,10000 tons,10-30% Mn,Limestone,Escabrosa Limestone,Carboniferous,International/US Dataset,Surface Outcrop - Not Drilled,N/A - Surface Occurrence,N/A - Surface Sample Only,Limestone (Observed at surface),0,0,0,0,0,0,1125.17,22.83,1
Peach Springs Manganese Mine,-113.01077,35.67530,Hydrothermal/Sedimentary Deposit,15000 tons,15-25% Mn,Quartzite/Schist,Local Metamorphic/Sedimentary Sequence,Phanerozoic,International/US Dataset,Surface Outcrop - Not Drilled,N/A - Surface Occurrence,N/A - Surface Sample Only,Quartzite/Schist (Observed at surface),1113,1473,1678,2903,3760,2964,1913.0,18.44,1
Monarch Claim,-111.08850,33.28929,Geology associated with Pinal region,5000 tons,15-25% Mn,Volcanic breccia,Tertiary Volcanics,Tertiary,International/US Dataset,Surface Outcrop - Not Drilled,N/A - Surface Occurrence,N/A - Surface Sample Only,Volcanic breccia (Observed at surface),958,1199,1470,2066,2883,2518,1079.55,17.63,1
Armer Wash Mine,-111.03403,33.75007,Geology associated with Sierra region,100000 tons,15-35% Mn,Limestone,Lake Valley Limestone,Mississippian,International/US Dataset,Surface Outcrop - Not Drilled,N/A - Surface Occurrence,N/A - Surface Sample Only,Limestone (Observed at surface),693,1084,1681,2368,3599,2982,951.43,2.2,1
"Kaiserdoom, Spring Mine Group",-113.42144,34.28672,Hydrothermal/Sedimentary Deposit,15000 tons,15-25% Mn,Quartzite/Schist,Local Metamorphic/Sedimentary Sequence,Phanerozoic,International/US Dataset,Surface Outcrop - Not Drilled,N/A - Surface Occurrence,N/A - Surface Sample Only,Quartzite/Schist (Observed at surface),1180,1459,1820,2040,2635,2244,471.69,3.73,1
Alpine Hg Mine,-117.28929,41.19517,Geology associated with Humboldt region,15000 tons,35-45% Mn,Radiolarian Chert,Franciscan Complex,Jurassic-Cretaceous,International/US Dataset,Surface Outcrop - Not Drilled,N/A - Surface Occurrence,N/A - Surface Sample Only,Radiolarian Chert (Observed at surface),1137,1367,1797,2316,3116,2763,2304.83,16.22,1
Hidden Treasure,-115.47528,39.23053,Geology associated with Nevada region,100000 tons,15-30% Mn,Limestone/Dolomite,Highland Peak Fm,Cambrian,International/US Dataset,Surface Outcrop - Not Drilled,N/A - Surface Occurrence,N/A - Surface Sample Only,Limestone/Dolomite (Observed at surface),978,1218,1486,2308,3175,2666,2657.52,22.36,1
Tonopah,-117.21925,38.08327,Geology associated with Nevada region,100000 tons,15-30% Mn,Limestone/Dolomite,Highland Peak Fm,Cambrian,International/US Dataset,Surface Outcrop - Not Drilled,N/A - Surface Occurrence,N/A - Surface Sample Only,Limestone/Dolomite (Observed at surface),1810,2234,2676,3105,3542,3136,1901.57,7.93,1
Wells Cargo Mine,-114.29054,37.21165,Geology associated with Nevada region,100000 tons,15-30% Mn,Limestone/Dolomite,Highland Peak Fm,Cambrian,International/US Dataset,Surface Outcrop - Not Drilled,N/A - Surface Occurrence,N/A - Surface Sample Only,Limestone/Dolomite (Observed at surface),1729,2048,2515,2876,3701,3098,1296.07,4.98,1
Black Chief Mine,-114.08829,33.93695,Hydrothermal/Sedimentary Deposit,15000 tons,15-25% Mn,Quartzite/Schist,Local Metamorphic/Sedimentary Sequence,Phanerozoic,International/US Dataset,Surface Outcrop - Not Drilled,N/A - Surface Occurrence,N/A - Surface Sample Only,Quartzite/Schist (Observed at surface),1276,1664,2122,2213,2757,2804,351.78,9.0,1
Black Bird Mine,-113.99828,33.92949,Hydrothermal/Sedimentary Deposit,15000 tons,15-25% Mn,Quartzite/Schist,Local Metamorphic/Sedimentary Sequence,Phanerozoic,International/US Dataset,Surface Outcrop - Not Drilled,N/A - Surface Occurrence,N/A - Surface Sample Only,Quartzite/Schist (Observed at surface),886,1054,1383,1534,2576,2528,295.08,1.27,1
Bouse District,-113.9313341,33.935964,Hydrothermal/Sedimentary Deposit,15000 tons,15-25% Mn,Quartzite/Schist,Local Metamorphic/Sedimentary Sequence,Phanerozoic,International/US Dataset,Surface Outcrop - Not Drilled,N/A - Surface Occurrence,N/A - Surface Sample Only,Quartzite/Schist (Observed at surface),1353,1666,2242,2472,3332,3131,369.55,6.84,1
Linda K. Mine,-113.88548,33.94755,Hydrothermal/Sedimentary Deposit,15000 tons,15-25% Mn,Quartzite/Schist,Local Metamorphic/Sedimentary Sequence,Phanerozoic,International/US Dataset,Surface Outcrop - Not Drilled,N/A - Surface Occurrence,N/A - Surface Sample Only,Quartzite/Schist (Observed at surface),1317,1729,2122,2334,3101,2843,434.87,8.63,1
Pointing Cactus Group,-111.74043,32.63232,Geology associated with Pinal region,5000 tons,15-25% Mn,Volcanic breccia,Tertiary Volcanics,Tertiary,International/US Dataset,Surface Outcrop - Not Drilled,N/A - Surface Occurrence,N/A - Surface Sample Only,Volcanic breccia (Observed at surface),1306,1556,2185,2720,4007,3875,538.97,3.88,1
Humboldt House Springs,-118.26488, 40.58959,Geology associated with Humboldt region,15000 tons,35-45% Mn,Radiolarian Chert,Franciscan Complex,Jurassic-Cretaceous,International/US Dataset,Surface Outcrop - Not Drilled,N/A - Surface Occurrence,N/A - Surface Sample Only,Radiolarian Chert (Observed at surface),1836,2373,2886,3110,3830,3482,1285.72,1.45,1
Golconda Hot Spring,-117.49040,40.95433,Geology associated with Humboldt region,15000 tons,35-45% Mn,Radiolarian Chert,Franciscan Complex,Jurassic-Cretaceous,International/US Dataset,Surface Outcrop - Not Drilled,N/A - Surface Occurrence,N/A - Surface Sample Only,Radiolarian Chert (Observed at surface),912,1257,1511,2067,2980,2608,1340.2,1.16,1
Treasure Hill Mine,-115.48394,39.22160,Geology associated with Nevada region,100000 tons,15-30% Mn,Limestone/Dolomite,Highland Peak Fm,Cambrian,International/US Dataset,Surface Outcrop - Not Drilled,N/A - Surface Occurrence,N/A - Surface Sample Only,Limestone/Dolomite (Observed at surface),1218,1494,1771,2177,3162,2795,2768.94,11.94,1
Seligman Mine,-115.55258,39.26053,Geology associated with Nevada region,100000 tons,15-30% Mn,Limestone/Dolomite,Highland Peak Fm,Cambrian,International/US Dataset,Surface Outcrop - Not Drilled,N/A - Surface Occurrence,N/A - Surface Sample Only,Limestone/Dolomite (Observed at surface),715,881,1118,2233,2321,1739,2496.58,15.51,1
Hulse Deposit,-114.33362,38.45523,Geology associated with Nevada region,100000 tons,15-30% Mn,Limestone/Dolomite,Highland Peak Fm,Cambrian,International/US Dataset,Surface Outcrop - Not Drilled,N/A - Surface Occurrence,N/A - Surface Sample Only,Limestone/Dolomite (Observed at surface),1278,1652,2372,2864,3464,2426,2061.28,7.0,1
Maverick Springs Range,-115.45228,39.94825,Geology associated with Nevada region,100000 tons,15-30% Mn,Limestone/Dolomite,Highland Peak Fm,Cambrian,International/US Dataset,Surface Outcrop - Not Drilled,N/A - Surface Occurrence,N/A - Surface Sample Only,Limestone/Dolomite (Observed at surface),1571,2076,2468,2732,4071,3452,2113.41,15.64,1
Vietti Mine,-114.76506,39.18554,Geology associated with Nevada region,100000 tons,15-30% Mn,Limestone/Dolomite,Highland Peak Fm,Cambrian,International/US Dataset,Surface Outcrop - Not Drilled,N/A - Surface Occurrence,N/A - Surface Sample Only,Limestone/Dolomite (Observed at surface),828,1095,1531,2156,3260,2717,2135.01,6.1,1
Warm Springs Prospect,-117.10011,40.51573,Geology associated with Nevada region,100000 tons,15-30% Mn,Limestone/Dolomite,Highland Peak Fm,Cambrian,International/US Dataset,Surface Outcrop - Not Drilled,N/A - Surface Occurrence,N/A - Surface Sample Only,Limestone/Dolomite (Observed at surface),947,1270,1534,1926,2984,2470,1545.91,5.05,1
Sou Hot Spring,-117.72156,40.08570,Geology associated with Nevada region,100000 tons,15-30% Mn,Limestone/Dolomite,Highland Peak Fm,Cambrian,International/US Dataset,Surface Outcrop - Not Drilled,N/A - Surface Occurrence,N/A - Surface Sample Only,Limestone/Dolomite (Observed at surface),1173,1494,1976,2437,3290,2900,1119.26,2.57,1
Stonewall Manganese Mine,-78.97946,37.44673,Geology associated with Virginia region,30000 tons,30-45% Mn,Clay/Quartzite,Shady Dolomite / Antietam Fm,Cambrian,International/US Dataset,Surface Outcrop - Not Drilled,N/A - Surface Occurrence,N/A - Surface Sample Only,Clay/Quartzite (Observed at surface),170,360,166,3566,1588,662,240.21,6.55,1
Bell Mine,-79.18947,37.29673,Geology associated with Virginia region,30000 tons,30-45% Mn,Clay/Quartzite,Shady Dolomite / Antietam Fm,Cambrian,International/US Dataset,Surface Outcrop - Not Drilled,N/A - Surface Occurrence,N/A - Surface Sample Only,Clay/Quartzite (Observed at surface),398,707,587,3264,2417,1464,280.22,6.64,1
Leets Manganese Mine,-79.04114,37.39006,Geology associated with Virginia region,30000 tons,30-45% Mn,Clay/Quartzite,Shady Dolomite / Antietam Fm,Cambrian,International/US Dataset,Surface Outcrop - Not Drilled,N/A - Surface Occurrence,N/A - Surface Sample Only,Clay/Quartzite (Observed at surface),226,343,199,3122,1663,696,210.14,19.59,1
Mortimer Mine,-79.23308,37.25839,Geology associated with Virginia region,30000 tons,30-45% Mn,Clay/Quartzite,Shady Dolomite / Antietam Fm,Cambrian,International/US Dataset,Surface Outcrop - Not Drilled,N/A - Surface Occurrence,N/A - Surface Sample Only,Clay/Quartzite (Observed at surface),222,393,211,3087,1473,571,234.9,6.65,1
Ward Beecher Deposit,-115.48778,39.22493,Geology associated with Nevada region,100000 tons,15-30% Mn,Limestone/Dolomite,Highland Peak Fm,Cambrian,International/US Dataset,Surface Outcrop - Not Drilled,N/A - Surface Occurrence,N/A - Surface Sample Only,Limestone/Dolomite (Observed at surface),773,972,1120,2167,2635,2053,2643.77,21.67,1
Aurora Deposit,-115.48338,39.21803,Geology associated with Nevada region,100000 tons,15-30% Mn,Limestone/Dolomite,Highland Peak Fm,Cambrian,International/US Dataset,Surface Outcrop - Not Drilled,N/A - Surface Occurrence,N/A - Surface Sample Only,Limestone/Dolomite (Observed at surface),977,1138,1410,2142,2881,2491,2653.02,20.31,1
Midas Elko Prince Mine,-116.79315,41.24160,Geology associated with Nevada region,100000 tons,15-30% Mn,Limestone/Dolomite,Highland Peak Fm,Cambrian,International/US Dataset,Surface Outcrop - Not Drilled,N/A - Surface Occurrence,N/A - Surface Sample Only,Limestone/Dolomite (Observed at surface),798,1060,1422,1914,3348,2713,1773.75,7.63,1
Black Diablo Open Cut,-117.55124,40.68101,Geology associated with Nevada region,100000 tons,15-30% Mn,Limestone/Dolomite,Highland Peak Fm,Cambrian,International/US Dataset,Surface Outcrop - Not Drilled,N/A - Surface Occurrence,N/A - Surface Sample Only,Limestone/Dolomite (Observed at surface),931,1166,1555,1957,3218,2767,1726.54,11.17,1
Virgin Valley Deposits,-119.10713,41.78820,Geology associated with Humboldt region,15000 tons,35-45% Mn,Radiolarian Chert,Franciscan Complex,Jurassic-Cretaceous,International/US Dataset,Surface Outcrop - Not Drilled,N/A - Surface Occurrence,N/A - Surface Sample Only,Radiolarian Chert (Observed at surface),781,991,1170,2744,2200,1499,1521.24,2.64,1
Black Devil Mine,-117.47956,39.82381,Geology associated with Nevada region,100000 tons,15-30% Mn,Limestone/Dolomite,Highland Peak Fm,Cambrian,International/US Dataset,Surface Outcrop - Not Drilled,N/A - Surface Occurrence,N/A - Surface Sample Only,Limestone/Dolomite (Observed at surface),1160,1497,1842,2262,3192,2762,1661.58,5.23,1
Three Kids Deposit,-114.92770,36.09139,Geology associated with Nevada region,100000 tons,15-30% Mn,Limestone/Dolomite,Highland Peak Fm,Cambrian,International/US Dataset,Surface Outcrop - Not Drilled,N/A - Surface Occurrence,N/A - Surface Sample Only,Limestone/Dolomite (Observed at surface),1455,1852,2271,2222,2184,2094,534.92,8.02,1
Gibellini Manganese Mine,-116.09034,39.20826,Geology associated with Nevada region,100000 tons,15-30% Mn,Limestone/Dolomite,Highland Peak Fm,Cambrian,International/US Dataset,Surface Outcrop - Not Drilled,N/A - Surface Occurrence,N/A - Surface Sample Only,Limestone/Dolomite (Observed at surface),847,1143,1530,2046,3122,2912,2104.98,14.66,1
Big Mike Copper Mine,-117.56030,40.54330,Geology associated with Nevada region,100000 tons,15-30% Mn,Limestone/Dolomite,Highland Peak Fm,Cambrian,International/US Dataset,Surface Outcrop - Not Drilled,N/A - Surface Occurrence,N/A - Surface Sample Only,Limestone/Dolomite (Observed at surface),1422,1785,2395,3672,2968,2048,1586.91,32.8,1
True Fissure Mine,-113.26564,46.33489,Hydrothermal/Sedimentary Deposit,15000 tons,15-25% Mn,Quartzite/Schist,Local Metamorphic/Sedimentary Sequence,Phanerozoic,International/US Dataset,Surface Outcrop - Not Drilled,N/A - Surface Occurrence,N/A - Surface Sample Only,Quartzite/Schist (Observed at surface),1262,1243,1152,3135,2878,2477,1789.6,15.27,1
Wigwam Creek Prospect,-111.77945,45.18410,Hydrothermal/Sedimentary Deposit,15000 tons,15-25% Mn,Quartzite/Schist,Local Metamorphic/Sedimentary Sequence,Phanerozoic,International/US Dataset,Surface Outcrop - Not Drilled,N/A - Surface Occurrence,N/A - Surface Sample Only,Quartzite/Schist (Observed at surface),905,1227,1528,2374,3379,2921,1732.42,12.4,1
Lava Hot Springs,-112.00802,42.61552,Hydrothermal/Sedimentary Deposit,15000 tons,15-25% Mn,Quartzite/Schist,Local Metamorphic/Sedimentary Sequence,Phanerozoic,International/US Dataset,Surface Outcrop - Not Drilled,N/A - Surface Occurrence,N/A - Surface Sample Only,Quartzite/Schist (Observed at surface),0,0,0,0,0,0,1687.96,31.33,1
Triple Trip Mine,-123.32126,47.50368,Geology associated with Mason region,50000 tons,30-50% Mn,Basalt/Red Limestone,Crescent Formation,Eocene,International/US Dataset,Surface Outcrop - Not Drilled,N/A - Surface Occurrence,N/A - Surface Sample Only,Basalt/Red Limestone (Observed at surface),258,696,271,4349,2061,987,241.33,16.63,1
Ed. B Claim,-124.04989,48.07789,Geology associated with Clallam region,50000 tons,30-50% Mn,Basalt/Red Limestone,Crescent Formation,Eocene,International/US Dataset,Surface Outcrop - Not Drilled,N/A - Surface Occurrence,N/A - Surface Sample Only,Basalt/Red Limestone (Observed at surface),108,298,125,2288,744,272,485.22,25.42,1
Shamrock Manganese,-122.9767,42.59732,Hydrothermal/Sedimentary Deposit,15000 tons,15-25% Mn,Quartzite/Schist,Local Metamorphic/Sedimentary Sequence,Phanerozoic,International/US Dataset,Surface Outcrop - Not Drilled,N/A - Surface Occurrence,N/A - Surface Sample Only,Quartzite/Schist (Observed at surface),37,110,58,1230,739,339,572.55,23.45,1
Long Ridge Prospect,-124.07057,42.26592,Hydrothermal/Sedimentary Deposit,15000 tons,15-25% Mn,Quartzite/Schist,Local Metamorphic/Sedimentary Sequence,Phanerozoic,International/US Dataset,Surface Outcrop - Not Drilled,N/A - Surface Occurrence,N/A - Surface Sample Only,Quartzite/Schist (Observed at surface),180,355,183,3301,1101,433,364.45,19.03,1
North Pole Mine,-118.21688,44.82485,Hydrothermal/Sedimentary Deposit,15000 tons,15-25% Mn,Quartzite/Schist,Local Metamorphic/Sedimentary Sequence,Phanerozoic,International/US Dataset,Surface Outcrop - Not Drilled,N/A - Surface Occurrence,N/A - Surface Sample Only,Quartzite/Schist (Observed at surface),191,371,254,2523,935,472,1788.62,21.7,1
Spiller Mine,-99.09345,30.90520,Geology associated with Mason region,50000 tons,30-50% Mn,Basalt/Red Limestone,Crescent Formation,Eocene,International/US Dataset,Surface Outcrop - Not Drilled,N/A - Surface Occurrence,N/A - Surface Sample Only,Basalt/Red Limestone (Observed at surface),650,838,1110,2380,3254,2217,536.6,2.83,1
Mayfield Mine,-104.77551,30.72297,Hydrothermal/Sedimentary Deposit,15000 tons,15-25% Mn,Quartzite/Schist,Local Metamorphic/Sedimentary Sequence,Phanerozoic,International/US Dataset,Surface Outcrop - Not Drilled,N/A - Surface Occurrence,N/A - Surface Sample Only,Quartzite/Schist (Observed at surface),1334,1758,2249,2737,3958,3331,1281.64,8.97,1
Klondike Ridge,-108.69287,38.01690,Geology associated with Colorado region,50000 tons,15-25% Mn,Rhyolite/Travertine,Browns Canyon Volcanics,Oligocene,International/US Dataset,Surface Outcrop - Not Drilled,N/A - Surface Occurrence,N/A - Surface Sample Only,Rhyolite/Travertine (Observed at surface),1313,1862,2186,2515,3847,3656,1994.26,19.79,1
Fremont County,-105.42224,38.34251,Geology associated with Colorado region,50000 tons,15-25% Mn,Rhyolite/Travertine,Browns Canyon Volcanics,Oligocene,International/US Dataset,Surface Outcrop - Not Drilled,N/A - Surface Occurrence,N/A - Surface Sample Only,Rhyolite/Travertine (Observed at surface),757,938,1114,1710,1883,1502,2170.11,5.72,1
Alderman Deposit,-106.06504,38.62528,Geology associated with Chaffee region,50000 tons,15-25% Mn,Rhyolite/Travertine,Browns Canyon Volcanics,Oligocene,International/US Dataset,Surface Outcrop - Not Drilled,N/A - Surface Occurrence,N/A - Surface Sample Only,Rhyolite/Travertine (Observed at surface),884,1178,1389,2372,2155,1738,2280.35,21.11,1
Shaw Claim,-106.44449,37.81195,Geology associated with Colorado region,50000 tons,15-25% Mn,Rhyolite/Travertine,Browns Canyon Volcanics,Oligocene,International/US Dataset,Surface Outcrop - Not Drilled,N/A - Surface Occurrence,N/A - Surface Sample Only,Rhyolite/Travertine (Observed at surface),1110,1348,1716,2269,2703,2226,2880.0,11.18,1
Fairview Claim,-107.67144,37.78891,Geology associated with Colorado region,50000 tons,15-25% Mn,Rhyolite/Travertine,Browns Canyon Volcanics,Oligocene,International/US Dataset,Surface Outcrop - Not Drilled,N/A - Surface Occurrence,N/A - Surface Sample Only,Rhyolite/Travertine (Observed at surface),518,713,621,2030,1477,1017,2936.28,31.49,1
Van Horn,-114.30249,34.28974,Geology associated with San Bernardino region,20000 tons,20-40% Mn,Fanglomerate/Volcanics,Local Tertiary Volcanics,Miocene,International/US Dataset,Surface Outcrop - Not Drilled,N/A - Surface Occurrence,N/A - Surface Sample Only,Fanglomerate/Volcanics (Observed at surface),1006,1334,1835,2115,2675,2476,668.87,20.1,1
Heber,-111.4721444,40.536545,Geology associated with Utah region,75000 tons,15-25% Mn,Limestone/Dolomite,Oquirrh Group,Pennsylvanian-Permian,International/US Dataset,Surface Outcrop - Not Drilled,N/A - Surface Occurrence,N/A - Surface Sample Only,Limestone/Dolomite (Observed at surface),688,919,1353,2317,3300,2509,1750.98,4.83,1
Deuel Manganese Mines,-111.2513,37.63332,Geology associated with Utah region,75000 tons,15-25% Mn,Limestone/Dolomite,Oquirrh Group,Pennsylvanian-Permian,International/US Dataset,Surface Outcrop - Not Drilled,N/A - Surface Occurrence,N/A - Surface Sample Only,Limestone/Dolomite (Observed at surface),1172,1675,2818,3625,4620,4395,1626.98,19.87,1
Black Beauty Claim No.1,-113.78164,37.26776,Geology associated with Utah region,75000 tons,15-25% Mn,Limestone/Dolomite,Oquirrh Group,Pennsylvanian-Permian,International/US Dataset,Surface Outcrop - Not Drilled,N/A - Surface Occurrence,N/A - Surface Sample Only,Limestone/Dolomite (Observed at surface),1437,1896,2671,3037,4367,3637,1138.49,10.65,1
Monroe Hot Springs,-112.11188,38.64027,Geology associated with Utah region,75000 tons,15-25% Mn,Limestone/Dolomite,Oquirrh Group,Pennsylvanian-Permian,International/US Dataset,Surface Outcrop - Not Drilled,N/A - Surface Occurrence,N/A - Surface Sample Only,Limestone/Dolomite (Observed at surface),239,595,185,6128,2213,958,1637.42,1.59,1
Monarch Mine,-113.58415,38.24996,Geology associated with Utah region,75000 tons,15-25% Mn,Limestone/Dolomite,Oquirrh Group,Pennsylvanian-Permian,International/US Dataset,Surface Outcrop - Not Drilled,N/A - Surface Occurrence,N/A - Surface Sample Only,Limestone/Dolomite (Observed at surface),826,1058,1384,2124,2686,2217,2349.1,20.1,1
Abraham Hot Spring,-112.72721,39.61635,Geology associated with Utah region,75000 tons,15-25% Mn,Limestone/Dolomite,Oquirrh Group,Pennsylvanian-Permian,International/US Dataset,Surface Outcrop - Not Drilled,N/A - Surface Occurrence,N/A - Surface Sample Only,Limestone/Dolomite (Observed at surface),3188,3828,4292,4785,4820,4308,1405.48,0.89,1
Lakeview Manganese Mine,-111.28107,41.79826,Geology associated with Utah region,75000 tons,15-25% Mn,Limestone/Dolomite,Oquirrh Group,Pennsylvanian-Permian,International/US Dataset,Surface Outcrop - Not Drilled,N/A - Surface Occurrence,N/A - Surface Sample Only,Limestone/Dolomite (Observed at surface),509,676,848,1672,2878,2081,2214.93,5.48,1
Jim Fisk Mine,-112.24469,40.37605,Geology associated with Utah region,75000 tons,15-25% Mn,Limestone/Dolomite,Oquirrh Group,Pennsylvanian-Permian,International/US Dataset,Surface Outcrop - Not Drilled,N/A - Surface Occurrence,N/A - Surface Sample Only,Limestone/Dolomite (Observed at surface),822,1002,1172,1934,1955,1514,2114.53,28.25,1
Payday Mine,-111.58523,41.30021,Geology associated with Utah region,75000 tons,15-25% Mn,Limestone/Dolomite,Oquirrh Group,Pennsylvanian-Permian,International/US Dataset,Surface Outcrop - Not Drilled,N/A - Surface Occurrence,N/A - Surface Sample Only,Limestone/Dolomite (Observed at surface),288,530,495,2368,2228,1469,1753.37,20.05,1
Hooper Hot Springs,-112.16891,41.13053,Geology associated with Utah region,75000 tons,15-25% Mn,Limestone/Dolomite,Oquirrh Group,Pennsylvanian-Permian,International/US Dataset,Surface Outcrop - Not Drilled,N/A - Surface Occurrence,N/A - Surface Sample Only,Limestone/Dolomite (Observed at surface),109,369,312,411,102,105,1280.54,0.11,1
Millard County,-113.7623457,39.1850615,Geology associated with Utah region,75000 tons,15-25% Mn,Limestone/Dolomite,Oquirrh Group,Pennsylvanian-Permian,International/US Dataset,Surface Outcrop - Not Drilled,N/A - Surface Occurrence,N/A - Surface Sample Only,Limestone/Dolomite (Observed at surface),1665,2097,2632,3264,4194,3555,1980.21,12.37,1
Millard County,-113.8598479,39.1410117,Geology associated with Utah region,75000 tons,15-25% Mn,Limestone/Dolomite,Oquirrh Group,Pennsylvanian-Permian,International/US Dataset,Surface Outcrop - Not Drilled,N/A - Surface Occurrence,N/A - Surface Sample Only,Limestone/Dolomite (Observed at surface),1866,2328,2817,3401,4561,3834,1824.66,10.55,1
Heber Hot Spa,-111.481664,40.5292074,Geology associated with Utah region,75000 tons,15-25% Mn,Limestone/Dolomite,Oquirrh Group,Pennsylvanian-Permian,International/US Dataset,Surface Outcrop - Not Drilled,N/A - Surface Occurrence,N/A - Surface Sample Only,Limestone/Dolomite (Observed at surface),339,655,416,4708,1688,952,1734.64,1.72,1
Millard County,-113.8786666,39.1700869,Geology associated with Utah region,75000 tons,15-25% Mn,Limestone/Dolomite,Oquirrh Group,Pennsylvanian-Permian,International/US Dataset,Surface Outcrop - Not Drilled,N/A - Surface Occurrence,N/A - Surface Sample Only,Limestone/Dolomite (Observed at surface),2150,2695,3374,3870,4912,4271,1639.49,2.51,1
Oxen Mine,-112.07607,39.97328,Geology associated with Utah region,75000 tons,15-25% Mn,Limestone/Dolomite,Oquirrh Group,Pennsylvanian-Permian,International/US Dataset,Surface Outcrop - Not Drilled,N/A - Surface Occurrence,N/A - Surface Sample Only,Limestone/Dolomite (Observed at surface),991,1302,1624,2477,3049,2759,1990.46,16.49,1
Cliff Roy Mine,-108.81257,32.60762,Geology associated with Grant region,100000 tons,15-35% Mn,Limestone,Lake Valley Limestone,Mississippian,International/US Dataset,Surface Outcrop - Not Drilled,N/A - Surface Occurrence,N/A - Surface Sample Only,Limestone (Observed at surface),1615,2046,2622,3113,4031,3569,1379.06,10.16,1
Ellis Deposit 1910's,-107.25642,33.13428,Geology associated with Sierra region,100000 tons,15-35% Mn,Limestone,Lake Valley Limestone,Mississippian,International/US Dataset,Surface Outcrop - Not Drilled,N/A - Surface Occurrence,N/A - Surface Sample Only,Limestone (Observed at surface),826,1107,1346,2279,2399,2111,1315.11,1.56,1
Consolidation Group,-108.84623,32.63791,Geology associated with Grant region,100000 tons,15-35% Mn,Limestone,Lake Valley Limestone,Mississippian,International/US Dataset,Surface Outcrop - Not Drilled,N/A - Surface Occurrence,N/A - Surface Sample Only,Limestone (Observed at surface),1226,1486,1921,2328,3028,2632,1269.96,6.3,1
Manganese Hill Group,-107.25615,32.83179,Geology associated with Sierra region,100000 tons,15-35% Mn,Limestone,Lake Valley Limestone,Mississippian,International/US Dataset,Surface Outcrop - Not Drilled,N/A - Surface Occurrence,N/A - Surface Sample Only,Limestone (Observed at surface),1351,1709,2148,2827,3944,3353,1368.88,12.1,1
Dona Ana County,-107.14002,32.76373,Hydrothermal/Sedimentary Deposit,15000 tons,15-25% Mn,Quartzite/Schist,Local Metamorphic/Sedimentary Sequence,Phanerozoic,International/US Dataset,Surface Outcrop - Not Drilled,N/A - Surface Occurrence,N/A - Surface Sample Only,Quartzite/Schist (Observed at surface),0,0,0,0,0,0,1585.85,24.97,1
Sierra County,-107.24392,33.09039,Geology associated with Sierra region,100000 tons,15-35% Mn,Limestone,Lake Valley Limestone,Mississippian,International/US Dataset,Surface Outcrop - Not Drilled,N/A - Surface Occurrence,N/A - Surface Sample Only,Limestone (Observed at surface),869,1196,1693,2036,2788,2463,1466.56,18.38,1
Lucky Strike No.2,-107.00119,33.98429,Geology associated with Socorro region,250000 tons,20-30% Mn,Rhyolite/Andesite,Popotosa Formation,Miocene,International/US Dataset,Surface Outcrop - Not Drilled,N/A - Surface Occurrence,N/A - Surface Sample Only,Rhyolite/Andesite (Observed at surface),844,1052,1445,2021,2606,2313,1743.94,12.9,1
Cliff Roy Mine,-108.80953,32.61402,Geology associated with Grant region,100000 tons,15-35% Mn,Limestone,Lake Valley Limestone,Mississippian,International/US Dataset,Surface Outcrop - Not Drilled,N/A - Surface Occurrence,N/A - Surface Sample Only,Limestone (Observed at surface),945,1237,1620,2058,2556,2217,1319.35,4.7,1
"Cliff Roy Mine sample collected in Grant County, New Mexico.",-107.22253,33.12844,Geology associated with Sierra region,100000 tons,15-35% Mn,Limestone,Lake Valley Limestone,Mississippian,International/US Dataset,Surface Outcrop - Not Drilled,N/A - Surface Occurrence,N/A - Surface Sample Only,Limestone (Observed at surface),1130,1571,2177,0,3723,0,1399.66,15.78,1
Dawson Manganese Claims,-107.20948,32.89956,Geology associated with Sierra region,100000 tons,15-35% Mn,Limestone,Lake Valley Limestone,Mississippian,International/US Dataset,Surface Outcrop - Not Drilled,N/A - Surface Occurrence,N/A - Surface Sample Only,Limestone (Observed at surface),1318,1619,2020,2644,3884,3482,1611.93,13.1,1
Hoggett Manganese Deposits,-108.70395,31.74320,Geology associated with Hidalgo region,100000 tons,15-35% Mn,Limestone,Lake Valley Limestone,Mississippian,International/US Dataset,Surface Outcrop - Not Drilled,N/A - Surface Occurrence,N/A - Surface Sample Only,Limestone (Observed at surface),1111,1432,1804,2949,3522,2775,1573.17,11.46,1
Dona Ana County,-107.06225,32.68262,Hydrothermal/Sedimentary Deposit,15000 tons,15-25% Mn,Quartzite/Schist,Local Metamorphic/Sedimentary Sequence,Phanerozoic,International/US Dataset,Surface Outcrop - Not Drilled,N/A - Surface Occurrence,N/A - Surface Sample Only,Quartzite/Schist (Observed at surface),838,1116,1628,2041,2329,2223,1308.61,15.15,1
Pribble Mine,-79.23395,37.25476,Geology associated with Virginia region,30000 tons,30-45% Mn,Clay/Quartzite,Shady Dolomite / Antietam Fm,Cambrian,International/US Dataset,Surface Outcrop - Not Drilled,N/A - Surface Occurrence,N/A - Surface Sample Only,Clay/Quartzite (Observed at surface),210,451,200,3751,1579,607,250.79,7.97,1
Stowe Mine,-80.87120,37.31837,Geology associated with Virginia region,30000 tons,30-45% Mn,Clay/Quartzite,Shady Dolomite / Antietam Fm,Cambrian,International/US Dataset,Surface Outcrop - Not Drilled,N/A - Surface Occurrence,N/A - Surface Sample Only,Clay/Quartzite (Observed at surface),0,0,0,0,0,0,782.55,12.81,1
Higgins Farm,-68.09322,46.67664,Geology associated with Maine region,350000 tons,10-20% Mn,Slate/Phyllite,Aroostook-Matapedia Belt,Silurian,International/US Dataset,Surface Outcrop - Not Drilled,N/A - Surface Occurrence,N/A - Surface Sample Only,Slate/Phyllite (Observed at surface),219,385,180,2978,1212,502,148.96,4.42,1
Brule County,-99.33472,43.80278,Hydrothermal/Sedimentary Deposit,15000 tons,15-25% Mn,Quartzite/Schist,Local Metamorphic/Sedimentary Sequence,Phanerozoic,International/US Dataset,Surface Outcrop - Not Drilled,N/A - Surface Occurrence,N/A - Surface Sample Only,Quartzite/Schist (Observed at surface),584,859,1179,2275,2040,1361,440.68,3.3,1
Rutledge Mine,-83.48600,36.25287,Geology associated with Tennessee region,25000 tons,20-30% Mn,Chert/Clay,Shady Dolomite,Cambrian,International/US Dataset,Surface Outcrop - Not Drilled,N/A - Surface Occurrence,N/A - Surface Sample Only,Chert/Clay (Observed at surface),524,861,848,3577,2573,1697,431.78,8.23,1
Haskell Prospect,-67.85182,46.03884,Geology associated with Maine region,350000 tons,10-20% Mn,Slate/Phyllite,Aroostook-Matapedia Belt,Silurian,International/US Dataset,Surface Outcrop - Not Drilled,N/A - Surface Occurrence,N/A - Surface Sample Only,Slate/Phyllite (Observed at surface),339,616,632,3014,2847,1503,221.77,6.09,1
Benn Manganese Prospect,-67.88869,46.06989,Geology associated with Maine region,350000 tons,10-20% Mn,Slate/Phyllite,Aroostook-Matapedia Belt,Silurian,International/US Dataset,Surface Outcrop - Not Drilled,N/A - Surface Occurrence,N/A - Surface Sample Only,Slate/Phyllite (Observed at surface),507,840,525,4226,2159,1032,154.66,3.52,1
Stanley Mine,-78.51055,38.56004,Geology associated with Virginia region,30000 tons,30-45% Mn,Clay/Quartzite,Shady Dolomite / Antietam Fm,Cambrian,International/US Dataset,Surface Outcrop - Not Drilled,N/A - Surface Occurrence,N/A - Surface Sample Only,Clay/Quartzite (Observed at surface),549,901,908,3751,2969,1906,431.58,13.93,1
Hart Mine,-82.95626,33.66403,Hydrothermal/Sedimentary Deposit,15000 tons,15-25% Mn,Quartzite/Schist,Local Metamorphic/Sedimentary Sequence,Phanerozoic,International/US Dataset,Surface Outcrop - Not Drilled,N/A - Surface Occurrence,N/A - Surface Sample Only,Quartzite/Schist (Observed at surface),320,608,267,3871,1730,837,151.12,8.82,1
Overbeck Mine,-80.11367,37.47589,Geology associated with Virginia region,30000 tons,30-45% Mn,Clay/Quartzite,Shady Dolomite / Antietam Fm,Cambrian,International/US Dataset,Surface Outcrop - Not Drilled,N/A - Surface Occurrence,N/A - Surface Sample Only,Clay/Quartzite (Observed at surface),261,415,198,3245,1550,605,506.43,10.13,1
East Fork Mine,-83.38428,35.82820,Geology associated with Tennessee region,25000 tons,20-30% Mn,Chert/Clay,Shady Dolomite,Cambrian,International/US Dataset,Surface Outcrop - Not Drilled,N/A - Surface Occurrence,N/A - Surface Sample Only,Chert/Clay (Observed at surface),260,393,235,2898,1722,755,393.81,23.37,1
Jerrys Creek Mine,-81.58843,36.72818,Geology associated with Virginia region,30000 tons,30-45% Mn,Clay/Quartzite,Shady Dolomite / Antietam Fm,Cambrian,International/US Dataset,Surface Outcrop - Not Drilled,N/A - Surface Occurrence,N/A - Surface Sample Only,Clay/Quartzite (Observed at surface),457,575,597,1607,1001,673,863.28,6.2,1
Morefield Mine,-77.91388,37.36062,Geology associated with Virginia region,30000 tons,30-45% Mn,Clay/Quartzite,Shady Dolomite / Antietam Fm,Cambrian,International/US Dataset,Surface Outcrop - Not Drilled,N/A - Surface Occurrence,N/A - Surface Sample Only,Clay/Quartzite (Observed at surface),695,814,925,2213,2452,1509,108.18,6.32,1
Betts Manganese Mines,-72.94731,42.49526,Geology associated with Massachusetts region,10000 tons,15-25% Mn,Schist,Hawley Formation,Ordovician,International/US Dataset,Surface Outcrop - Not Drilled,N/A - Surface Occurrence,N/A - Surface Sample Only,Schist (Observed at surface),218,446,216,4230,1712,689,460.85,7.99,1
Moseley Creek No.2,-96.48338,34.45982,Geology associated with Oklahoma region,12000 tons,15-25% Mn,Limestone/Shale,Hunton Group,Silurian-Devonian,International/US Dataset,Surface Outcrop - Not Drilled,N/A - Surface Occurrence,N/A - Surface Sample Only,Limestone/Shale (Observed at surface),307,506,424,2827,2188,1117,250.82,2.34,1
Woodpecker Hollow Mine,-91.87265,35.93839,Geology associated with Izard region,2000000 tons,25-45% Mn,Shale/Limestone,Cason Shale / Fernvale Fm,Ordovician,International/US Dataset,Surface Outcrop - Not Drilled,N/A - Surface Occurrence,N/A - Surface Sample Only,Shale/Limestone (Observed at surface),629,824,1003,2496,3544,2543,288.82,10.91,1
Manganese Cave Mine,-91.83935,35.86869,Geology associated with Independence region,2000000 tons,25-45% Mn,Shale/Limestone,Cason Shale / Fernvale Fm,Ordovician,International/US Dataset,Surface Outcrop - Not Drilled,N/A - Surface Occurrence,N/A - Surface Sample Only,Shale/Limestone (Observed at surface),408,648,669,2846,2515,1331,167.95,9.97,1
Cuthbertson Mountain Mine,-90.64181,37.53087,Geology associated with Missouri region,20000 tons,20-30% Mn,Rhyolite,St. Francois Mountains Volcanics,Mesoproterozoic,International/US Dataset,Surface Outcrop - Not Drilled,N/A - Surface Occurrence,N/A - Surface Sample Only,Rhyolite (Observed at surface),347,551,313,2979,1793,842,308.66,3.5,1
Miller-Rinehart Mine,-91.65514,35.82540,Geology associated with Independence region,2000000 tons,25-45% Mn,Shale/Limestone,Cason Shale / Fernvale Fm,Ordovician,International/US Dataset,Surface Outcrop - Not Drilled,N/A - Surface Occurrence,N/A - Surface Sample Only,Shale/Limestone (Observed at surface),312,518,287,3486,1757,740,177.16,14.26,1
Clubhouse Mine,-91.75954,35.87429,Geology associated with Batesville region,2000000 tons,25-45% Mn,Shale/Limestone,Cason Shale / Fernvale Fm,Ordovician,International/US Dataset,Surface Outcrop - Not Drilled,N/A - Surface Occurrence,N/A - Surface Sample Only,Shale/Limestone (Observed at surface),562,760,939,2308,3309,2238,246.23,5.07,1
A.R. Chinn Prospect,-91.63824,35.83950,Geology associated with Independence region,2000000 tons,25-45% Mn,Shale/Limestone,Cason Shale / Fernvale Fm,Ordovician,International/US Dataset,Surface Outcrop - Not Drilled,N/A - Surface Occurrence,N/A - Surface Sample Only,Shale/Limestone (Observed at surface),330,496,337,2798,1914,880,136.91,18.04,1
Manganita Mine,-102.33333,23.61666,Hydrothermal/Sedimentary Deposit,15000 tons,15-25% Mn,Quartzite/Schist,Local Metamorphic/Sedimentary Sequence,Phanerozoic,International/US Dataset,Surface Outcrop - Not Drilled,N/A - Surface Occurrence,N/A - Surface Sample Only,Quartzite/Schist (Observed at surface),784,1094,1439,2484,3614,2964,1975.09,1.03,1
San Luis Mine,-105.90581,24.09571,Geology associated with Durango region,150000 tons,20-35% Mn,Andesite/Rhyolite,Lower Volcanic Supergroup,Eocene-Oligocene,International/US Dataset,Surface Outcrop - Not Drilled,N/A - Surface Occurrence,N/A - Surface Sample Only,Andesite/Rhyolite (Observed at surface),347,541,885,1849,3065,2116,912.5,34.93,1
Acoxcatlan Deposit,-98.733610,20.83386,Geology associated with Hidalgo region,100000 tons,15-35% Mn,Limestone,Lake Valley Limestone,Mississippian,International/US Dataset,Surface Outcrop - Not Drilled,N/A - Surface Occurrence,N/A - Surface Sample Only,Limestone (Observed at surface),423,816,413,4026,2299,1145,1349.21,20.99,1
Lucifer Mine,-112.38736,27.35970,Hydrothermal/Sedimentary Deposit,15000 tons,15-25% Mn,Quartzite/Schist,Local Metamorphic/Sedimentary Sequence,Phanerozoic,International/US Dataset,Surface Outcrop - Not Drilled,N/A - Surface Occurrence,N/A - Surface Sample Only,Quartzite/Schist (Observed at surface),1268,1644,2137,2542,2844,2409,365.16,17.62,1
Inyo County,-116.76755,35.91666,Hydrothermal/Sedimentary Deposit,15000 tons,15-25% Mn,Quartzite/Schist,Local Metamorphic/Sedimentary Sequence,Phanerozoic,International/US Dataset,Surface Outcrop - Not Drilled,N/A - Surface Occurrence,N/A - Surface Sample Only,Quartzite/Schist (Observed at surface),1096,1393,1819,2075,2058,1830,64.65,2.65,1
Buenaventura,-106.77278,29.71965,Geology associated with Chihuahua region,500000 tons,20-30% Mn,Rhyolite,Tertiary Volcanics,Oligocene,International/US Dataset,Surface Outcrop - Not Drilled,N/A - Surface Occurrence,N/A - Surface Sample Only,Rhyolite (Observed at surface),824,1040,1285,2075,2618,2075,1832.77,16.55,1
Montaña de Manganeso Mine,-101.80001,23.33333,Hydrothermal/Sedimentary Deposit,15000 tons,15-25% Mn,Quartzite/Schist,Local Metamorphic/Sedimentary Sequence,Phanerozoic,International/US Dataset,Surface Outcrop - Not Drilled,N/A - Surface Occurrence,N/A - Surface Sample Only,Quartzite/Schist (Observed at surface),908,1213,1520,2257,3612,2934,2001.25,0.53,1
Anti-Mussilini Lode,-122.67303,39.83930,Hydrothermal/Sedimentary Deposit,15000 tons,15-25% Mn,Quartzite/Schist,Local Metamorphic/Sedimentary Sequence,Phanerozoic,International/US Dataset,Surface Outcrop - Not Drilled,N/A - Surface Occurrence,N/A - Surface Sample Only,Quartzite/Schist (Observed at surface),795,1066,1407,2725,2901,2171,763.04,34.37,1
Paine Bros. Mine,-120.95659,39.33461,Geology associated with Nevada region,100000 tons,15-30% Mn,Limestone/Dolomite,Highland Peak Fm,Cambrian,International/US Dataset,Surface Outcrop - Not Drilled,N/A - Surface Occurrence,N/A - Surface Sample Only,Limestone/Dolomite (Observed at surface),517,626,813,1896,1918,1220,834.53,22.99,1
Black Brothers Mine,-118.18729,34.58279,Hydrothermal/Sedimentary Deposit,15000 tons,15-25% Mn,Quartzite/Schist,Local Metamorphic/Sedimentary Sequence,Phanerozoic,International/US Dataset,Surface Outcrop - Not Drilled,N/A - Surface Occurrence,N/A - Surface Sample Only,Quartzite/Schist (Observed at surface),939,1293,1827,2666,3344,2347,886.91,13.6,1
Mono Manganese No.7 Prospect,-119.16657,38.15382,Hydrothermal/Sedimentary Deposit,15000 tons,15-25% Mn,Quartzite/Schist,Local Metamorphic/Sedimentary Sequence,Phanerozoic,International/US Dataset,Surface Outcrop - Not Drilled,N/A - Surface Occurrence,N/A - Surface Sample Only,Quartzite/Schist (Observed at surface),0,0,0,0,0,0,2267.75,6.47,1
Soapstone Mine,-120.47462,38.19685,Geology associated with Calaveras region,5000 tons,40-50% Mn,Metachert/Slate,Calaveras Complex,Paleozoic,International/US Dataset,Surface Outcrop - Not Drilled,N/A - Surface Occurrence,N/A - Surface Sample Only,Metachert/Slate (Observed at surface),500,822,1119,2659,2993,1863,815.83,7.93,1
Carley Prospect,-120.49017,38.12408,Geology associated with Calaveras region,5000 tons,40-50% Mn,Metachert/Slate,Calaveras Complex,Paleozoic,International/US Dataset,Surface Outcrop - Not Drilled,N/A - Surface Occurrence,N/A - Surface Sample Only,Metachert/Slate (Observed at surface),171,446,252,2913,1498,682,664.15,22.44,1
Smith Mine,-121.10492,39.02156,Geology associated with Nevada region,100000 tons,15-30% Mn,Limestone/Dolomite,Highland Peak Fm,Cambrian,International/US Dataset,Surface Outcrop - Not Drilled,N/A - Surface Occurrence,N/A - Surface Sample Only,Limestone/Dolomite (Observed at surface),544,563,689,2217,2180,1336,437.74,11.61,1
Blackies Hill Claims,-122.73277,40.45291,Hydrothermal/Sedimentary Deposit,15000 tons,15-25% Mn,Quartzite/Schist,Local Metamorphic/Sedimentary Sequence,Phanerozoic,International/US Dataset,Surface Outcrop - Not Drilled,N/A - Surface Occurrence,N/A - Surface Sample Only,Quartzite/Schist (Observed at surface),299,489,389,2375,1839,906,886.88,19.78,1
Cuddy Canyon Prospect,-118.98562,34.81939,Hydrothermal/Sedimentary Deposit,15000 tons,15-25% Mn,Quartzite/Schist,Local Metamorphic/Sedimentary Sequence,Phanerozoic,International/US Dataset,Surface Outcrop - Not Drilled,N/A - Surface Occurrence,N/A - Surface Sample Only,Quartzite/Schist (Observed at surface),1194,1598,1924,2520,3032,2720,1547.98,8.46,1
O.K. Claim,-118.31870,35.63859,Hydrothermal/Sedimentary Deposit,15000 tons,15-25% Mn,Quartzite/Schist,Local Metamorphic/Sedimentary Sequence,Phanerozoic,International/US Dataset,Surface Outcrop - Not Drilled,N/A - Surface Occurrence,N/A - Surface Sample Only,Quartzite/Schist (Observed at surface),750,1217,1772,2571,3830,2881,967.62,14.0,1
Wonder Mine,-120.18738,37.78992,Hydrothermal/Sedimentary Deposit,15000 tons,15-25% Mn,Quartzite/Schist,Local Metamorphic/Sedimentary Sequence,Phanerozoic,International/US Dataset,Surface Outcrop - Not Drilled,N/A - Surface Occurrence,N/A - Surface Sample Only,Quartzite/Schist (Observed at surface),325,489,534,1992,1316,763,1059.75,8.77,1
Logan Mine,-116.36114,34.83945,Geology associated with San Bernardino region,20000 tons,20-40% Mn,Fanglomerate/Volcanics,Local Tertiary Volcanics,Miocene,International/US Dataset,Surface Outcrop - Not Drilled,N/A - Surface Occurrence,N/A - Surface Sample Only,Fanglomerate/Volcanics (Observed at surface),844,997,1182,1399,2192,2018,913.4,15.4,1
Red Feather Claim,-118.21670,34.59891,Hydrothermal/Sedimentary Deposit,15000 tons,15-25% Mn,Quartzite/Schist,Local Metamorphic/Sedimentary Sequence,Phanerozoic,International/US Dataset,Surface Outcrop - Not Drilled,N/A - Surface Occurrence,N/A - Surface Sample Only,Quartzite/Schist (Observed at surface),698,1058,1549,2384,3052,2107,959.57,6.89,1
War Baby Prospect,-116.87025,35.82849,Hydrothermal/Sedimentary Deposit,15000 tons,15-25% Mn,Quartzite/Schist,Local Metamorphic/Sedimentary Sequence,Phanerozoic,International/US Dataset,Surface Outcrop - Not Drilled,N/A - Surface Occurrence,N/A - Surface Sample Only,Quartzite/Schist (Observed at surface),887,1106,1401,1604,1601,1418,461.52,4.23,1
Glory Hole Mine,-114.92771,33.81695,Geology associated with Riverside region,20000 tons,20-40% Mn,Fanglomerate/Volcanics,Local Tertiary Volcanics,Miocene,International/US Dataset,Surface Outcrop - Not Drilled,N/A - Surface Occurrence,N/A - Surface Sample Only,Fanglomerate/Volcanics (Observed at surface),1077,1299,1669,2054,2662,2341,363.81,17.95,1
Inyo County,-116.61758,36.33328,Hydrothermal/Sedimentary Deposit,15000 tons,15-25% Mn,Quartzite/Schist,Local Metamorphic/Sedimentary Sequence,Phanerozoic,International/US Dataset,Surface Outcrop - Not Drilled,N/A - Surface Occurrence,N/A - Surface Sample Only,Quartzite/Schist (Observed at surface),974,1230,1565,1831,2264,1907,936.35,5.17,1
Black Horse Claim,-119.25127,38.38602,Hydrothermal/Sedimentary Deposit,15000 tons,15-25% Mn,Quartzite/Schist,Local Metamorphic/Sedimentary Sequence,Phanerozoic,International/US Dataset,Surface Outcrop - Not Drilled,N/A - Surface Occurrence,N/A - Surface Sample Only,Quartzite/Schist (Observed at surface),605,807,1012,2036,2114,1513,2776.59,21.18,1
Fortner Ranch Prospect,-120.66407,38.22574,Geology associated with Calaveras region,5000 tons,40-50% Mn,Metachert/Slate,Calaveras Complex,Paleozoic,International/US Dataset,Surface Outcrop - Not Drilled,N/A - Surface Occurrence,N/A - Surface Sample Only,Metachert/Slate (Observed at surface),286,440,469,1755,1434,832,501.48,12.68,1
Martinez Gold Mine,-120.82548,38.63389,Hydrothermal/Sedimentary Deposit,15000 tons,15-25% Mn,Quartzite/Schist,Local Metamorphic/Sedimentary Sequence,Phanerozoic,International/US Dataset,Surface Outcrop - Not Drilled,N/A - Surface Occurrence,N/A - Surface Sample Only,Quartzite/Schist (Observed at surface),1082,1449,1960,2947,3142,2469,437.67,8.65,1
Callahan Mine,-122.80168,41.31262,Hydrothermal/Sedimentary Deposit,15000 tons,15-25% Mn,Quartzite/Schist,Local Metamorphic/Sedimentary Sequence,Phanerozoic,International/US Dataset,Surface Outcrop - Not Drilled,N/A - Surface Occurrence,N/A - Surface Sample Only,Quartzite/Schist (Observed at surface),553,625,600,1583,1333,924,954.65,8.06,1
Lloyd Mine,-120.98547,39.04350,Hydrothermal/Sedimentary Deposit,15000 tons,15-25% Mn,Quartzite/Schist,Local Metamorphic/Sedimentary Sequence,Phanerozoic,International/US Dataset,Surface Outcrop - Not Drilled,N/A - Surface Occurrence,N/A - Surface Sample Only,Quartzite/Schist (Observed at surface),768,1059,1746,2783,3857,2496,691.79,7.39,1
Ryan Prospect,-120.92409,39.16267,Geology associated with Nevada region,100000 tons,15-30% Mn,Limestone/Dolomite,Highland Peak Fm,Cambrian,International/US Dataset,Surface Outcrop - Not Drilled,N/A - Surface Occurrence,N/A - Surface Sample Only,Limestone/Dolomite (Observed at surface),212,333,228,2539,1156,474,677.52,13.14,1
Robie Prospect,-120.29019,37.69742,Hydrothermal/Sedimentary Deposit,15000 tons,15-25% Mn,Quartzite/Schist,Local Metamorphic/Sedimentary Sequence,Phanerozoic,International/US Dataset,Surface Outcrop - Not Drilled,N/A - Surface Occurrence,N/A - Surface Sample Only,Quartzite/Schist (Observed at surface),595,984,1437,2595,3562,2380,437.22,4.1,1
Lugo Claims,-114.82910,33.34896,Geology associated with Imperial region,20000 tons,20-40% Mn,Fanglomerate/Volcanics,Local Tertiary Volcanics,Miocene,International/US Dataset,Surface Outcrop - Not Drilled,N/A - Surface Occurrence,N/A - Surface Sample Only,Fanglomerate/Volcanics (Observed at surface),1091,1368,1836,2113,2906,2663,294.13,9.05,1
El Portal Deposit,-119.8925,37.6075,Hydrothermal/Sedimentary Deposit,15000 tons,15-25% Mn,Quartzite/Schist,Local Metamorphic/Sedimentary Sequence,Phanerozoic,International/US Dataset,Surface Outcrop - Not Drilled,N/A - Surface Occurrence,N/A - Surface Sample Only,Quartzite/Schist (Observed at surface),180,335,323,1957,1747,939,1014.95,12.61,1
K.B. No.1 Claim,-122.60833,39.45472,Hydrothermal/Sedimentary Deposit,15000 tons,15-25% Mn,Quartzite/Schist,Local Metamorphic/Sedimentary Sequence,Phanerozoic,International/US Dataset,Surface Outcrop - Not Drilled,N/A - Surface Occurrence,N/A - Surface Sample Only,Quartzite/Schist (Observed at surface),728,976,1311,1847,2423,1912,698.25,29.74,1
Brereton Mine,-123.11693,38.81430,Geology associated with Mendocino region,15000 tons,35-45% Mn,Radiolarian Chert,Franciscan Complex,Jurassic-Cretaceous,International/US Dataset,Surface Outcrop - Not Drilled,N/A - Surface Occurrence,N/A - Surface Sample Only,Radiolarian Chert (Observed at surface),255,434,392,2983,1857,1021,460.7,20.89,1
Big Little Bear Mine,-120.72851,38.10491,Geology associated with Calaveras region,5000 tons,40-50% Mn,Metachert/Slate,Calaveras Complex,Paleozoic,International/US Dataset,Surface Outcrop - Not Drilled,N/A - Surface Occurrence,N/A - Surface Sample Only,Metachert/Slate (Observed at surface),0,0,0,0,0,0,665.35,9.15,1
Eagle's Head Mine,-120.65991,38.49160,Geology associated with Amador region,5000 tons,40-50% Mn,Metachert/Slate,Calaveras Complex,Paleozoic,International/US Dataset,Surface Outcrop - Not Drilled,N/A - Surface Occurrence,N/A - Surface Sample Only,Metachert/Slate (Observed at surface),155,366,275,2131,1377,669,772.39,11.1,1
Randel Claim No.1,-120.87853,39.04239,Hydrothermal/Sedimentary Deposit,15000 tons,15-25% Mn,Quartzite/Schist,Local Metamorphic/Sedimentary Sequence,Phanerozoic,International/US Dataset,Surface Outcrop - Not Drilled,N/A - Surface Occurrence,N/A - Surface Sample Only,Quartzite/Schist (Observed at surface),204,327,244,1924,1068,507,716.56,11.18,1
Stirnaman Mine,-120.60601,38.44600,Geology associated with Amador region,5000 tons,40-50% Mn,Metachert/Slate,Calaveras Complex,Paleozoic,International/US Dataset,Surface Outcrop - Not Drilled,N/A - Surface Occurrence,N/A - Surface Sample Only,Metachert/Slate (Observed at surface),246,496,356,2891,1374,700,760.8,22.2,1
David Prospect,-120.85547,38.90545,Hydrothermal/Sedimentary Deposit,15000 tons,15-25% Mn,Quartzite/Schist,Local Metamorphic/Sedimentary Sequence,Phanerozoic,International/US Dataset,Surface Outcrop - Not Drilled,N/A - Surface Occurrence,N/A - Surface Sample Only,Quartzite/Schist (Observed at surface),269,384,319,2747,1486,783,804.97,8.06,1
Gale Prospect,-120.26155,37.69798,Hydrothermal/Sedimentary Deposit,15000 tons,15-25% Mn,Quartzite/Schist,Local Metamorphic/Sedimentary Sequence,Phanerozoic,International/US Dataset,Surface Outcrop - Not Drilled,N/A - Surface Occurrence,N/A - Surface Sample Only,Quartzite/Schist (Observed at surface),453,590,745,1917,2154,1357,337.45,14.75,1
Du Frene,-120.86769,38.34184,Geology associated with Amador region,5000 tons,40-50% Mn,Metachert/Slate,Calaveras Complex,Paleozoic,International/US Dataset,Surface Outcrop - Not Drilled,N/A - Surface Occurrence,N/A - Surface Sample Only,Metachert/Slate (Observed at surface),297,485,477,1929,1900,1166,306.41,5.9,1
Peyton Prospect,-120.62768,38.41351,Geology associated with Amador region,5000 tons,40-50% Mn,Metachert/Slate,Calaveras Complex,Paleozoic,International/US Dataset,Surface Outcrop - Not Drilled,N/A - Surface Occurrence,N/A - Surface Sample Only,Metachert/Slate (Observed at surface),143,363,192,2666,1077,438,764.44,8.55,1
Big Gulch Claim,-120.66431,38.49300,Geology associated with Amador region,5000 tons,40-50% Mn,Metachert/Slate,Calaveras Complex,Paleozoic,International/US Dataset,Surface Outcrop - Not Drilled,N/A - Surface Occurrence,N/A - Surface Sample Only,Metachert/Slate (Observed at surface),179,363,286,2524,1507,691,760.48,11.41,1
Thatcher Creek Mine,-123.04943,39.66819,Geology associated with Mendocino region,15000 tons,35-45% Mn,Radiolarian Chert,Franciscan Complex,Jurassic-Cretaceous,International/US Dataset,Surface Outcrop - Not Drilled,N/A - Surface Occurrence,N/A - Surface Sample Only,Radiolarian Chert (Observed at surface),139,313,238,2944,1414,645,685.52,32.39,1
Spy Rock Prospect,-123.50361,39.83902,Geology associated with Mendocino region,15000 tons,35-45% Mn,Radiolarian Chert,Franciscan Complex,Jurassic-Cretaceous,International/US Dataset,Surface Outcrop - Not Drilled,N/A - Surface Occurrence,N/A - Surface Sample Only,Radiolarian Chert (Observed at surface),942,1367,1885,2794,3571,2333,1147.98,13.15,1
Jones Group,-121.41713,37.38853,Hydrothermal/Sedimentary Deposit,15000 tons,15-25% Mn,Quartzite/Schist,Local Metamorphic/Sedimentary Sequence,Phanerozoic,International/US Dataset,Surface Outcrop - Not Drilled,N/A - Surface Occurrence,N/A - Surface Sample Only,Quartzite/Schist (Observed at surface),501,681,957,1619,2608,2024,836.16,17.1,1
Inyo County,-116.90061,36.68191,Hydrothermal/Sedimentary Deposit,15000 tons,15-25% Mn,Quartzite/Schist,Local Metamorphic/Sedimentary Sequence,Phanerozoic,International/US Dataset,Surface Outcrop - Not Drilled,N/A - Surface Occurrence,N/A - Surface Sample Only,Quartzite/Schist (Observed at surface),1196,1583,2052,2244,3139,2694,842.54,26.05,1
Hummingbird Claim,-122.61108,39.63681,Hydrothermal/Sedimentary Deposit,15000 tons,15-25% Mn,Quartzite/Schist,Local Metamorphic/Sedimentary Sequence,Phanerozoic,International/US Dataset,Surface Outcrop - Not Drilled,N/A - Surface Occurrence,N/A - Surface Sample Only,Quartzite/Schist (Observed at surface),790,1184,1404,2360,2567,2043,426.47,22.76,1
April Fool Claim,-116.76868,35.88059,Hydrothermal/Sedimentary Deposit,15000 tons,15-25% Mn,Quartzite/Schist,Local Metamorphic/Sedimentary Sequence,Phanerozoic,International/US Dataset,Surface Outcrop - Not Drilled,N/A - Surface Occurrence,N/A - Surface Sample Only,Quartzite/Schist (Observed at surface),880,1111,1525,1836,2020,1839,205.22,3.85,1
B.S. No. 1,-122.73303,36.64404,Hydrothermal/Sedimentary Deposit,15000 tons,15-25% Mn,Quartzite/Schist,Local Metamorphic/Sedimentary Sequence,Phanerozoic,International/US Dataset,Surface Outcrop - Not Drilled,N/A - Surface Occurrence,N/A - Surface Sample Only,Quartzite/Schist (Observed at surface),406,319,306,264,371,326,0.0,0.0,1
Caldwell Mine,-120.28629,37.68022,Hydrothermal/Sedimentary Deposit,15000 tons,15-25% Mn,Quartzite/Schist,Local Metamorphic/Sedimentary Sequence,Phanerozoic,International/US Dataset,Surface Outcrop - Not Drilled,N/A - Surface Occurrence,N/A - Surface Sample Only,Quartzite/Schist (Observed at surface),536,783,1215,2471,2895,1810,491.96,10.68,1
Hughes Mine,-120.34322,37.76048,Hydrothermal/Sedimentary Deposit,15000 tons,15-25% Mn,Quartzite/Schist,Local Metamorphic/Sedimentary Sequence,Phanerozoic,International/US Dataset,Surface Outcrop - Not Drilled,N/A - Surface Occurrence,N/A - Surface Sample Only,Quartzite/Schist (Observed at surface),1007,1392,1952,2617,3963,2579,443.4,12.92,1
Stewart and Nuss Prospect,-119.63708,37.26771,Hydrothermal/Sedimentary Deposit,15000 tons,15-25% Mn,Quartzite/Schist,Local Metamorphic/Sedimentary Sequence,Phanerozoic,International/US Dataset,Surface Outcrop - Not Drilled,N/A - Surface Occurrence,N/A - Surface Sample Only,Quartzite/Schist (Observed at surface),381,558,799,2212,2214,1139,1253.1,13.8,1
Ricioli Prospect,-120.98487,35.51135,Hydrothermal/Sedimentary Deposit,15000 tons,15-25% Mn,Quartzite/Schist,Local Metamorphic/Sedimentary Sequence,Phanerozoic,International/US Dataset,Surface Outcrop - Not Drilled,N/A - Surface Occurrence,N/A - Surface Sample Only,Quartzite/Schist (Observed at surface),943,1192,1687,2396,4400,3235,80.1,14.01,1
Barbour Prospect,-118.83316,36.22385,Hydrothermal/Sedimentary Deposit,15000 tons,15-25% Mn,Quartzite/Schist,Local Metamorphic/Sedimentary Sequence,Phanerozoic,International/US Dataset,Surface Outcrop - Not Drilled,N/A - Surface Occurrence,N/A - Surface Sample Only,Quartzite/Schist (Observed at surface),747,934,1149,2898,3394,2387,613.23,5.7,1
Ladd Mine,-121.49685,37.60658,Hydrothermal/Sedimentary Deposit,15000 tons,15-25% Mn,Quartzite/Schist,Local Metamorphic/Sedimentary Sequence,Phanerozoic,International/US Dataset,Surface Outcrop - Not Drilled,N/A - Surface Occurrence,N/A - Surface Sample Only,Quartzite/Schist (Observed at surface),817,1045,1520,2106,3202,2433,327.29,17.39,1
Queens Peak Mine,-124.04557,40.06902,Geology associated with Humboldt region,15000 tons,35-45% Mn,Radiolarian Chert,Franciscan Complex,Jurassic-Cretaceous,International/US Dataset,Surface Outcrop - Not Drilled,N/A - Surface Occurrence,N/A - Surface Sample Only,Radiolarian Chert (Observed at surface),303,484,259,4315,1328,528,654.39,25.98,1
Confidence Hills Deposit,-116.45254,35.87388,Hydrothermal/Sedimentary Deposit,15000 tons,15-25% Mn,Quartzite/Schist,Local Metamorphic/Sedimentary Sequence,Phanerozoic,International/US Dataset,Surface Outcrop - Not Drilled,N/A - Surface Occurrence,N/A - Surface Sample Only,Quartzite/Schist (Observed at surface),1263,1609,1963,2261,3183,2799,857.88,10.48,1
National Defense Claim,-123.01195, 41.32817,Hydrothermal/Sedimentary Deposit,15000 tons,15-25% Mn,Quartzite/Schist,Local Metamorphic/Sedimentary Sequence,Phanerozoic,International/US Dataset,Surface Outcrop - Not Drilled,N/A - Surface Occurrence,N/A - Surface Sample Only,Quartzite/Schist (Observed at surface),0,0,0,0,0,0,1353.62,25.4,1
Trout Creek,-123.22611,40.12095,Geology associated with Trinity region,15000 tons,35-45% Mn,Radiolarian Chert,Franciscan Complex,Jurassic-Cretaceous,International/US Dataset,Surface Outcrop - Not Drilled,N/A - Surface Occurrence,N/A - Surface Sample Only,Radiolarian Chert (Observed at surface),461,634,831,2002,2443,1789,1351.66,17.62,1
Big Reef Mine,-116.34195,34.80421,Geology associated with San Bernardino region,20000 tons,20-40% Mn,Fanglomerate/Volcanics,Local Tertiary Volcanics,Miocene,International/US Dataset,Surface Outcrop - Not Drilled,N/A - Surface Occurrence,N/A - Surface Sample Only,Fanglomerate/Volcanics (Observed at surface),676,865,1177,1445,2138,2137,741.59,14.1,1
Lee Yim,-116.22807,34.76058,Geology associated with San Bernardino region,20000 tons,20-40% Mn,Fanglomerate/Volcanics,Local Tertiary Volcanics,Miocene,International/US Dataset,Surface Outcrop - Not Drilled,N/A - Surface Occurrence,N/A - Surface Sample Only,Fanglomerate/Volcanics (Observed at surface),465,612,1067,1332,2825,2744,768.78,12.2,1
Charles Mountain Mine,-123.69223,40.39845,Geology associated with Humboldt region,15000 tons,35-45% Mn,Radiolarian Chert,Franciscan Complex,Jurassic-Cretaceous,International/US Dataset,Surface Outcrop - Not Drilled,N/A - Surface Occurrence,N/A - Surface Sample Only,Radiolarian Chert (Observed at surface),159,348,206,2958,933,373,1045.74,16.09,1
Bonanza Manganese Claims,-123.20444,40.21624 ,Geology associated with Trinity region,15000 tons,35-45% Mn,Radiolarian Chert,Franciscan Complex,Jurassic-Cretaceous,International/US Dataset,Surface Outcrop - Not Drilled,N/A - Surface Occurrence,N/A - Surface Sample Only,Radiolarian Chert (Observed at surface),466,693,969,2001,2545,1694,1115.03,16.55,1
Fort Seward Mine,-123.70552,40.20455,Geology associated with Humboldt region,15000 tons,35-45% Mn,Radiolarian Chert,Franciscan Complex,Jurassic-Cretaceous,International/US Dataset,Surface Outcrop - Not Drilled,N/A - Surface Occurrence,N/A - Surface Sample Only,Radiolarian Chert (Observed at surface),200,345,404,1401,1595,1055,889.5,16.61,1
Elsinore Manganese Deposits,-117.25809,33.72447,Geology associated with Riverside region,20000 tons,20-40% Mn,Fanglomerate/Volcanics,Local Tertiary Volcanics,Miocene,International/US Dataset,Surface Outcrop - Not Drilled,N/A - Surface Occurrence,N/A - Surface Sample Only,Fanglomerate/Volcanics (Observed at surface),624,824,1161,1541,2836,2127,442.68,7.56,1
Lucky Sunday Mine,-123.23778,40.15374,Geology associated with Trinity region,15000 tons,35-45% Mn,Radiolarian Chert,Franciscan Complex,Jurassic-Cretaceous,International/US Dataset,Surface Outcrop - Not Drilled,N/A - Surface Occurrence,N/A - Surface Sample Only,Radiolarian Chert (Observed at surface),431,598,866,1909,2618,2037,1016.35,19.02,1
Young Mine,-123.31027,39.47042,Geology associated with Mendocino region,15000 tons,35-45% Mn,Radiolarian Chert,Franciscan Complex,Jurassic-Cretaceous,International/US Dataset,Surface Outcrop - Not Drilled,N/A - Surface Occurrence,N/A - Surface Sample Only,Radiolarian Chert (Observed at surface),188,411,215,3198,955,384,777.04,17.38,1
Orchard Mine,-114.24329,34.36198,Geology associated with San Bernardino region,20000 tons,20-40% Mn,Fanglomerate/Volcanics,Local Tertiary Volcanics,Miocene,International/US Dataset,Surface Outcrop - Not Drilled,N/A - Surface Occurrence,N/A - Surface Sample Only,Fanglomerate/Volcanics (Observed at surface),777,1008,1340,1636,2565,2391,224.64,9.79,1
Langdon Deposit,-114.80108,33.84199,Geology associated with Riverside region,20000 tons,20-40% Mn,Fanglomerate/Volcanics,Local Tertiary Volcanics,Miocene,International/US Dataset,Surface Outcrop - Not Drilled,N/A - Surface Occurrence,N/A - Surface Sample Only,Fanglomerate/Volcanics (Observed at surface),1365,1700,2123,2408,3581,3575,291.14,7.24,1
San Bernardino County,-123.8671372,41.3049302,Geology associated with San Bernardino region,20000 tons,20-40% Mn,Fanglomerate/Volcanics,Local Tertiary Volcanics,Miocene,International/US Dataset,Surface Outcrop - Not Drilled,N/A - Surface Occurrence,N/A - Surface Sample Only,Fanglomerate/Volcanics (Observed at surface),211,482,288,3941,1560,611,255.41,18.57,1
Sherry Ann Prospect,-116.20913,32.62507,Hydrothermal/Sedimentary Deposit,15000 tons,15-25% Mn,Quartzite/Schist,Local Metamorphic/Sedimentary Sequence,Phanerozoic,International/US Dataset,Surface Outcrop - Not Drilled,N/A - Surface Occurrence,N/A - Surface Sample Only,Quartzite/Schist (Observed at surface),954,1370,1958,2590,4028,3242,961.95,6.42,1
Knutte Deposit,-122.57106,38.09267,Hydrothermal/Sedimentary Deposit,15000 tons,15-25% Mn,Quartzite/Schist,Local Metamorphic/Sedimentary Sequence,Phanerozoic,International/US Dataset,Surface Outcrop - Not Drilled,N/A - Surface Occurrence,N/A - Surface Sample Only,Quartzite/Schist (Observed at surface),734,839,914,1444,1492,1170,19.91,7.5,1
Lillie Mine,-117.28809,35.80558,Hydrothermal/Sedimentary Deposit,15000 tons,15-25% Mn,Quartzite/Schist,Local Metamorphic/Sedimentary Sequence,Phanerozoic,International/US Dataset,Surface Outcrop - Not Drilled,N/A - Surface Occurrence,N/A - Surface Sample Only,Quartzite/Schist (Observed at surface),1343,1724,2239,2598,3856,3505,606.25,13.85,1
Stewart Mine,-114.36600,34.38334,Geology associated with San Bernardino region,20000 tons,20-40% Mn,Fanglomerate/Volcanics,Local Tertiary Volcanics,Miocene,International/US Dataset,Surface Outcrop - Not Drilled,N/A - Surface Occurrence,N/A - Surface Sample Only,Fanglomerate/Volcanics (Observed at surface),1033,1382,1979,2345,3355,3056,339.68,11.02,1
Monument King Mine,-114.29773,34.29310,Geology associated with San Bernardino region,20000 tons,20-40% Mn,Fanglomerate/Volcanics,Local Tertiary Volcanics,Miocene,International/US Dataset,Surface Outcrop - Not Drilled,N/A - Surface Occurrence,N/A - Surface Sample Only,Fanglomerate/Volcanics (Observed at surface),718,931,1547,1801,1992,1973,717.65,20.49,1
Colchester County,-63.47751,45.31654,Geology associated with Nova Scotia region,10000 tons,30-40% Mn,Limestone/Shale,Macumber Formation / Windsor Group,Carboniferous,International/US Dataset,Surface Outcrop - Not Drilled,N/A - Surface Occurrence,N/A - Surface Sample Only,Limestone/Shale (Observed at surface),643,838,887,2578,1869,1343,5.09,4.08,1
Magnet Cove,-64.04202,45.20655,Geology associated with Nova Scotia region,10000 tons,30-40% Mn,Limestone/Shale,Macumber Formation / Windsor Group,Carboniferous,International/US Dataset,Surface Outcrop - Not Drilled,N/A - Surface Occurrence,N/A - Surface Sample Only,Limestone/Shale (Observed at surface),317,301,154,1,99,68,24.67,5.35,1
Shag Rock Deposit,-132.65836,54.14666,Hydrothermal/Sedimentary Deposit,15000 tons,15-25% Mn,Quartzite/Schist,Local Metamorphic/Sedimentary Sequence,Phanerozoic,International/US Dataset,Surface Outcrop - Not Drilled,N/A - Surface Occurrence,N/A - Surface Sample Only,Quartzite/Schist (Observed at surface),258,552,285,3318,965,452,34.34,21.22,1
Lake Charlotte,-62.92312,44.76957,Geology associated with Nova Scotia region,10000 tons,30-40% Mn,Limestone/Shale,Macumber Formation / Windsor Group,Carboniferous,International/US Dataset,Surface Outcrop - Not Drilled,N/A - Surface Occurrence,N/A - Surface Sample Only,Limestone/Shale (Observed at surface),297,498,383,3508,1792,886,61.52,3.79,1
Ochaqui Mine,-66.83084,-24.94527,Geology associated with Argentina region,50000 tons,20-30% Mn,Granite/Pegmatite,Sierras Pampeanas Basement,Neoproterozoic,International/US Dataset,Surface Outcrop - Not Drilled,N/A - Surface Occurrence,N/A - Surface Sample Only,Granite/Pegmatite (Observed at surface),802,1248,1890,2330,2729,2592,4460.28,12.05,1
Aguada,-67.1717,18.36316,Geology associated with Puerto Rico region,5000 tons,20-30% Mn,Tuff/Breccia,Rio Loco Formation,Cretaceous,International/US Dataset,Surface Outcrop - Not Drilled,N/A - Surface Occurrence,N/A - Surface Sample Only,Tuff/Breccia (Observed at surface),199,632,349,4766,2370,1045,46.96,6.11,1
Serra Do Navio,-52.01587,0.92654,Geology associated with Amap region,40000000 tons,40-50% Mn,Schist/Amphibolite,Serra do Navio Fm,Paleoproterozoic,International/US Dataset,"Open pit mining, weathered profile 50-100m deep",Lenses 5 to 30 meters thick,"Primary carbonate 25-30% Mn, oxide 40-50%","Biotite-garnet schist, amphibolite, gondite",236,439,229,2563,1408,611,135.02,13.64,1
Las Mercedes Mine,-75.58301,5.88459,Hydrothermal/Sedimentary Deposit,15000 tons,15-25% Mn,Quartzite/Schist,Local Metamorphic/Sedimentary Sequence,Phanerozoic,International/US Dataset,Surface Outcrop - Not Drilled,N/A - Surface Occurrence,N/A - Surface Sample Only,Quartzite/Schist (Observed at surface),588,1073,801,4895,3446,1802,1438.25,26.56,1
Costa Rica,-84.4444,10.13164,Hydrothermal/Sedimentary Deposit,15000 tons,15-25% Mn,Quartzite/Schist,Local Metamorphic/Sedimentary Sequence,Phanerozoic,International/US Dataset,Surface Outcrop - Not Drilled,N/A - Surface Occurrence,N/A - Surface Sample Only,Quartzite/Schist (Observed at surface),347,399,530,921,1694,1372,1142.08,11.84,1
Tafna Mine,-65.68276,-22.13087,Geology associated with Argentina region,50000 tons,20-30% Mn,Granite/Pegmatite,Sierras Pampeanas Basement,Neoproterozoic,International/US Dataset,Surface Outcrop - Not Drilled,N/A - Surface Occurrence,N/A - Surface Sample Only,Granite/Pegmatite (Observed at surface),931,1342,1959,2452,3618,3038,3570.28,1.11,1
Alto San Luis Mine,-71.12121,-29.69079,Hydrothermal/Sedimentary Deposit,15000 tons,15-25% Mn,Quartzite/Schist,Local Metamorphic/Sedimentary Sequence,Phanerozoic,International/US Dataset,Surface Outcrop - Not Drilled,N/A - Surface Occurrence,N/A - Surface Sample Only,Quartzite/Schist (Observed at surface),565,1022,1020,2751,2499,1832,842.39,21.39,1
Arroyo Verde Deposit,-65.33333,-42.01667,Geology associated with Argentina region,50000 tons,20-30% Mn,Granite/Pegmatite,Sierras Pampeanas Basement,Neoproterozoic,International/US Dataset,Surface Outcrop - Not Drilled,N/A - Surface Occurrence,N/A - Surface Sample Only,Granite/Pegmatite (Observed at surface),739,969,1293,1943,2418,2086,147.46,4.06,1
Siglo XX,-66.60364, -18.44207,Hydrothermal/Sedimentary Deposit,15000 tons,15-25% Mn,Quartzite/Schist,Local Metamorphic/Sedimentary Sequence,Phanerozoic,International/US Dataset,Surface Outcrop - Not Drilled,N/A - Surface Occurrence,N/A - Surface Sample Only,Quartzite/Schist (Observed at surface),937,1300,1561,2139,3237,2456,4392.63,24.5,1
La Escondida Mine,-71.09148, -29.84302 ,Hydrothermal/Sedimentary Deposit,15000 tons,15-25% Mn,Quartzite/Schist,Local Metamorphic/Sedimentary Sequence,Phanerozoic,International/US Dataset,Surface Outcrop - Not Drilled,N/A - Surface Occurrence,N/A - Surface Sample Only,Quartzite/Schist (Observed at surface),394,729,773,1891,1635,1231,311.67,11.79,1
Quinto Mine,-75.55275,20.12504,Geology associated with Cuba region,2000000 tons,40-45% Mn,Tuff/Limestone,Charco Redondo Formation,Paleogene,International/US Dataset,Surface Outcrop - Not Drilled,N/A - Surface Occurrence,N/A - Surface Sample Only,Tuff/Limestone (Observed at surface),454,709,741,2804,2816,1733,197.64,6.22,1
Rosita Segunda Deposit,-75.21079,20.11949,Geology associated with Cuba region,2000000 tons,40-45% Mn,Tuff/Limestone,Charco Redondo Formation,Paleogene,International/US Dataset,Surface Outcrop - Not Drilled,N/A - Surface Occurrence,N/A - Surface Sample Only,Tuff/Limestone (Observed at surface),535,915,753,3359,2211,1323,46.04,2.07,1
Tiouine Mine,-7.13168,30.88293,Geology associated with Morocco region,10000000 tons,70-75% Mn,Dolomite,Cenomanian-Turonian Dolomites,Cretaceous,International/US Dataset,Surface Outcrop - Not Drilled,N/A - Surface Occurrence,N/A - Surface Sample Only,Dolomite (Observed at surface),887,1198,1896,2268,2342,2299,1394.04,13.02,1
Imini Mine,-6.89835,30.73294,Geology associated with Morocco region,10000000 tons,70-75% Mn,Dolomite,Cenomanian-Turonian Dolomites,Cretaceous,International/US Dataset,"Shallow underground shafts, 10m to 50m typical","1 to 3 distinct beds, 1 to 2 meters thick each",70-75% MnO2 (pyrolusite/psilomelane),Dolomite and dolomitic limestone,958,1310,1862,2168,2361,2154,1351.56,9.46,1
Morocco,-4.33164,32.58282,Geology associated with Morocco region,10000000 tons,70-75% Mn,Dolomite,Cenomanian-Turonian Dolomites,Cretaceous,International/US Dataset,"Shallow underground shafts, 10m to 50m typical","1 to 3 distinct beds, 1 to 2 meters thick each",70-75% MnO2 (pyrolusite/psilomelane),Dolomite and dolomitic limestone,1337,1991,2771,3184,3876,3509,2132.15,21.43,1
Tasdremt Deposit,-8.03169,30.58296,Geology associated with Morocco region,10000000 tons,70-75% Mn,Dolomite,Cenomanian-Turonian Dolomites,Cretaceous,International/US Dataset,Surface Outcrop - Not Drilled,N/A - Surface Occurrence,N/A - Surface Sample Only,Dolomite (Observed at surface),1092,1564,2352,3284,3911,3174,922.39,3.97,1
India,80.05034,21.95506,Hydrothermal/Sedimentary Deposit,15000 tons,15-25% Mn,Quartzite/Schist,Local Metamorphic/Sedimentary Sequence,Phanerozoic,International/US Dataset,Surface Outcrop - Not Drilled,N/A - Surface Occurrence,N/A - Surface Sample Only,Quartzite/Schist (Observed at surface),1129,1570,2017,2715,3805,3375,324.63,0.66,1
Ukraine,34.41851,47.56508,Geology associated with Ukraine region,2000000000 tons,25-30% Mn,Sand/Clay,Oligocene sediments,Oligocene,International/US Dataset,15m to 140m below surface,1.5 to 3 meters thick continuous seam,"25-30% Mn (oxide, mixed, carbonate zones)","Glauconitic sands, clays, and silts",475,638,799,1395,1949,1679,14.68,2.67,1
Five Islands Barite,-63.60425,45.47687,Geology associated with Nova Scotia region,10000 tons,30-40% Mn,Limestone/Shale,Macumber Formation / Windsor Group,Carboniferous,International/US Dataset,Surface Outcrop - Not Drilled,N/A - Surface Occurrence,N/A - Surface Sample Only,Limestone/Shale (Observed at surface),244,443,238,2822,1374,561,89.66,4.79,1
Japan,143.97391,"43.40788, ",Geology associated with Hokkaido region,500000 tons,25-35% Mn,Green Tuff/Mudstone,Kunnui Formation,Miocene,International/US Dataset,Surface Outcrop - Not Drilled,N/A - Surface Occurrence,N/A - Surface Sample Only,Green Tuff/Mudstone (Observed at surface),NA,NA,NA,NA,NA,NA,607.96,3.35,1
Hagidaira Mine,139.49274,36.58453,Geology associated with Japan region,500000 tons,25-35% Mn,Green Tuff/Mudstone,Kunnui Formation,Miocene,International/US Dataset,Surface Outcrop - Not Drilled,N/A - Surface Occurrence,N/A - Surface Sample Only,Green Tuff/Mudstone (Observed at surface),53,144,86,1665,641,280,747.61,33.03,1
Woodie Woodie Mine,121.24291,-21.63547,Geology associated with Woodie region,30000000 tons,45% Mn,Dolomite,Carawine Dolomite,Neoarchean,International/US Dataset,Open pits range 30m to 100m deep,Irregular pods/lenses up to 50m thick,High-grade 45-50% Mn (siliceous zones),Karst breccias and cherty dolomite,461,521,698,748,1219,1197,281.12,1.18,1
Nsuta Mine,-1.94856, 5.23454,Geology associated with Nsuta region,30000000 tons,40-50% Mn,Phyllite/Gondite,Birimian Supergroup,Paleoproterozoic,International/US Dataset,Open pit & drilled to 100m+ depth,Lenses 10 to 30 meters thick,Carbonate protore ~30% Mn; oxide cap 40-50%,"Phyllites, tuffs, and gondites",416,626,416,3356,2074,1032,95.23,15.74,1
Matthew's Ridge,-60.16604,7.53449,Hydrothermal/Sedimentary Deposit,15000 tons,15-25% Mn,Quartzite/Schist,Local Metamorphic/Sedimentary Sequence,Phanerozoic,International/US Dataset,Surface Outcrop - Not Drilled,N/A - Surface Occurrence,N/A - Surface Sample Only,Quartzite/Schist (Observed at surface),134,234,129,2150,1169,463,63.38,8.89,1
Mokta Mine,-5.39917,5.31321,Hydrothermal/Sedimentary Deposit,15000 tons,15-25% Mn,Quartzite/Schist,Local Metamorphic/Sedimentary Sequence,Phanerozoic,International/US Dataset,Surface Outcrop - Not Drilled,N/A - Surface Occurrence,N/A - Surface Sample Only,Quartzite/Schist (Observed at surface),398,562,453,2476,2047,1088,62.99,10.28,1
Tartana Mine,23.93128,41.37919,Hydrothermal/Sedimentary Deposit,15000 tons,15-25% Mn,Quartzite/Schist,Local Metamorphic/Sedimentary Sequence,Phanerozoic,International/US Dataset,Surface Outcrop - Not Drilled,N/A - Surface Occurrence,N/A - Surface Sample Only,Quartzite/Schist (Observed at surface),91,285,164,2269,0,579,680.79,13.78,1
Kepez-Köy,31.89873,41.27882,Hydrothermal/Sedimentary Deposit,15000 tons,15-25% Mn,Quartzite/Schist,Local Metamorphic/Sedimentary Sequence,Phanerozoic,International/US Dataset,Surface Outcrop - Not Drilled,N/A - Surface Occurrence,N/A - Surface Sample Only,Quartzite/Schist (Observed at surface),195,438,279,3037,1846,795,607.72,12.39,1
Soganliyuruk,31.81268,41.20362,Hydrothermal/Sedimentary Deposit,15000 tons,15-25% Mn,Quartzite/Schist,Local Metamorphic/Sedimentary Sequence,Phanerozoic,International/US Dataset,Surface Outcrop - Not Drilled,N/A - Surface Occurrence,N/A - Surface Sample Only,Quartzite/Schist (Observed at surface),125,311,160,3941,1924,806,935.71,15.53,1
Zenoli Mine,-116.25814,40.56741,Geology associated with Nevada region,100000 tons,15-30% Mn,Limestone/Dolomite,Highland Peak Fm,Cambrian,International/US Dataset,Surface Outcrop - Not Drilled,N/A - Surface Occurrence,N/A - Surface Sample Only,Limestone/Dolomite (Observed at surface),787,990,1277,1642,2012,1856,1566.79,22.09,1
Virginia Mine,-106.79389,29.6991,Geology associated with Virginia region,30000 tons,30-45% Mn,Clay/Quartzite,Shady Dolomite / Antietam Fm,Cambrian,International/US Dataset,Surface Outcrop - Not Drilled,N/A - Surface Occurrence,N/A - Surface Sample Only,Clay/Quartzite (Observed at surface),875,1116,1582,2156,3477,2858,1747.71,10.34,1
Pedro Dome,-147.51265,65.00527,Hydrothermal/Sedimentary Deposit,15000 tons,15-25% Mn,Quartzite/Schist,Local Metamorphic/Sedimentary Sequence,Phanerozoic,International/US Dataset,Surface Outcrop - Not Drilled,N/A - Surface Occurrence,N/A - Surface Sample Only,Quartzite/Schist (Observed at surface),236,500,313,3057,1354,662,327.06,3.16,1
Ose Este,-111.37765,33.75368,Geology associated with Aguila region,50000 tons,15-20% Mn,Andesite/Tuff,Local Volcanics,Miocene,International/US Dataset,Surface Outcrop - Not Drilled,N/A - Surface Occurrence,N/A - Surface Sample Only,Andesite/Tuff (Observed at surface),693,1027,1140,2367,2481,1767,1755.66,15.69,1
Humboldt County,-117.5823037,40.9888956,Geology associated with Humboldt region,15000 tons,35-45% Mn,Radiolarian Chert,Franciscan Complex,Jurassic-Cretaceous,International/US Dataset,Surface Outcrop - Not Drilled,N/A - Surface Occurrence,N/A - Surface Sample Only,Radiolarian Chert (Observed at surface),947,1281,1722,2196,3859,2844,1483.19,4.38,1
MP Mine (FID: 1),80.166667,21.816667,BALAGHAT BELT,6210000.0,+48% Mn,"PHYLLITE,QUARTZITE",LOHANGI Fm..,,Madhya Pradesh (India) Dataset,150m to 400m (MOIL underground depth profile),1 to 15 meters,Consistent with surface reserve (35-50% Mn),"Gondite, Calc-granulite, and Quartz-mica Schist",757,1062,1266,3082,2916,1922,308.26,6.89,1
MP Mine (FID: 2),80.233333,22.0,SAUSAR BELT,1600000.0,35%-46% Mn,"SCHIST,PHYLLITE",LOHANGI Fm.,,Madhya Pradesh (India) Dataset,150m to 400m (MOIL underground depth profile),1 to 15 meters,Consistent with surface reserve (35-50% Mn),"Gondite, Calc-granulite, and Quartz-mica Schist",547,829,886,2422,2432,1696,448.28,7.08,1
MP Mine (FID: 3),79.75,21.716667,SAUSAR BELT,,-,GONDITE-QUARTZITE,LOHANGI Fm..,,Madhya Pradesh (India) Dataset,150m to 400m (MOIL underground depth profile),1 to 15 meters,Consistent with surface reserve (35-50% Mn),"Gondite, Calc-granulite, and Quartz-mica Schist",708,1150,1423,2572,3352,2591,354.92,2.11,1
MP Mine (FID: 4),79.733333,21.683333,SAUSAR BELT,799700.0,+48% Mn,"GONDITE,QUARTZITE",LOHANGI Fm..,,Madhya Pradesh (India) Dataset,150m to 400m (MOIL underground depth profile),1 to 15 meters,Consistent with surface reserve (35-50% Mn),"Gondite, Calc-granulite, and Quartz-mica Schist",1133,1521,1851,2598,3679,3304,336.66,2.2,1
MP Mine (FID: 5),80.466667,21.966667,SAUSAR BELT,12500000.0,38.51%-43.12% Mn,SCHIST AND PHYLLITE,LOHANGI Fm.,,Madhya Pradesh (India) Dataset,150m to 400m (MOIL underground depth profile),1 to 15 meters,Consistent with surface reserve (35-50% Mn),"Gondite, Calc-granulite, and Quartz-mica Schist",1128,1462,1726,2584,3473,3239,618.61,2.08,1
MP Mine (FID: 6),80.366667,21.833333,SAUSAR BELT,437000.0,50.36% Mn,SCHISTS,LOHANGI Fm..,,Madhya Pradesh (India) Dataset,150m to 400m (MOIL underground depth profile),1 to 15 meters,Consistent with surface reserve (35-50% Mn),"Gondite, Calc-granulite, and Quartz-mica Schist",600,847,938,2815,2682,1692,655.62,14.63,1
MP Mine (FID: 7),79.1,21.41878833,Sausar Belt,159000.0,Mn (Manganese): 7.65 to 25.12%,Pink and white Marble,,Palaeoproterozoic,Madhya Pradesh (India) Dataset,150m to 400m (MOIL underground depth profile),1 to 15 meters,Consistent with surface reserve (35-50% Mn),"Gondite, Calc-granulite, and Quartz-mica Schist",0,0,0,0,0,0,320.48,1.03,1
MP Mine (FID: 8),79.2666670002,21.3333330003,Sausar Belt,200000.0,,"Quartz schist, Mica schist",,Palaeoproterozoic,Madhya Pradesh (India) Dataset,150m to 400m (MOIL underground depth profile),1 to 15 meters,Consistent with surface reserve (35-50% Mn),"Gondite, Calc-granulite, and Quartz-mica Schist",770,1026,1379,1947,3366,2856,306.87,1.06,1
MP Mine (FID: 9),79.3033694148,21.4167436996,Sausar Belt,180000.0,Low Grade Ore,Chorbaoli Quartzite,,Palaeoproterozoic,Madhya Pradesh (India) Dataset,150m to 400m (MOIL underground depth profile),1 to 15 meters,Consistent with surface reserve (35-50% Mn),"Gondite, Calc-granulite, and Quartz-mica Schist",547,750,1107,1664,3336,3117,331.97,0.81,1
MP Mine (FID: 10),79.31426769,21.3486571448,Sausar Belt,500.0,Mn (Manganese): 37.94% and P (Phosphorus): 0.24%,Quartzite,,Palaeoproterozoic,Madhya Pradesh (India) Dataset,150m to 400m (MOIL underground depth profile),1 to 15 meters,Consistent with surface reserve (35-50% Mn),"Gondite, Calc-granulite, and Quartz-mica Schist",346,523,738,1074,2254,2397,301.54,1.02,1
MP Mine (FID: 11),79.4263446656,21.5794225155,Sausar Belt,,,"Braunite rich, hosted in pink and white marble",,Palaeoproterozoic,Madhya Pradesh (India) Dataset,150m to 400m (MOIL underground depth profile),1 to 15 meters,Consistent with surface reserve (35-50% Mn),"Gondite, Calc-granulite, and Quartz-mica Schist",651,1039,1498,2032,3299,2763,365.07,1.37,1
MP Mine (FID: 12),79.4499999997,21.383333,Sausar Belt,383968.0,Mn (Manganese) (Wt%):30%-35% in pink and white marble,Gondites,,Palaeoproterozoic,Madhya Pradesh (India) Dataset,150m to 400m (MOIL underground depth profile),1 to 15 meters,Consistent with surface reserve (35-50% Mn),"Gondite, Calc-granulite, and Quartz-mica Schist",1189,1530,2178,2871,3525,2872,301.71,1.19,1
MP Mine (FID: 13),79.500383,21.4044830001,Sausar Belt,126000.0,"Mn (Manganese) (Wt%):35.80%, P (Phosphorous) (Wt%):0.29%",Calc Granulite,,Palaeoproterozoic,Madhya Pradesh (India) Dataset,150m to 400m (MOIL underground depth profile),1 to 15 meters,Consistent with surface reserve (35-50% Mn),"Gondite, Calc-granulite, and Quartz-mica Schist",984,1503,2000,2952,3839,3229,320.04,3.44,1
MP Mine (FID: 14),79.6813670003,21.5029500004,Sausar Belt,1000000.0,"Mn (Manganese) (Wt%): 19.19% to 37.88%, P (Phosphorous) (Wt%):0.29%",Banded Chert Jasper band interbanded with light grey/cream coloured Cherty Limestone,,Palaeoproterozoic,Madhya Pradesh (India) Dataset,150m to 400m (MOIL underground depth profile),1 to 15 meters,Consistent with surface reserve (35-50% Mn),"Gondite, Calc-granulite, and Quartz-mica Schist",469,809,788,2758,3027,2029,310.12,2.79,1
MP Mine (FID: 15),79.747889323,21.7142547975,Sausar Belt,,,Gondites-Quartzite,,Palaeoproterozoic,Madhya Pradesh (India) Dataset,150m to 400m (MOIL underground depth profile),1 to 15 meters,Consistent with surface reserve (35-50% Mn),"Gondite, Calc-granulite, and Quartz-mica Schist",1105,1631,2021,3484,4180,3342,352.42,2.43,1
MP Mine (FID: 16),79.733333,21.6833330002,Sausar Belt,799700.0,Mn (Manganese) (Wt%):+48%,Gondites-Quartzite,,Palaeoproterozoic,Madhya Pradesh (India) Dataset,150m to 400m (MOIL underground depth profile),1 to 15 meters,Consistent with surface reserve (35-50% Mn),"Gondite, Calc-granulite, and Quartz-mica Schist",1133,1521,1851,2598,3679,3304,336.66,2.2,1
MP Mine (FID: 17),79.7756,21.5464500004,Sausar Belt,440000.0,"Mn (Manganese) (Wt%):34%-38%, P (Phosphorous) (Wt%):0.25%",Mica schists and Quartz schists,,Palaeoproterozoic,Madhya Pradesh (India) Dataset,150m to 400m (MOIL underground depth profile),1 to 15 meters,Consistent with surface reserve (35-50% Mn),"Gondite, Calc-granulite, and Quartz-mica Schist",538,840,852,3008,2924,1914,348.18,18.05,1
MP Mine (FID: 18),79.7666669996,21.4500000003,Sausar Belt,5640.0,Mn (Manganese) (Wt%): 42%-48%,Gondites,,Palaeoproterozoic,Madhya Pradesh (India) Dataset,150m to 400m (MOIL underground depth profile),1 to 15 meters,Consistent with surface reserve (35-50% Mn),"Gondite, Calc-granulite, and Quartz-mica Schist",731,1022,1268,1733,2604,2147,284.69,2.03,1
MP Mine (FID: 19),79.9795829997,21.8804000002,Sausar Belt,136000.0,Mn (Manganese): 11.7% to 35%,Biotite-muscovite schist,,Palaeoproterozoic,Madhya Pradesh (India) Dataset,150m to 400m (MOIL underground depth profile),1 to 15 meters,Consistent with surface reserve (35-50% Mn),"Gondite, Calc-granulite, and Quartz-mica Schist",629,939,1027,2629,2701,1823,421.67,13.5,1
MP Mine (FID: 20),79.9614169998,21.8692669999,Sausar Belt,130000.0,Mn (Manganese) (Wt%): 35% to 54%,Muscovite Biotite schist,,Palaeoproterozoic,Madhya Pradesh (India) Dataset,150m to 400m (MOIL underground depth profile),1 to 15 meters,Consistent with surface reserve (35-50% Mn),"Gondite, Calc-granulite, and Quartz-mica Schist",537,822,1002,2671,2777,1806,348.52,3.34,1
MP Mine (FID: 21),79.9604901745,21.5399954904,Tirodi Gneissic Complex,1950000.0,Mn (Manganese) (Wt%): +40%,Schist,,Archaean,Madhya Pradesh (India) Dataset,150m to 400m (MOIL underground depth profile),1 to 15 meters,Consistent with surface reserve (35-50% Mn),"Gondite, Calc-granulite, and Quartz-mica Schist",1542,1565,1876,3018,3568,2919,278.85,1.57,1
MP Mine (FID: 22),80.1666670001,21.8166669996,Sausar Belt,6210000.0,Mn (Manganese) (Wt%):+48%,"Phyllite, Quartzite",,Palaeoproterozoic,Madhya Pradesh (India) Dataset,150m to 400m (MOIL underground depth profile),1 to 15 meters,Consistent with surface reserve (35-50% Mn),"Gondite, Calc-granulite, and Quartz-mica Schist",757,1062,1266,3082,2916,1922,308.26,6.89,1
MP Mine (FID: 23),80.2333330003,21.9999999997,Sausar Belt,1600000.0,Mn (Manganese) (Wt%):35%-46%,"Schist, Phyllite",,Palaeoproterozoic,Madhya Pradesh (India) Dataset,150m to 400m (MOIL underground depth profile),1 to 15 meters,Consistent with surface reserve (35-50% Mn),"Gondite, Calc-granulite, and Quartz-mica Schist",547,829,886,2422,2432,1696,448.28,7.08,1
MP Mine (FID: 24),80.3666670001,21.8333330004,Tirodi Gneissic Complex,437000.0,Mn (Manganese) (Wt%): 50.36%,Schist,,Archaean,Madhya Pradesh (India) Dataset,150m to 400m (MOIL underground depth profile),1 to 15 meters,Consistent with surface reserve (35-50% Mn),"Gondite, Calc-granulite, and Quartz-mica Schist",600,847,938,2815,2682,1692,655.62,14.63,1
MP Mine (FID: 25),80.3833333332,21.9416666665,Sausar Belt,2600000.0,,"Marbles, Calciphyres and Calc Granulite",,Palaeoproterozoic,Madhya Pradesh (India) Dataset,150m to 400m (MOIL underground depth profile),1 to 15 meters,Consistent with surface reserve (35-50% Mn),"Gondite, Calc-granulite, and Quartz-mica Schist",517,920,530,4250,2127,1116,668.29,10.5,1
MP Mine (FID: 26),80.4806999996,21.9238329999,Tirodi Gneissic Complex,1380000.0,Mn (Manganese) (Wt%):38%,Muscovite schist,,Archaean,Madhya Pradesh (India) Dataset,150m to 400m (MOIL underground depth profile),1 to 15 meters,Consistent with surface reserve (35-50% Mn),"Gondite, Calc-granulite, and Quartz-mica Schist",561,790,872,2494,2978,1989,618.73,5.31,1
MP Mine (FID: 27),80.4166670001,21.9333329998,Sausar Belt,1930000.0,Mn (Manganese): 35% and P (Phosphorus): 0.3%,"Muscovite schist, Muscovite Biotite schist, Sericite schist, Phyllites",,Palaeoproterozoic,Madhya Pradesh (India) Dataset,150m to 400m (MOIL underground depth profile),1 to 15 meters,Consistent with surface reserve (35-50% Mn),"Gondite, Calc-granulite, and Quartz-mica Schist",814,1160,1536,2587,3528,2628,632.19,7.13,1
MP Mine (FID: 28),80.4387669996,21.9533330003,Tirodi Gneissic Complex,2080000.0,Mn (Manganese) (Wt%): 30% to 38%,"Marbles, Calciphyres and Calc Granulite",,Archaean,Madhya Pradesh (India) Dataset,150m to 400m (MOIL underground depth profile),1 to 15 meters,Consistent with surface reserve (35-50% Mn),"Gondite, Calc-granulite, and Quartz-mica Schist",686,1026,1439,2691,3259,2474,618.39,3.39,1
MP Mine (FID: 29),80.4658499999,21.9737169997,Tirodi Gneissic Complex,14610000.0,"Mn (Manganese) (Wt%):41.23%, P (Phosphorous) (Wt%):0.23%","Marbles, Calciphyres and Calc Granulite",,Archaean,Madhya Pradesh (India) Dataset,150m to 400m (MOIL underground depth profile),1 to 15 meters,Consistent with surface reserve (35-50% Mn),"Gondite, Calc-granulite, and Quartz-mica Schist",760,970,1232,2074,2722,2096,659.94,10.64,1
MP Mine (FID: 30),80.4666669995,21.9666670004,Tirodi Gneissic Complex,12500000.0,Mn (Manganese) (Wt%): 38.51%-43.12%,Schist and Phyllite,,Archaean,Madhya Pradesh (India) Dataset,150m to 400m (MOIL underground depth profile),1 to 15 meters,Consistent with surface reserve (35-50% Mn),"Gondite, Calc-granulite, and Quartz-mica Schist",1128,1462,1726,2584,3473,3239,618.61,2.08,1
Background_9.0km_from_Higgins Mine,-109.89234,31.51495,Regional Country Rock (Geology associated with Bisbee region),0 (Barren Background),Trace / Non-mineralized,Unmineralized Limestone,Escabrosa Limestone,Carboniferous (Host),Synthetic Negative Sample for ML,N/A - Non-mine location,0 meters,0% (Background Terrain),Limestone (Observed at surface),496,815,916,2463,2528,1704,1645.47,24.31,0
Background_9.3km_from_Higgins Mine,-109.95863,31.36095,Regional Country Rock (Geology associated with Bisbee region),0 (Barren Background),Trace / Non-mineralized,Unmineralized Limestone,Escabrosa Limestone,Carboniferous (Host),Synthetic Negative Sample for ML,N/A - Non-mine location,0 meters,0% (Background Terrain),Limestone (Observed at surface),0,0,0,0,0,0,1411.91,1.42,0
Background_9.0km_from_Higgins Mine,-109.96293,31.36575,Regional Country Rock (Geology associated with Bisbee region),0 (Barren Background),Trace / Non-mineralized,Unmineralized Limestone,Escabrosa Limestone,Carboniferous (Host),Synthetic Negative Sample for ML,N/A - Non-mine location,0 meters,0% (Background Terrain),Limestone (Observed at surface),0,0,0,0,0,0,1419.94,1.45,0
Background_8.7km_from_Patagonia Mountains,-110.83307,31.57605,Regional Country Rock (Hydrothermal/Sedimentary Deposit),0 (Barren Background),Trace / Non-mineralized,Unmineralized Quartzite/Schist,Local Metamorphic/Sedimentary Sequence,Phanerozoic,Synthetic Negative Sample for ML,N/A - Non-mine location,0 meters,0% (Background Terrain),Quartzite/Schist (Observed at surface),672,978,1202,2813,2602,1745,1496.93,9.58,0
Background_7.9km_from_Patagonia Mountains,-110.70304,31.54928,Regional Country Rock (Hydrothermal/Sedimentary Deposit),0 (Barren Background),Trace / Non-mineralized,Unmineralized Quartzite/Schist,Local Metamorphic/Sedimentary Sequence,Phanerozoic,Synthetic Negative Sample for ML,N/A - Non-mine location,0 meters,0% (Background Terrain),Quartzite/Schist (Observed at surface),547,787,861,2112,1955,1418,1326.61,7.02,0
Background_8.4km_from_Patagonia Mountains,-110.70707,31.56171,Regional Country Rock (Hydrothermal/Sedimentary Deposit),0 (Barren Background),Trace / Non-mineralized,Unmineralized Quartzite/Schist,Local Metamorphic/Sedimentary Sequence,Phanerozoic,Synthetic Negative Sample for ML,N/A - Non-mine location,0 meters,0% (Background Terrain),Quartzite/Schist (Observed at surface),590,872,781,2598,2195,1510,1407.47,22.61,0
Background_8.4km_from_Humboldt Mine,-109.07792,31.96045,Regional Country Rock (Geology associated with Cochise region),0 (Barren Background),Trace / Non-mineralized,Unmineralized Limestone,Escabrosa Limestone,Carboniferous,Synthetic Negative Sample for ML,N/A - Non-mine location,0 meters,0% (Background Terrain),Limestone (Observed at surface),1481,1825,2426,2981,4451,4204,1290.36,0.92,0
Background_7.9km_from_Humboldt Mine,-109.23677,31.91483,Regional Country Rock (Geology associated with Cochise region),0 (Barren Background),Trace / Non-mineralized,Unmineralized Limestone,Escabrosa Limestone,Carboniferous,Synthetic Negative Sample for ML,N/A - Non-mine location,0 meters,0% (Background Terrain),Limestone (Observed at surface),518,704,644,2671,2357,1568,1823.92,4.68,0
Background_7.4km_from_Humboldt Mine,-109.16109,31.88709,Regional Country Rock (Geology associated with Cochise region),0 (Barren Background),Trace / Non-mineralized,Unmineralized Limestone,Escabrosa Limestone,Carboniferous,Synthetic Negative Sample for ML,N/A - Non-mine location,0 meters,0% (Background Terrain),Limestone (Observed at surface),813,942,949,2532,2599,1719,1797.66,31.35,0
Background_5.2km_from_Siegel Mine,-114.60319,39.68201,Regional Country Rock (Geology associated with Nevada region),0 (Barren Background),Trace / Non-mineralized,Unmineralized Limestone/Dolomite,Highland Peak Fm,Cambrian,Synthetic Negative Sample for ML,N/A - Non-mine location,0 meters,0% (Background Terrain),Limestone/Dolomite (Observed at surface),804,1014,1006,2813,2098,1375,2379.18,31.55,0
Background_8.5km_from_Siegel Mine,-114.65228,39.79756,Regional Country Rock (Geology associated with Nevada region),0 (Barren Background),Trace / Non-mineralized,Unmineralized Limestone/Dolomite,Highland Peak Fm,Cambrian,Synthetic Negative Sample for ML,N/A - Non-mine location,0 meters,0% (Background Terrain),Limestone/Dolomite (Observed at surface),692,904,1088,1965,2361,1717,2403.21,23.86,0
Background_9.4km_from_Siegel Mine,-114.51781,39.77656,Regional Country Rock (Geology associated with Nevada region),0 (Barren Background),Trace / Non-mineralized,Unmineralized Limestone/Dolomite,Highland Peak Fm,Cambrian,Synthetic Negative Sample for ML,N/A - Non-mine location,0 meters,0% (Background Terrain),Limestone/Dolomite (Observed at surface),0,0,0,0,0,0,2031.41,8.0,0
Background_6.5km_from_Wickes Manganese Prospect,-112.18653,46.37814,Regional Country Rock (Hydrothermal/Sedimentary Deposit),0 (Barren Background),Trace / Non-mineralized,Unmineralized Quartzite/Schist,Local Metamorphic/Sedimentary Sequence,Phanerozoic,Synthetic Negative Sample for ML,N/A - Non-mine location,0 meters,0% (Background Terrain),Quartzite/Schist (Observed at surface),637,875,1154,2179,3079,1918,2257.42,7.25,0
Background_8.4km_from_Wickes Manganese Prospect,-112.14229,46.27635,Regional Country Rock (Hydrothermal/Sedimentary Deposit),0 (Barren Background),Trace / Non-mineralized,Unmineralized Quartzite/Schist,Local Metamorphic/Sedimentary Sequence,Phanerozoic,Synthetic Negative Sample for ML,N/A - Non-mine location,0 meters,0% (Background Terrain),Quartzite/Schist (Observed at surface),623,775,961,1537,2735,2229,1804.97,10.21,0
Background_6.9km_from_Wickes Manganese Prospect,-112.02393,46.34535,Regional Country Rock (Hydrothermal/Sedimentary Deposit),0 (Barren Background),Trace / Non-mineralized,Unmineralized Quartzite/Schist,Local Metamorphic/Sedimentary Sequence,Phanerozoic,Synthetic Negative Sample for ML,N/A - Non-mine location,0 meters,0% (Background Terrain),Quartzite/Schist (Observed at surface),193,316,231,1478,1018,603,1899.48,13.39,0
Background_6.0km_from_Butte,-112.59717,46.04730,Regional Country Rock (Hydrothermal/Sedimentary Deposit),0 (Barren Background),Trace / Non-mineralized,Unmineralized Quartzite/Schist,Local Metamorphic/Sedimentary Sequence,Phanerozoic,Synthetic Negative Sample for ML,N/A - Non-mine location,0 meters,0% (Background Terrain),Quartzite/Schist (Observed at surface),0,0,0,0,0,0,1872.04,16.85,0
Background_7.7km_from_Butte,-112.43785,46.04462,Regional Country Rock (Hydrothermal/Sedimentary Deposit),0 (Barren Background),Trace / Non-mineralized,Unmineralized Quartzite/Schist,Local Metamorphic/Sedimentary Sequence,Phanerozoic,Synthetic Negative Sample for ML,N/A - Non-mine location,0 meters,0% (Background Terrain),Quartzite/Schist (Observed at surface),0,0,0,0,0,0,1935.1,0.88,0
Background_5.7km_from_Butte,-112.46744,45.99296,Regional Country Rock (Hydrothermal/Sedimentary Deposit),0 (Barren Background),Trace / Non-mineralized,Unmineralized Quartzite/Schist,Local Metamorphic/Sedimentary Sequence,Phanerozoic,Synthetic Negative Sample for ML,N/A - Non-mine location,0 meters,0% (Background Terrain),Quartzite/Schist (Observed at surface),626,810,954,1960,2632,1976,1842.12,16.32,0
Background_6.4km_from_Serra Branca,-36.34033,-6.43820,Regional Country Rock (Hydrothermal/Sedimentary Deposit),0 (Barren Background),Trace / Non-mineralized,Unmineralized Quartzite/Schist,Local Metamorphic/Sedimentary Sequence,Phanerozoic,Synthetic Negative Sample for ML,N/A - Non-mine location,0 meters,0% (Background Terrain),Quartzite/Schist (Observed at surface),864,1193,1776,2412,4292,3625,423.12,4.55,0
Background_5.1km_from_Serra Branca,-36.27151,-6.40624,Regional Country Rock (Hydrothermal/Sedimentary Deposit),0 (Barren Background),Trace / Non-mineralized,Unmineralized Quartzite/Schist,Local Metamorphic/Sedimentary Sequence,Phanerozoic,Synthetic Negative Sample for ML,N/A - Non-mine location,0 meters,0% (Background Terrain),Quartzite/Schist (Observed at surface),571,671,954,1787,3041,1845,635.63,3.74,0
Background_7.1km_from_Serra Branca,-36.32170,-6.39951,Regional Country Rock (Hydrothermal/Sedimentary Deposit),0 (Barren Background),Trace / Non-mineralized,Unmineralized Quartzite/Schist,Local Metamorphic/Sedimentary Sequence,Phanerozoic,Synthetic Negative Sample for ML,N/A - Non-mine location,0 meters,0% (Background Terrain),Quartzite/Schist (Observed at surface),691,868,1212,1790,3373,2784,476.09,8.2,0
Background_5.3km_from_Spider Claim,-123.12795,40.31678,Regional Country Rock (Geology associated with Trinity region),0 (Barren Background),Trace / Non-mineralized,Unmineralized Radiolarian Chert,Franciscan Complex,Jurassic-Cretaceous,Synthetic Negative Sample for ML,N/A - Non-mine location,0 meters,0% (Background Terrain),Radiolarian Chert (Observed at surface),567,721,897,1821,1709,1203,1548.6,18.04,0
Background_9.8km_from_Spider Claim,-123.17887,40.34546,Regional Country Rock (Geology associated with Trinity region),0 (Barren Background),Trace / Non-mineralized,Unmineralized Radiolarian Chert,Franciscan Complex,Jurassic-Cretaceous,Synthetic Negative Sample for ML,N/A - Non-mine location,0 meters,0% (Background Terrain),Radiolarian Chert (Observed at surface),569,767,1130,2205,2824,1928,1333.89,11.15,0
Background_7.9km_from_Spider Claim,-123.14919,40.20101,Regional Country Rock (Geology associated with Trinity region),0 (Barren Background),Trace / Non-mineralized,Unmineralized Radiolarian Chert,Franciscan Complex,Jurassic-Cretaceous,Synthetic Negative Sample for ML,N/A - Non-mine location,0 meters,0% (Background Terrain),Radiolarian Chert (Observed at surface),747,1009,1185,2347,2826,1917,1453.0,23.44,0
Background_7.8km_from_BHP Prospect,-117.60859,35.29269,Regional Country Rock (Hydrothermal/Sedimentary Deposit),0 (Barren Background),Trace / Non-mineralized,Unmineralized Quartzite/Schist,Local Metamorphic/Sedimentary Sequence,Phanerozoic,Synthetic Negative Sample for ML,N/A - Non-mine location,0 meters,0% (Background Terrain),Quartzite/Schist (Observed at surface),946,1400,2017,2878,3679,2578,947.54,1.53,0
Background_7.1km_from_BHP Prospect,-117.71556,35.38047,Regional Country Rock (Hydrothermal/Sedimentary Deposit),0 (Barren Background),Trace / Non-mineralized,Unmineralized Quartzite/Schist,Local Metamorphic/Sedimentary Sequence,Phanerozoic,Synthetic Negative Sample for ML,N/A - Non-mine location,0 meters,0% (Background Terrain),Quartzite/Schist (Observed at surface),933,1400,2007,2759,3305,2353,796.2,2.21,0
Background_8.0km_from_BHP Prospect,-117.59874,35.32163,Regional Country Rock (Hydrothermal/Sedimentary Deposit),0 (Barren Background),Trace / Non-mineralized,Unmineralized Quartzite/Schist,Local Metamorphic/Sedimentary Sequence,Phanerozoic,Synthetic Negative Sample for ML,N/A - Non-mine location,0 meters,0% (Background Terrain),Quartzite/Schist (Observed at surface),809,1171,1840,2581,3682,2771,986.98,4.4,0
Background_8.3km_from_Chapin Claim 19,-113.64007,34.26347,Regional Country Rock (Geology associated with Artillery region),0 (Barren Background),Trace / Non-mineralized,Unmineralized Sandstone/Conglomerate,Chapin Wash Fm,Miocene,Synthetic Negative Sample for ML,N/A - Non-mine location,0 meters,0% (Background Terrain),Sandstone/Conglomerate (Observed at surface),1393,1899,2275,2722,3961,3467,506.71,4.79,0
Background_5.3km_from_Chapin Claim 19,-113.62371,34.38445,Regional Country Rock (Geology associated with Artillery region),0 (Barren Background),Trace / Non-mineralized,Unmineralized Sandstone/Conglomerate,Chapin Wash Fm,Miocene,Synthetic Negative Sample for ML,N/A - Non-mine location,0 meters,0% (Background Terrain),Sandstone/Conglomerate (Observed at surface),0,0,0,0,0,0,704.47,2.12,0
Background_8.0km_from_Chapin Claim 19,-113.62016,34.26754,Regional Country Rock (Geology associated with Artillery region),0 (Barren Background),Trace / Non-mineralized,Unmineralized Sandstone/Conglomerate,Chapin Wash Fm,Miocene,Synthetic Negative Sample for ML,N/A - Non-mine location,0 meters,0% (Background Terrain),Sandstone/Conglomerate (Observed at surface),1327,1809,2145,2366,3473,3277,469.16,9.12,0
Background_7.0km_from_The Needles,-109.97441,38.72193,Regional Country Rock (Geology associated with Utah region),0 (Barren Background),Trace / Non-mineralized,Unmineralized Limestone/Dolomite,Oquirrh Group,Pennsylvanian-Permian,Synthetic Negative Sample for ML,N/A - Non-mine location,0 meters,0% (Background Terrain),Limestone/Dolomite (Observed at surface),1758,2500,3323,4111,5195,4819,1396.87,4.75,0
Background_6.5km_from_The Needles,-109.96707,38.72268,Regional Country Rock (Geology associated with Utah region),0 (Barren Background),Trace / Non-mineralized,Unmineralized Limestone/Dolomite,Oquirrh Group,Pennsylvanian-Permian,Synthetic Negative Sample for ML,N/A - Non-mine location,0 meters,0% (Background Terrain),Limestone/Dolomite (Observed at surface),1472,2156,3120,3782,4954,4630,1396.5,3.86,0
Background_9.4km_from_The Needles,-110.00162,38.68278,Regional Country Rock (Geology associated with Utah region),0 (Barren Background),Trace / Non-mineralized,Unmineralized Limestone/Dolomite,Oquirrh Group,Pennsylvanian-Permian,Synthetic Negative Sample for ML,N/A - Non-mine location,0 meters,0% (Background Terrain),Limestone/Dolomite (Observed at surface),2296,2974,3772,4299,5208,4720,1481.57,9.35,0
Background_6.4km_from_Hidalgo del Parral,-105.58250,26.93530,Regional Country Rock (Geology associated with Hidalgo region),0 (Barren Background),Trace / Non-mineralized,Unmineralized Limestone,Lake Valley Limestone,Mississippian,Synthetic Negative Sample for ML,N/A - Non-mine location,0 meters,0% (Background Terrain),Calcareous siltstone and silty limestone,1047,1715,2530,3662,4862,3482,1769.56,3.49,0
Background_7.3km_from_Hidalgo del Parral,-105.70522,26.88324,Regional Country Rock (Geology associated with Hidalgo region),0 (Barren Background),Trace / Non-mineralized,Unmineralized Limestone,Lake Valley Limestone,Mississippian,Synthetic Negative Sample for ML,N/A - Non-mine location,0 meters,0% (Background Terrain),Calcareous siltstone and silty limestone,331,563,626,1948,2553,1761,1885.3,2.25,0
Background_8.4km_from_Hidalgo del Parral,-105.58240,26.84041,Regional Country Rock (Geology associated with Hidalgo region),0 (Barren Background),Trace / Non-mineralized,Unmineralized Limestone,Lake Valley Limestone,Mississippian,Synthetic Negative Sample for ML,N/A - Non-mine location,0 meters,0% (Background Terrain),Calcareous siltstone and silty limestone,1061,1696,2661,3335,4546,3845,1703.98,1.4,0
Background_8.5km_from_Pavo Real Mine,-105.52099,26.96057,Regional Country Rock (Geology associated with Chihuahua region),0 (Barren Background),Trace / Non-mineralized,Unmineralized Rhyolite,Tertiary Volcanics,Oligocene,Synthetic Negative Sample for ML,N/A - Non-mine location,0 meters,0% (Background Terrain),Rhyolite (Observed at surface),559,956,1239,2406,3466,2583,1687.27,1.29,0
Background_8.0km_from_Pavo Real Mine,-105.44082,26.84544,Regional Country Rock (Geology associated with Chihuahua region),0 (Barren Background),Trace / Non-mineralized,Unmineralized Rhyolite,Tertiary Volcanics,Oligocene,Synthetic Negative Sample for ML,N/A - Non-mine location,0 meters,0% (Background Terrain),Rhyolite (Observed at surface),941,1339,1796,2876,3449,2690,1692.18,4.24,0
Background_7.3km_from_Pavo Real Mine,-105.41851,26.85785,Regional Country Rock (Geology associated with Chihuahua region),0 (Barren Background),Trace / Non-mineralized,Unmineralized Rhyolite,Tertiary Volcanics,Oligocene,Synthetic Negative Sample for ML,N/A - Non-mine location,0 meters,0% (Background Terrain),Rhyolite (Observed at surface),787,1089,1245,2358,3721,2884,1698.18,0.99,0
Background_6.4km_from_Black Diablo Mine,-117.64244,40.68326,Regional Country Rock (Geology associated with Nevada region),0 (Barren Background),Trace / Non-mineralized,Unmineralized Limestone/Dolomite,Highland Peak Fm,Cambrian,Synthetic Negative Sample for ML,N/A - Non-mine location,0 meters,0% (Background Terrain),Limestone/Dolomite (Observed at surface),1172,1526,2003,2517,3820,3172,1516.17,5.27,0
Background_5.4km_from_Black Diablo Mine,-117.60508,40.64282,Regional Country Rock (Geology associated with Nevada region),0 (Barren Background),Trace / Non-mineralized,Unmineralized Limestone/Dolomite,Highland Peak Fm,Cambrian,Synthetic Negative Sample for ML,N/A - Non-mine location,0 meters,0% (Background Terrain),Limestone/Dolomite (Observed at surface),1193,1472,1790,2202,3217,2809,1604.49,11.84,0
Background_6.4km_from_Black Diablo Mine,-117.59449,40.62786,Regional Country Rock (Geology associated with Nevada region),0 (Barren Background),Trace / Non-mineralized,Unmineralized Limestone/Dolomite,Highland Peak Fm,Cambrian,Synthetic Negative Sample for ML,N/A - Non-mine location,0 meters,0% (Background Terrain),Limestone/Dolomite (Observed at surface),1058,1354,1700,2117,3054,2703,1725.19,10.6,0
Background_10.0km_from_Thompson Claim,-123.78008,48.01366,Regional Country Rock (Geology associated with Clallam region),0 (Barren Background),Trace / Non-mineralized,Unmineralized Basalt/Red Limestone,Crescent Formation,Eocene,Synthetic Negative Sample for ML,N/A - Non-mine location,0 meters,0% (Background Terrain),Basalt/Red Limestone (Observed at surface),92,179,103,1613,536,213,1046.51,26.53,0
Background_5.8km_from_Thompson Claim,-123.60949,48.02395,Regional Country Rock (Geology associated with Clallam region),0 (Barren Background),Trace / Non-mineralized,Unmineralized Basalt/Red Limestone,Crescent Formation,Eocene,Synthetic Negative Sample for ML,N/A - Non-mine location,0 meters,0% (Background Terrain),Basalt/Red Limestone (Observed at surface),202,457,164,3303,1171,482,485.04,27.09,0
Background_6.2km_from_Thompson Claim,-123.59748,48.09153,Regional Country Rock (Geology associated with Clallam region),0 (Barren Background),Trace / Non-mineralized,Unmineralized Basalt/Red Limestone,Crescent Formation,Eocene,Synthetic Negative Sample for ML,N/A - Non-mine location,0 meters,0% (Background Terrain),Basalt/Red Limestone (Observed at surface),210,432,186,3284,1254,545,386.71,19.28,0
Background_5.1km_from_Hankins Hollow Mine,-91.77361,35.86576,Regional Country Rock (Geology associated with Independence region),0 (Barren Background),Trace / Non-mineralized,Unmineralized Shale/Limestone,Cason Shale / Fernvale Fm,Ordovician,Synthetic Negative Sample for ML,N/A - Non-mine location,0 meters,0% (Background Terrain),Shale/Limestone (Observed at surface),0,0,0,0,0,0,233.46,6.52,0
Background_5.6km_from_Hankins Hollow Mine,-91.87986,35.85402,Regional Country Rock (Geology associated with Independence region),0 (Barren Background),Trace / Non-mineralized,Unmineralized Shale/Limestone,Cason Shale / Fernvale Fm,Ordovician,Synthetic Negative Sample for ML,N/A - Non-mine location,0 meters,0% (Background Terrain),Shale/Limestone (Observed at surface),197,439,254,3140,1946,791,161.4,11.36,0
Background_8.0km_from_Hankins Hollow Mine,-91.81980,35.80959,Regional Country Rock (Geology associated with Independence region),0 (Barren Background),Trace / Non-mineralized,Unmineralized Shale/Limestone,Cason Shale / Fernvale Fm,Ordovician,Synthetic Negative Sample for ML,N/A - Non-mine location,0 meters,0% (Background Terrain),Shale/Limestone (Observed at surface),128,319,195,2427,1662,690,147.59,7.74,0
Background_8.6km_from_Thomas Mine,-123.27542,39.30666,Regional Country Rock (Geology associated with Mendocino region),0 (Barren Background),Trace / Non-mineralized,Unmineralized Radiolarian Chert,Franciscan Complex,Jurassic-Cretaceous,Synthetic Negative Sample for ML,N/A - Non-mine location,0 meters,0% (Background Terrain),Radiolarian Chert (Observed at surface),208,406,486,2029,2454,1495,718.37,15.61,0
Background_7.6km_from_Thomas Mine,-123.21331,39.24862,Regional Country Rock (Geology associated with Mendocino region),0 (Barren Background),Trace / Non-mineralized,Unmineralized Radiolarian Chert,Franciscan Complex,Jurassic-Cretaceous,Synthetic Negative Sample for ML,N/A - Non-mine location,0 meters,0% (Background Terrain),Radiolarian Chert (Observed at surface),512,811,1067,3477,2231,1530,236.78,2.97,0
Background_9.7km_from_Thomas Mine,-123.28489,39.28909,Regional Country Rock (Geology associated with Mendocino region),0 (Barren Background),Trace / Non-mineralized,Unmineralized Radiolarian Chert,Franciscan Complex,Jurassic-Cretaceous,Synthetic Negative Sample for ML,N/A - Non-mine location,0 meters,0% (Background Terrain),Radiolarian Chert (Observed at surface),275,465,524,2493,2627,1523,484.19,11.88,0
Background_5.9km_from_State of California Mine,-120.93035,38.31150,Regional Country Rock (Geology associated with Amador region),0 (Barren Background),Trace / Non-mineralized,Unmineralized Metachert/Slate,Calaveras Complex,Paleozoic,Synthetic Negative Sample for ML,N/A - Non-mine location,0 meters,0% (Background Terrain),Metachert/Slate (Observed at surface),408,572,693,1927,2506,1657,102.12,1.82,0
Background_6.9km_from_State of California Mine,-120.93926,38.30253,Regional Country Rock (Geology associated with Amador region),0 (Barren Background),Trace / Non-mineralized,Unmineralized Metachert/Slate,Calaveras Complex,Paleozoic,Synthetic Negative Sample for ML,N/A - Non-mine location,0 meters,0% (Background Terrain),Metachert/Slate (Observed at surface),513,861,870,3381,2955,1778,87.46,2.31,0
Background_8.7km_from_State of California Mine,-120.84722,38.32545,Regional Country Rock (Geology associated with Amador region),0 (Barren Background),Trace / Non-mineralized,Unmineralized Metachert/Slate,Calaveras Complex,Paleozoic,Synthetic Negative Sample for ML,N/A - Non-mine location,0 meters,0% (Background Terrain),Metachert/Slate (Observed at surface),930,1398,2106,3120,4353,2703,235.53,9.04,0
Background_6.0km_from_Manganese Queen Mine,-123.24358,40.39696,Regional Country Rock (Geology associated with Trinity region),0 (Barren Background),Trace / Non-mineralized,Unmineralized Radiolarian Chert,Franciscan Complex,Jurassic-Cretaceous,Synthetic Negative Sample for ML,N/A - Non-mine location,0 meters,0% (Background Terrain),Radiolarian Chert (Observed at surface),590,729,948,1792,2106,1446,997.99,9.6,0
Background_7.6km_from_Manganese Queen Mine,-123.25398,40.45482,Regional Country Rock (Geology associated with Trinity region),0 (Barren Background),Trace / Non-mineralized,Unmineralized Radiolarian Chert,Franciscan Complex,Jurassic-Cretaceous,Synthetic Negative Sample for ML,N/A - Non-mine location,0 meters,0% (Background Terrain),Radiolarian Chert (Observed at surface),171,316,252,2221,1056,494,1204.71,15.7,0
Background_9.2km_from_Manganese Queen Mine,-123.28609,40.41047,Regional Country Rock (Geology associated with Trinity region),0 (Barren Background),Trace / Non-mineralized,Unmineralized Radiolarian Chert,Franciscan Complex,Jurassic-Cretaceous,Synthetic Negative Sample for ML,N/A - Non-mine location,0 meters,0% (Background Terrain),Radiolarian Chert (Observed at surface),243,389,448,2052,1678,932,1039.19,3.75,0
Background_9.4km_from_Buckeye Mine,-121.43777,37.45002,Regional Country Rock (Hydrothermal/Sedimentary Deposit),0 (Barren Background),Trace / Non-mineralized,Unmineralized Quartzite/Schist,Local Metamorphic/Sedimentary Sequence,Phanerozoic,Synthetic Negative Sample for ML,N/A - Non-mine location,0 meters,0% (Background Terrain),Quartzite/Schist (Observed at surface),546,687,851,1555,2460,1882,734.54,16.68,0
Background_9.5km_from_Buckeye Mine,-121.37551,37.61080,Regional Country Rock (Hydrothermal/Sedimentary Deposit),0 (Barren Background),Trace / Non-mineralized,Unmineralized Quartzite/Schist,Local Metamorphic/Sedimentary Sequence,Phanerozoic,Synthetic Negative Sample for ML,N/A - Non-mine location,0 meters,0% (Background Terrain),Quartzite/Schist (Observed at surface),1106,1460,1915,2524,3415,2352,128.18,11.31,0
Background_9.6km_from_Buckeye Mine,-121.49859,37.55319,Regional Country Rock (Hydrothermal/Sedimentary Deposit),0 (Barren Background),Trace / Non-mineralized,Unmineralized Quartzite/Schist,Local Metamorphic/Sedimentary Sequence,Phanerozoic,Synthetic Negative Sample for ML,N/A - Non-mine location,0 meters,0% (Background Terrain),Quartzite/Schist (Observed at surface),900,1150,1638,2301,3459,2629,839.39,19.18,0
Background_5.1km_from_Black Hump Claims,-123.34188,47.48593,Regional Country Rock (Geology associated with Mason region),0 (Barren Background),Trace / Non-mineralized,Unmineralized Basalt/Red Limestone,Crescent Formation,Eocene,Synthetic Negative Sample for ML,N/A - Non-mine location,0 meters,0% (Background Terrain),Basalt/Red Limestone (Observed at surface),156,375,147,2530,820,364,1247.71,20.72,0
Background_5.3km_from_Black Hump Claims,-123.37587,47.56584,Regional Country Rock (Geology associated with Mason region),0 (Barren Background),Trace / Non-mineralized,Unmineralized Basalt/Red Limestone,Crescent Formation,Eocene,Synthetic Negative Sample for ML,N/A - Non-mine location,0 meters,0% (Background Terrain),Basalt/Red Limestone (Observed at surface),405,522,759,1178,1980,1639,495.12,9.83,0
Background_8.4km_from_Black Hump Claims,-123.43032,47.49799,Regional Country Rock (Geology associated with Mason region),0 (Barren Background),Trace / Non-mineralized,Unmineralized Basalt/Red Limestone,Crescent Formation,Eocene,Synthetic Negative Sample for ML,N/A - Non-mine location,0 meters,0% (Background Terrain),Basalt/Red Limestone (Observed at surface),264,462,338,2065,1418,819,1394.34,32.25,0
Background_9.1km_from_Hatton Claims,-113.01830,33.63624,Regional Country Rock (Geology associated with Aguila region),0 (Barren Background),Trace / Non-mineralized,Unmineralized Andesite/Tuff,Local Volcanics,Miocene,Synthetic Negative Sample for ML,N/A - Non-mine location,0 meters,0% (Background Terrain),Andesite/Tuff (Observed at surface),1368,1781,2406,2749,3834,3382,558.21,3.73,0
Background_8.9km_from_Hatton Claims,-113.04458,33.57649,Regional Country Rock (Geology associated with Aguila region),0 (Barren Background),Trace / Non-mineralized,Unmineralized Andesite/Tuff,Local Volcanics,Miocene,Synthetic Negative Sample for ML,N/A - Non-mine location,0 meters,0% (Background Terrain),Andesite/Tuff (Observed at surface),0,0,0,0,0,0,458.45,0.69,0
Background_7.6km_from_Hatton Claims,-113.14230,33.56477,Regional Country Rock (Geology associated with Aguila region),0 (Barren Background),Trace / Non-mineralized,Unmineralized Andesite/Tuff,Local Volcanics,Miocene,Synthetic Negative Sample for ML,N/A - Non-mine location,0 meters,0% (Background Terrain),Andesite/Tuff (Observed at surface),1062,1411,1818,2605,3538,3152,401.46,1.1,0
Background_6.3km_from_Trigo Mountains,-114.60495,33.23652,Regional Country Rock (Hydrothermal/Sedimentary Deposit),0 (Barren Background),Trace / Non-mineralized,Unmineralized Quartzite/Schist,Local Metamorphic/Sedimentary Sequence,Phanerozoic,Synthetic Negative Sample for ML,N/A - Non-mine location,0 meters,0% (Background Terrain),Quartzite/Schist (Observed at surface),1172,1566,2183,2539,4216,3910,291.11,22.0,0
Background_7.8km_from_Trigo Mountains,-114.66188,33.23438,Regional Country Rock (Hydrothermal/Sedimentary Deposit),0 (Barren Background),Trace / Non-mineralized,Unmineralized Quartzite/Schist,Local Metamorphic/Sedimentary Sequence,Phanerozoic,Synthetic Negative Sample for ML,N/A - Non-mine location,0 meters,0% (Background Terrain),Quartzite/Schist (Observed at surface),1235,1665,2150,2908,3760,3171,72.09,0.73,0
Background_6.1km_from_Trigo Mountains,-114.62374,33.34683,Regional Country Rock (Hydrothermal/Sedimentary Deposit),0 (Barren Background),Trace / Non-mineralized,Unmineralized Quartzite/Schist,Local Metamorphic/Sedimentary Sequence,Phanerozoic,Synthetic Negative Sample for ML,N/A - Non-mine location,0 meters,0% (Background Terrain),Quartzite/Schist (Observed at surface),823,1058,1450,1698,2827,2951,152.13,0.98,0
Background_7.7km_from_Ballard Deposits,-114.11368,33.09463,Regional Country Rock (Hydrothermal/Sedimentary Deposit),0 (Barren Background),Trace / Non-mineralized,Unmineralized Quartzite/Schist,Local Metamorphic/Sedimentary Sequence,Phanerozoic,Synthetic Negative Sample for ML,N/A - Non-mine location,0 meters,0% (Background Terrain),Quartzite/Schist (Observed at surface),1193,1577,2185,2445,3533,2988,597.82,6.94,0
Background_7.5km_from_Ballard Deposits,-114.09837,33.07617,Regional Country Rock (Hydrothermal/Sedimentary Deposit),0 (Barren Background),Trace / Non-mineralized,Unmineralized Quartzite/Schist,Local Metamorphic/Sedimentary Sequence,Phanerozoic,Synthetic Negative Sample for ML,N/A - Non-mine location,0 meters,0% (Background Terrain),Quartzite/Schist (Observed at surface),1136,1373,1947,2249,3359,2875,551.75,2.05,0
Background_9.8km_from_Ballard Deposits,-114.15809,33.12902,Regional Country Rock (Hydrothermal/Sedimentary Deposit),0 (Barren Background),Trace / Non-mineralized,Unmineralized Quartzite/Schist,Local Metamorphic/Sedimentary Sequence,Phanerozoic,Synthetic Negative Sample for ML,N/A - Non-mine location,0 meters,0% (Background Terrain),Quartzite/Schist (Observed at surface),1052,1400,1852,2062,2795,2414,584.56,2.38,0
Background_5.0km_from_Tempiute Silver Mine,-115.65420,37.56735,Regional Country Rock (Geology associated with Nevada region),0 (Barren Background),Trace / Non-mineralized,Unmineralized Limestone/Dolomite,Highland Peak Fm,Cambrian,Synthetic Negative Sample for ML,N/A - Non-mine location,0 meters,0% (Background Terrain),Limestone/Dolomite (Observed at surface),1245,1600,2034,2494,3102,2712,1670.26,4.62,0
Background_8.6km_from_Tempiute Silver Mine,-115.55565,37.60776,Regional Country Rock (Geology associated with Nevada region),0 (Barren Background),Trace / Non-mineralized,Unmineralized Limestone/Dolomite,Highland Peak Fm,Cambrian,Synthetic Negative Sample for ML,N/A - Non-mine location,0 meters,0% (Background Terrain),Limestone/Dolomite (Observed at surface),883,1157,1471,2003,1959,1744,1994.07,17.08,0
Background_5.6km_from_Tempiute Silver Mine,-115.59080,37.62270,Regional Country Rock (Geology associated with Nevada region),0 (Barren Background),Trace / Non-mineralized,Unmineralized Limestone/Dolomite,Highland Peak Fm,Cambrian,Synthetic Negative Sample for ML,N/A - Non-mine location,0 meters,0% (Background Terrain),Limestone/Dolomite (Observed at surface),1293,1691,2076,2854,3779,3021,2113.58,18.21,0
Background_8.6km_from_Eberhardt Mine,-115.57948,39.19530,Regional Country Rock (Geology associated with Nevada region),0 (Barren Background),Trace / Non-mineralized,Unmineralized Limestone/Dolomite,Highland Peak Fm,Cambrian,Synthetic Negative Sample for ML,N/A - Non-mine location,0 meters,0% (Background Terrain),Limestone/Dolomite (Observed at surface),1189,1542,1945,2494,3519,2978,1999.05,4.55,0
Background_9.4km_from_Eberhardt Mine,-115.48410,39.13295,Regional Country Rock (Geology associated with Nevada region),0 (Barren Background),Trace / Non-mineralized,Unmineralized Limestone/Dolomite,Highland Peak Fm,Cambrian,Synthetic Negative Sample for ML,N/A - Non-mine location,0 meters,0% (Background Terrain),Limestone/Dolomite (Observed at surface),726,927,1047,1985,2399,1845,2177.27,11.77,0
Background_8.2km_from_Eberhardt Mine,-115.41890,39.16416,Regional Country Rock (Geology associated with Nevada region),0 (Barren Background),Trace / Non-mineralized,Unmineralized Limestone/Dolomite,Highland Peak Fm,Cambrian,Synthetic Negative Sample for ML,N/A - Non-mine location,0 meters,0% (Background Terrain),Limestone/Dolomite (Observed at surface),1298,1613,1862,2612,3510,2869,2427.56,16.39,0
Background_8.2km_from_Millard County,-114.12163,39.12847,Regional Country Rock (Geology associated with Utah region),0 (Barren Background),Trace / Non-mineralized,Unmineralized Limestone/Dolomite,Oquirrh Group,Pennsylvanian-Permian,Synthetic Negative Sample for ML,N/A - Non-mine location,0 meters,0% (Background Terrain),Limestone/Dolomite (Observed at surface),1912,2419,2925,3445,4607,4015,1746.29,2.8,0
Background_9.8km_from_Millard County,-113.99777,39.24504,Regional Country Rock (Geology associated with Utah region),0 (Barren Background),Trace / Non-mineralized,Unmineralized Limestone/Dolomite,Oquirrh Group,Pennsylvanian-Permian,Synthetic Negative Sample for ML,N/A - Non-mine location,0 meters,0% (Background Terrain),Limestone/Dolomite (Observed at surface),2844,3474,4277,4724,5296,4735,1493.6,0.92,0
Background_9.4km_from_Millard County,-114.07571,39.24194,Regional Country Rock (Geology associated with Utah region),0 (Barren Background),Trace / Non-mineralized,Unmineralized Limestone/Dolomite,Oquirrh Group,Pennsylvanian-Permian,Synthetic Negative Sample for ML,N/A - Non-mine location,0 meters,0% (Background Terrain),Limestone/Dolomite (Observed at surface),1901,2418,2905,3599,4790,3722,1946.77,17.02,0
Background_7.4km_from_Confidence Mine,-108.81006,33.32945,Regional Country Rock (Hydrothermal/Sedimentary Deposit),0 (Barren Background),Trace / Non-mineralized,Unmineralized Quartzite/Schist,Local Metamorphic/Sedimentary Sequence,Phanerozoic,Synthetic Negative Sample for ML,N/A - Non-mine location,0 meters,0% (Background Terrain),Quartzite/Schist (Observed at surface),597,1031,916,3625,3158,1824,2330.77,31.41,0
Background_7.2km_from_Confidence Mine,-108.86222,33.44984,Regional Country Rock (Hydrothermal/Sedimentary Deposit),0 (Barren Background),Trace / Non-mineralized,Unmineralized Quartzite/Schist,Local Metamorphic/Sedimentary Sequence,Phanerozoic,Synthetic Negative Sample for ML,N/A - Non-mine location,0 meters,0% (Background Terrain),Quartzite/Schist (Observed at surface),686,953,1194,2061,2213,1785,1724.91,12.07,0
Background_8.5km_from_Confidence Mine,-108.90981,33.40498,Regional Country Rock (Hydrothermal/Sedimentary Deposit),0 (Barren Background),Trace / Non-mineralized,Unmineralized Quartzite/Schist,Local Metamorphic/Sedimentary Sequence,Phanerozoic,Synthetic Negative Sample for ML,N/A - Non-mine location,0 meters,0% (Background Terrain),Quartzite/Schist (Observed at surface),0,0,0,0,0,0,1503.1,3.25,0
Background_6.0km_from_Catron County,-108.76291,33.44858,Regional Country Rock (Hydrothermal/Sedimentary Deposit),0 (Barren Background),Trace / Non-mineralized,Unmineralized Quartzite/Schist,Local Metamorphic/Sedimentary Sequence,Phanerozoic,Synthetic Negative Sample for ML,N/A - Non-mine location,0 meters,0% (Background Terrain),Quartzite/Schist (Observed at surface),260,390,484,1531,1714,1203,2117.33,14.05,0
Background_5.4km_from_Catron County,-108.82840,33.44766,Regional Country Rock (Hydrothermal/Sedimentary Deposit),0 (Barren Background),Trace / Non-mineralized,Unmineralized Quartzite/Schist,Local Metamorphic/Sedimentary Sequence,Phanerozoic,Synthetic Negative Sample for ML,N/A - Non-mine location,0 meters,0% (Background Terrain),Quartzite/Schist (Observed at surface),711,1097,1444,2568,2534,2001,1855.93,12.61,0
Background_7.5km_from_Catron County,-108.84388,33.34712,Regional Country Rock (Hydrothermal/Sedimentary Deposit),0 (Barren Background),Trace / Non-mineralized,Unmineralized Quartzite/Schist,Local Metamorphic/Sedimentary Sequence,Phanerozoic,Synthetic Negative Sample for ML,N/A - Non-mine location,0 meters,0% (Background Terrain),Quartzite/Schist (Observed at surface),938,1287,1576,2445,3176,2566,1625.55,19.05,0
Background_7.7km_from_Higgins Mine,-109.99862,31.42031,Regional Country Rock (Geology associated with Bisbee region),0 (Barren Background),Trace / Non-mineralized,Unmineralized Limestone,Escabrosa Limestone,Carboniferous (Host),Synthetic Negative Sample for ML,N/A - Non-mine location,0 meters,0% (Background Terrain),Limestone (Observed at surface),1060,1338,1498,2637,3255,2652,1499.95,11.34,0
Background_7.9km_from_Higgins Mine,-109.84129,31.42650,Regional Country Rock (Geology associated with Bisbee region),0 (Barren Background),Trace / Non-mineralized,Unmineralized Limestone,Escabrosa Limestone,Carboniferous (Host),Synthetic Negative Sample for ML,N/A - Non-mine location,0 meters,0% (Background Terrain),Limestone (Observed at surface),518,768,927,2474,2283,1529,1471.24,9.25,0
Background_7.7km_from_Higgins Mine,-109.85603,31.40297,Regional Country Rock (Geology associated with Bisbee region),0 (Barren Background),Trace / Non-mineralized,Unmineralized Limestone,Escabrosa Limestone,Carboniferous (Host),Synthetic Negative Sample for ML,N/A - Non-mine location,0 meters,0% (Background Terrain),Limestone (Observed at surface),493,745,955,1952,2423,1694,1530.58,3.62,0
Background_8.4km_from_Cummins Hollow Mine,-91.81009,35.82435,Regional Country Rock (Geology associated with Izard region),0 (Barren Background),Trace / Non-mineralized,Unmineralized Shale/Limestone,Cason Shale / Fernvale Fm,Ordovician,Synthetic Negative Sample for ML,N/A - Non-mine location,0 meters,0% (Background Terrain),Shale/Limestone (Observed at surface),189,440,261,2603,1636,682,150.54,11.03,0
Background_9.6km_from_Cummins Hollow Mine,-91.76352,35.96186,Regional Country Rock (Geology associated with Izard region),0 (Barren Background),Trace / Non-mineralized,Unmineralized Shale/Limestone,Cason Shale / Fernvale Fm,Ordovician,Synthetic Negative Sample for ML,N/A - Non-mine location,0 meters,0% (Background Terrain),Shale/Limestone (Observed at surface),357,551,435,3188,2364,1185,226.05,8.44,0
Background_9.2km_from_Cummins Hollow Mine,-91.87807,35.82269,Regional Country Rock (Geology associated with Izard region),0 (Barren Background),Trace / Non-mineralized,Unmineralized Shale/Limestone,Cason Shale / Fernvale Fm,Ordovician,Synthetic Negative Sample for ML,N/A - Non-mine location,0 meters,0% (Background Terrain),Shale/Limestone (Observed at surface),224,505,264,3153,1735,689,124.6,12.03,0
Background_6.3km_from_Ozark Mine,-91.57833,35.92248,Regional Country Rock (Geology associated with Independence region),0 (Barren Background),Trace / Non-mineralized,Unmineralized Shale/Limestone,Cason Shale / Fernvale Fm,Ordovician,Synthetic Negative Sample for ML,N/A - Non-mine location,0 meters,0% (Background Terrain),Shale/Limestone (Observed at surface),302,419,413,2330,2005,948,195.19,4.43,0
Background_7.5km_from_Ozark Mine,-91.62192,35.93572,Regional Country Rock (Geology associated with Independence region),0 (Barren Background),Trace / Non-mineralized,Unmineralized Shale/Limestone,Cason Shale / Fernvale Fm,Ordovician,Synthetic Negative Sample for ML,N/A - Non-mine location,0 meters,0% (Background Terrain),Shale/Limestone (Observed at surface),633,834,891,2379,2485,1520,169.06,3.56,0
Background_5.5km_from_Ozark Mine,-91.57227,35.82769,Regional Country Rock (Geology associated with Independence region),0 (Barren Background),Trace / Non-mineralized,Unmineralized Shale/Limestone,Cason Shale / Fernvale Fm,Ordovician,Synthetic Negative Sample for ML,N/A - Non-mine location,0 meters,0% (Background Terrain),Shale/Limestone (Observed at surface),264,489,351,3020,1831,865,159.96,6.8,0
Background_9.5km_from_San Felipe de Jesus Mine,-102.32312,28.39007,Regional Country Rock (Hydrothermal/Sedimentary Deposit),0 (Barren Background),Trace / Non-mineralized,Unmineralized Quartzite/Schist,Local Metamorphic/Sedimentary Sequence,Phanerozoic,Synthetic Negative Sample for ML,N/A - Non-mine location,0 meters,0% (Background Terrain),Quartzite/Schist (Observed at surface),1583,1940,2336,3403,4597,3957,1353.95,2.27,0
Background_9.5km_from_San Felipe de Jesus Mine,-102.46010,28.44394,Regional Country Rock (Hydrothermal/Sedimentary Deposit),0 (Barren Background),Trace / Non-mineralized,Unmineralized Quartzite/Schist,Local Metamorphic/Sedimentary Sequence,Phanerozoic,Synthetic Negative Sample for ML,N/A - Non-mine location,0 meters,0% (Background Terrain),Quartzite/Schist (Observed at surface),1150,1538,1859,3203,4322,3664,1399.13,0.8,0
Background_6.2km_from_San Felipe de Jesus Mine,-102.31164,28.43979,Regional Country Rock (Hydrothermal/Sedimentary Deposit),0 (Barren Background),Trace / Non-mineralized,Unmineralized Quartzite/Schist,Local Metamorphic/Sedimentary Sequence,Phanerozoic,Synthetic Negative Sample for ML,N/A - Non-mine location,0 meters,0% (Background Terrain),Quartzite/Schist (Observed at surface),1760,2209,2773,3596,4806,4165,1335.37,0.61,0
Background_7.4km_from_Western Manganese,-120.86113,40.11859,Regional Country Rock (Geology associated with Plumas region),0 (Barren Background),Trace / Non-mineralized,Unmineralized Metachert/Slate,Calaveras Complex,Paleozoic,Synthetic Negative Sample for ML,N/A - Non-mine location,0 meters,0% (Background Terrain),Metachert/Slate (Observed at surface),774,1216,1671,2832,3864,2702,1070.93,1.82,0
Background_9.5km_from_Western Manganese,-121.01937,40.02696,Regional Country Rock (Geology associated with Plumas region),0 (Barren Background),Trace / Non-mineralized,Unmineralized Metachert/Slate,Calaveras Complex,Paleozoic,Synthetic Negative Sample for ML,N/A - Non-mine location,0 meters,0% (Background Terrain),Metachert/Slate (Observed at surface),52,277,214,2035,1539,833,904.77,23.15,0
Background_9.4km_from_Western Manganese,-120.82467,40.09059,Regional Country Rock (Geology associated with Plumas region),0 (Barren Background),Trace / Non-mineralized,Unmineralized Metachert/Slate,Calaveras Complex,Paleozoic,Synthetic Negative Sample for ML,N/A - Non-mine location,0 meters,0% (Background Terrain),Metachert/Slate (Observed at surface),255,584,646,2593,1973,1071,1208.94,15.44,0
Background_5.0km_from_Caldwell Mine,-120.30809,37.64085,Regional Country Rock (Hydrothermal/Sedimentary Deposit),0 (Barren Background),Trace / Non-mineralized,Unmineralized Quartzite/Schist,Local Metamorphic/Sedimentary Sequence,Phanerozoic,Synthetic Negative Sample for ML,N/A - Non-mine location,0 meters,0% (Background Terrain),Quartzite/Schist (Observed at surface),618,938,1376,2010,3444,2191,338.04,1.46,0
Background_6.1km_from_Caldwell Mine,-120.21356,37.69194,Regional Country Rock (Hydrothermal/Sedimentary Deposit),0 (Barren Background),Trace / Non-mineralized,Unmineralized Quartzite/Schist,Local Metamorphic/Sedimentary Sequence,Phanerozoic,Synthetic Negative Sample for ML,N/A - Non-mine location,0 meters,0% (Background Terrain),Quartzite/Schist (Observed at surface),453,628,955,2065,2324,1306,549.72,13.51,0
Background_5.1km_from_Caldwell Mine,-120.22384,37.68281,Regional Country Rock (Hydrothermal/Sedimentary Deposit),0 (Barren Background),Trace / Non-mineralized,Unmineralized Quartzite/Schist,Local Metamorphic/Sedimentary Sequence,Phanerozoic,Synthetic Negative Sample for ML,N/A - Non-mine location,0 meters,0% (Background Terrain),Quartzite/Schist (Observed at surface),179,329,290,1549,1431,791,313.01,11.36,0
Background_5.8km_from_Markhamville Mine,-65.47210,45.56872,Regional Country Rock (Geology associated with Nova Scotia region),0 (Barren Background),Trace / Non-mineralized,Unmineralized Limestone/Shale,Macumber Formation / Windsor Group,Carboniferous,Synthetic Negative Sample for ML,N/A - Non-mine location,0 meters,0% (Background Terrain),Limestone/Shale (Observed at surface),326,815,435,4309,3027,1507,338.27,2.7,0
Background_6.2km_from_Markhamville Mine,-65.51909,45.62347,Regional Country Rock (Geology associated with Nova Scotia region),0 (Barren Background),Trace / Non-mineralized,Unmineralized Limestone/Shale,Macumber Formation / Windsor Group,Carboniferous,Synthetic Negative Sample for ML,N/A - Non-mine location,0 meters,0% (Background Terrain),Limestone/Shale (Observed at surface),242,570,224,5127,2285,906,252.16,7.31,0
Background_5.5km_from_Markhamville Mine,-65.47276,45.65872,Regional Country Rock (Geology associated with Nova Scotia region),0 (Barren Background),Trace / Non-mineralized,Unmineralized Limestone/Shale,Macumber Formation / Windsor Group,Carboniferous,Synthetic Negative Sample for ML,N/A - Non-mine location,0 meters,0% (Background Terrain),Limestone/Shale (Observed at surface),200,476,228,3433,1630,664,192.37,11.68,0
Background_6.0km_from_Dimanyang Mine,120.05143,12.09363,Regional Country Rock (Hydrothermal/Sedimentary Deposit),0 (Barren Background),Trace / Non-mineralized,Unmineralized Quartzite/Schist,Local Metamorphic/Sedimentary Sequence,Phanerozoic,Synthetic Negative Sample for ML,N/A - Non-mine location,0 meters,0% (Background Terrain),Quartzite/Schist (Observed at surface),4243,3972,3716,5952,4959,4366,114.01,18.92,0
Background_6.4km_from_Dimanyang Mine,119.94294,12.12662,Regional Country Rock (Hydrothermal/Sedimentary Deposit),0 (Barren Background),Trace / Non-mineralized,Unmineralized Quartzite/Schist,Local Metamorphic/Sedimentary Sequence,Phanerozoic,Synthetic Negative Sample for ML,N/A - Non-mine location,0 meters,0% (Background Terrain),Quartzite/Schist (Observed at surface),732,1272,1220,4587,2731,1453,75.87,13.46,0
Background_6.4km_from_Dimanyang Mine,120.01163,12.16673,Regional Country Rock (Hydrothermal/Sedimentary Deposit),0 (Barren Background),Trace / Non-mineralized,Unmineralized Quartzite/Schist,Local Metamorphic/Sedimentary Sequence,Phanerozoic,Synthetic Negative Sample for ML,N/A - Non-mine location,0 meters,0% (Background Terrain),Quartzite/Schist (Observed at surface),53,464,175,4351,2093,808,110.77,12.78,0
Background_8.2km_from_Pakistan,66.36441,26.82638,Regional Country Rock (Geology associated with Pakistan region),0 (Barren Background),Trace / Non-mineralized,Unmineralized Pillow Basalt/Chert,Bela Ophiolite,Cretaceous,Synthetic Negative Sample for ML,N/A - Non-mine location,0 meters,0% (Background Terrain),Pillow Basalt/Chert (Observed at surface),858,1219,1439,2320,2305,1828,943.19,19.66,0
Background_6.2km_from_Pakistan,66.34924,26.75207,Regional Country Rock (Geology associated with Pakistan region),0 (Barren Background),Trace / Non-mineralized,Unmineralized Pillow Basalt/Chert,Bela Ophiolite,Cretaceous,Synthetic Negative Sample for ML,N/A - Non-mine location,0 meters,0% (Background Terrain),Pillow Basalt/Chert (Observed at surface),1273,1650,1779,1889,2121,1923,909.06,20.53,0
Background_7.3km_from_Pakistan,66.37399,26.82209,Regional Country Rock (Geology associated with Pakistan region),0 (Barren Background),Trace / Non-mineralized,Unmineralized Pillow Basalt/Chert,Bela Ophiolite,Cretaceous,Synthetic Negative Sample for ML,N/A - Non-mine location,0 meters,0% (Background Terrain),Pillow Basalt/Chert (Observed at surface),47,413,706,1209,1534,1290,1026.99,25.53,0
Background_8.6km_from_Jones-Reiland Claims 1940's,-107.33029,32.79746,Regional Country Rock (Geology associated with Sierra region),0 (Barren Background),Trace / Non-mineralized,Unmineralized Limestone,Lake Valley Limestone,Mississippian,Synthetic Negative Sample for ML,N/A - Non-mine location,0 meters,0% (Background Terrain),Limestone (Observed at surface),1431,1874,2477,2771,3173,2854,1302.89,4.6,0
Background_5.6km_from_Jones-Reiland Claims 1940's,-107.20033,32.86370,Regional Country Rock (Geology associated with Sierra region),0 (Barren Background),Trace / Non-mineralized,Unmineralized Limestone,Lake Valley Limestone,Mississippian,Synthetic Negative Sample for ML,N/A - Non-mine location,0 meters,0% (Background Terrain),Limestone (Observed at surface),922,1313,1865,2610,3080,2696,1481.11,13.62,0
Background_7.9km_from_Jones-Reiland Claims 1940's,-107.20076,32.89412,Regional Country Rock (Geology associated with Sierra region),0 (Barren Background),Trace / Non-mineralized,Unmineralized Limestone,Lake Valley Limestone,Mississippian,Synthetic Negative Sample for ML,N/A - Non-mine location,0 meters,0% (Background Terrain),Limestone (Observed at surface),1226,1522,1853,2583,3675,3027,1872.06,11.8,0
Background_9.0km_from_Otero County,-105.81660,32.78312,Regional Country Rock (Hydrothermal/Sedimentary Deposit),0 (Barren Background),Trace / Non-mineralized,Unmineralized Quartzite/Schist,Local Metamorphic/Sedimentary Sequence,Phanerozoic,Synthetic Negative Sample for ML,N/A - Non-mine location,0 meters,0% (Background Terrain),Quartzite/Schist (Observed at surface),410,517,379,2042,1471,860,2758.75,17.15,0
Background_6.7km_from_Otero County,-105.66711,32.82105,Regional Country Rock (Hydrothermal/Sedimentary Deposit),0 (Barren Background),Trace / Non-mineralized,Unmineralized Quartzite/Schist,Local Metamorphic/Sedimentary Sequence,Phanerozoic,Synthetic Negative Sample for ML,N/A - Non-mine location,0 meters,0% (Background Terrain),Quartzite/Schist (Observed at surface),409,539,436,2258,2088,1512,2426.81,13.03,0
Background_8.4km_from_Otero County,-105.77487,32.76034,Regional Country Rock (Hydrothermal/Sedimentary Deposit),0 (Barren Background),Trace / Non-mineralized,Unmineralized Quartzite/Schist,Local Metamorphic/Sedimentary Sequence,Phanerozoic,Synthetic Negative Sample for ML,N/A - Non-mine location,0 meters,0% (Background Terrain),Quartzite/Schist (Observed at surface),154,153,132,368,270,183,2734.98,22.7,0
Background_6.5km_from_Black and White Mine,-123.27036,47.60274,Regional Country Rock (Geology associated with Mason region),0 (Barren Background),Trace / Non-mineralized,Unmineralized Basalt/Red Limestone,Crescent Formation,Eocene,Synthetic Negative Sample for ML,N/A - Non-mine location,0 meters,0% (Background Terrain),Basalt/Red Limestone (Observed at surface),728,1013,1199,1747,3037,2507,1811.8,20.91,0
Background_5.8km_from_Black and White Mine,-123.39275,47.61638,Regional Country Rock (Geology associated with Mason region),0 (Barren Background),Trace / Non-mineralized,Unmineralized Basalt/Red Limestone,Crescent Formation,Eocene,Synthetic Negative Sample for ML,N/A - Non-mine location,0 meters,0% (Background Terrain),Basalt/Red Limestone (Observed at surface),202,461,243,2762,1077,500,1060.93,31.82,0
Background_5.5km_from_Black and White Mine,-123.40947,47.59856,Regional Country Rock (Geology associated with Mason region),0 (Barren Background),Trace / Non-mineralized,Unmineralized Basalt/Red Limestone,Crescent Formation,Eocene,Synthetic Negative Sample for ML,N/A - Non-mine location,0 meters,0% (Background Terrain),Basalt/Red Limestone (Observed at surface),140,303,123,1546,704,301,1165.19,25.32,0
Background_7.1km_from_Optimo Claim,-106.95070,34.03662,Regional Country Rock (Geology associated with Socorro region),0 (Barren Background),Trace / Non-mineralized,Unmineralized Rhyolite/Andesite,Popotosa Formation,Miocene,Synthetic Negative Sample for ML,N/A - Non-mine location,0 meters,0% (Background Terrain),Rhyolite/Andesite (Observed at surface),759,991,1340,1974,2589,2351,1747.07,23.23,0
Background_6.4km_from_Optimo Claim,-106.97131,33.92941,Regional Country Rock (Geology associated with Socorro region),0 (Barren Background),Trace / Non-mineralized,Unmineralized Rhyolite/Andesite,Popotosa Formation,Miocene,Synthetic Negative Sample for ML,N/A - Non-mine location,0 meters,0% (Background Terrain),Rhyolite/Andesite (Observed at surface),1015,1284,1802,2244,3251,3079,1743.15,17.49,0
Background_8.9km_from_Optimo Claim,-107.07268,34.02963,Regional Country Rock (Geology associated with Socorro region),0 (Barren Background),Trace / Non-mineralized,Unmineralized Rhyolite/Andesite,Popotosa Formation,Miocene,Synthetic Negative Sample for ML,N/A - Non-mine location,0 meters,0% (Background Terrain),Rhyolite/Andesite (Observed at surface),862,1107,1605,2299,3268,2905,1936.93,2.79,0
Background_5.1km_from_Defense Mine,-117.40981,36.22364,Regional Country Rock (Hydrothermal/Sedimentary Deposit),0 (Barren Background),Trace / Non-mineralized,Unmineralized Quartzite/Schist,Local Metamorphic/Sedimentary Sequence,Phanerozoic,Synthetic Negative Sample for ML,N/A - Non-mine location,0 meters,0% (Background Terrain),Quartzite/Schist (Observed at surface),1508,2020,2405,2810,3479,3028,679.44,2.33,0
Background_7.5km_from_Defense Mine,-117.38321,36.21994,Regional Country Rock (Hydrothermal/Sedimentary Deposit),0 (Barren Background),Trace / Non-mineralized,Unmineralized Quartzite/Schist,Local Metamorphic/Sedimentary Sequence,Phanerozoic,Synthetic Negative Sample for ML,N/A - Non-mine location,0 meters,0% (Background Terrain),Quartzite/Schist (Observed at surface),1184,1591,2004,2457,3009,2665,620.83,3.57,0
Background_9.8km_from_Defense Mine,-117.35529,36.26778,Regional Country Rock (Hydrothermal/Sedimentary Deposit),0 (Barren Background),Trace / Non-mineralized,Unmineralized Quartzite/Schist,Local Metamorphic/Sedimentary Sequence,Phanerozoic,Synthetic Negative Sample for ML,N/A - Non-mine location,0 meters,0% (Background Terrain),Quartzite/Schist (Observed at surface),1641,2103,2549,2832,3365,3004,490.74,0.94,0
Background_8.4km_from_Vein 12-Taouz Tadaout Mine,-4.06648,30.87877,Regional Country Rock (Geology associated with Morocco region),0 (Barren Background),Trace / Non-mineralized,Unmineralized Dolomite,Cenomanian-Turonian Dolomites,Cretaceous,Synthetic Negative Sample for ML,N/A - Non-mine location,0 meters,0% (Background Terrain),Dolomite (Observed at surface),1527,2318,3472,3931,5444,4915,666.36,0.75,0
Background_9.8km_from_Vein 12-Taouz Tadaout Mine,-4.00583,30.81389,Regional Country Rock (Geology associated with Morocco region),0 (Barren Background),Trace / Non-mineralized,Unmineralized Dolomite,Cenomanian-Turonian Dolomites,Cretaceous,Synthetic Negative Sample for ML,N/A - Non-mine location,0 meters,0% (Background Terrain),Dolomite (Observed at surface),1302,2037,3250,4028,5597,4369,795.48,18.69,0
Background_9.2km_from_Vein 12-Taouz Tadaout Mine,-4.03395,30.82963,Regional Country Rock (Geology associated with Morocco region),0 (Barren Background),Trace / Non-mineralized,Unmineralized Dolomite,Cenomanian-Turonian Dolomites,Cretaceous,Synthetic Negative Sample for ML,N/A - Non-mine location,0 meters,0% (Background Terrain),Dolomite (Observed at surface),833,1199,1832,2281,4084,3891,900.27,2.78,0
Background_7.7km_from_Akebab Mine,-4.61277,32.61211,Regional Country Rock (Geology associated with Morocco region),0 (Barren Background),Trace / Non-mineralized,Unmineralized Dolomite,Cenomanian-Turonian Dolomites,Cretaceous,Synthetic Negative Sample for ML,N/A - Non-mine location,0 meters,0% (Background Terrain),Dolomite (Observed at surface),1005,1393,1896,2310,3120,2864,1821.66,15.37,0
Background_6.1km_from_Akebab Mine,-4.67853,32.72016,Regional Country Rock (Geology associated with Morocco region),0 (Barren Background),Trace / Non-mineralized,Unmineralized Dolomite,Cenomanian-Turonian Dolomites,Cretaceous,Synthetic Negative Sample for ML,N/A - Non-mine location,0 meters,0% (Background Terrain),Dolomite (Observed at surface),1179,1798,3110,3687,4633,4258,1458.06,2.7,0
Background_5.4km_from_Akebab Mine,-4.61816,32.63784,Regional Country Rock (Geology associated with Morocco region),0 (Barren Background),Trace / Non-mineralized,Unmineralized Dolomite,Cenomanian-Turonian Dolomites,Cretaceous,Synthetic Negative Sample for ML,N/A - Non-mine location,0 meters,0% (Background Terrain),Dolomite (Observed at surface),1126,1591,2286,2817,3844,3475,1639.27,8.33,0
Background_7.8km_from_Mowry Mine,-110.62352,31.44287,Regional Country Rock (Hydrothermal/Sedimentary Deposit),0 (Barren Background),Trace / Non-mineralized,Unmineralized Quartzite/Schist,Local Metamorphic/Sedimentary Sequence,Phanerozoic,Synthetic Negative Sample for ML,N/A - Non-mine location,0 meters,0% (Background Terrain),Quartzite/Schist (Observed at surface),486,784,732,2103,2598,1837,1519.71,1.05,0
Background_8.8km_from_Mowry Mine,-110.63328,31.47975,Regional Country Rock (Hydrothermal/Sedimentary Deposit),0 (Barren Background),Trace / Non-mineralized,Unmineralized Quartzite/Schist,Local Metamorphic/Sedimentary Sequence,Phanerozoic,Synthetic Negative Sample for ML,N/A - Non-mine location,0 meters,0% (Background Terrain),Quartzite/Schist (Observed at surface),479,690,754,2029,2216,1600,1540.1,3.28,0
Background_8.9km_from_Mowry Mine,-110.63764,31.48504,Regional Country Rock (Hydrothermal/Sedimentary Deposit),0 (Barren Background),Trace / Non-mineralized,Unmineralized Quartzite/Schist,Local Metamorphic/Sedimentary Sequence,Phanerozoic,Synthetic Negative Sample for ML,N/A - Non-mine location,0 meters,0% (Background Terrain),Quartzite/Schist (Observed at surface),427,626,626,1874,2297,1560,1549.16,3.39,0
Background_7.0km_from_Black Devil Mine,-117.40035,39.84113,Regional Country Rock (Geology associated with Nevada region),0 (Barren Background),Trace / Non-mineralized,Unmineralized Limestone/Dolomite,Highland Peak Fm,Cambrian,Synthetic Negative Sample for ML,N/A - Non-mine location,0 meters,0% (Background Terrain),Limestone/Dolomite (Observed at surface),894,1094,1370,1725,2986,2618,1596.35,0.61,0
Background_9.0km_from_Black Devil Mine,-117.58321,39.83743,Regional Country Rock (Geology associated with Nevada region),0 (Barren Background),Trace / Non-mineralized,Unmineralized Limestone/Dolomite,Highland Peak Fm,Cambrian,Synthetic Negative Sample for ML,N/A - Non-mine location,0 meters,0% (Background Terrain),Limestone/Dolomite (Observed at surface),1062,1333,1783,2236,2612,2325,1604.4,11.88,0
Background_6.6km_from_Black Devil Mine,-117.48022,39.88336,Regional Country Rock (Geology associated with Nevada region),0 (Barren Background),Trace / Non-mineralized,Unmineralized Limestone/Dolomite,Highland Peak Fm,Cambrian,Synthetic Negative Sample for ML,N/A - Non-mine location,0 meters,0% (Background Terrain),Limestone/Dolomite (Observed at surface),1022,1285,1591,2014,3007,2453,1580.41,10.78,0
Background_8.7km_from_Victory Manganese Claim,-111.12208,46.83923,Regional Country Rock (Hydrothermal/Sedimentary Deposit),0 (Barren Background),Trace / Non-mineralized,Unmineralized Quartzite/Schist,Local Metamorphic/Sedimentary Sequence,Phanerozoic,Synthetic Negative Sample for ML,N/A - Non-mine location,0 meters,0% (Background Terrain),Quartzite/Schist (Observed at surface),476,755,994,2031,2547,1593,1534.88,4.47,0
Background_9.9km_from_Victory Manganese Claim,-111.24203,46.87274,Regional Country Rock (Hydrothermal/Sedimentary Deposit),0 (Barren Background),Trace / Non-mineralized,Unmineralized Quartzite/Schist,Local Metamorphic/Sedimentary Sequence,Phanerozoic,Synthetic Negative Sample for ML,N/A - Non-mine location,0 meters,0% (Background Terrain),Quartzite/Schist (Observed at surface),163,369,336,1665,1165,655,1689.12,12.59,0
Background_9.3km_from_Victory Manganese Claim,-111.13680,46.71890,Regional Country Rock (Hydrothermal/Sedimentary Deposit),0 (Barren Background),Trace / Non-mineralized,Unmineralized Quartzite/Schist,Local Metamorphic/Sedimentary Sequence,Phanerozoic,Synthetic Negative Sample for ML,N/A - Non-mine location,0 meters,0% (Background Terrain),Quartzite/Schist (Observed at surface),617,846,997,1506,2874,2233,1430.96,2.46,0
Background_9.0km_from_Tyrrell Mine,-122.56977,42.29315,Regional Country Rock (Hydrothermal/Sedimentary Deposit),0 (Barren Background),Trace / Non-mineralized,Unmineralized Quartzite/Schist,Local Metamorphic/Sedimentary Sequence,Phanerozoic,Synthetic Negative Sample for ML,N/A - Non-mine location,0 meters,0% (Background Terrain),Quartzite/Schist (Observed at surface),371,649,652,2590,1492,799,1566.21,7.14,0
Background_5.4km_from_Tyrrell Mine,-122.53555,42.41009,Regional Country Rock (Hydrothermal/Sedimentary Deposit),0 (Barren Background),Trace / Non-mineralized,Unmineralized Quartzite/Schist,Local Metamorphic/Sedimentary Sequence,Phanerozoic,Synthetic Negative Sample for ML,N/A - Non-mine location,0 meters,0% (Background Terrain),Quartzite/Schist (Observed at surface),894,1174,1820,2563,3254,2124,829.42,10.9,0
Background_8.0km_from_Tyrrell Mine,-122.48338,42.36233,Regional Country Rock (Hydrothermal/Sedimentary Deposit),0 (Barren Background),Trace / Non-mineralized,Unmineralized Quartzite/Schist,Local Metamorphic/Sedimentary Sequence,Phanerozoic,Synthetic Negative Sample for ML,N/A - Non-mine location,0 meters,0% (Background Terrain),Quartzite/Schist (Observed at surface),327,436,558,2498,2101,1233,796.16,18.4,0
Background_9.8km_from_Logan Mine,-108.09830,37.65157,Regional Country Rock (Geology associated with Colorado region),0 (Barren Background),Trace / Non-mineralized,Unmineralized Rhyolite/Travertine,Browns Canyon Volcanics,Oligocene,Synthetic Negative Sample for ML,N/A - Non-mine location,0 meters,0% (Background Terrain),Rhyolite/Travertine (Observed at surface),225,429,380,2236,1829,1052,3133.32,25.43,0
Background_8.7km_from_Logan Mine,-107.92606,37.70967,Regional Country Rock (Geology associated with Colorado region),0 (Barren Background),Trace / Non-mineralized,Unmineralized Rhyolite/Travertine,Browns Canyon Volcanics,Oligocene,Synthetic Negative Sample for ML,N/A - Non-mine location,0 meters,0% (Background Terrain),Rhyolite/Travertine (Observed at surface),1354,1638,1899,2079,2090,1785,3699.58,34.57,0
Background_8.9km_from_Logan Mine,-108.11534,37.75154,Regional Country Rock (Geology associated with Colorado region),0 (Barren Background),Trace / Non-mineralized,Unmineralized Rhyolite/Travertine,Browns Canyon Volcanics,Oligocene,Synthetic Negative Sample for ML,N/A - Non-mine location,0 meters,0% (Background Terrain),Rhyolite/Travertine (Observed at surface),184,277,245,2021,993,532,3023.61,23.29,0
Background_9.5km_from_Raven Claim,-119.12482,41.64380,Regional Country Rock (Geology associated with Humboldt region),0 (Barren Background),Trace / Non-mineralized,Unmineralized Radiolarian Chert,Franciscan Complex,Jurassic-Cretaceous,Synthetic Negative Sample for ML,N/A - Non-mine location,0 meters,0% (Background Terrain),Radiolarian Chert (Observed at surface),1112,1379,1753,2177,3344,2969,1789.8,17.37,0
Background_8.9km_from_Raven Claim,-119.18401,41.66567,Regional Country Rock (Geology associated with Humboldt region),0 (Barren Background),Trace / Non-mineralized,Unmineralized Radiolarian Chert,Franciscan Complex,Jurassic-Cretaceous,Synthetic Negative Sample for ML,N/A - Non-mine location,0 meters,0% (Background Terrain),Radiolarian Chert (Observed at surface),787,1059,1448,1833,3038,2407,1973.65,5.77,0
Background_8.1km_from_Raven Claim,-119.21606,41.73804,Regional Country Rock (Geology associated with Humboldt region),0 (Barren Background),Trace / Non-mineralized,Unmineralized Radiolarian Chert,Franciscan Complex,Jurassic-Cretaceous,Synthetic Negative Sample for ML,N/A - Non-mine location,0 meters,0% (Background Terrain),Radiolarian Chert (Observed at surface),908,1123,1447,1909,2829,2264,1800.22,9.99,0
Background_8.1km_from_Wild Cat Mine,-113.39481,39.79344,Regional Country Rock (Geology associated with Utah region),0 (Barren Background),Trace / Non-mineralized,Unmineralized Limestone/Dolomite,Oquirrh Group,Pennsylvanian-Permian,Synthetic Negative Sample for ML,N/A - Non-mine location,0 meters,0% (Background Terrain),Limestone/Dolomite (Observed at surface),1996,2595,3130,3726,4603,3876,1316.65,0.56,0
Background_5.8km_from_Wild Cat Mine,-113.39100,39.86990,Regional Country Rock (Geology associated with Utah region),0 (Barren Background),Trace / Non-mineralized,Unmineralized Limestone/Dolomite,Oquirrh Group,Pennsylvanian-Permian,Synthetic Negative Sample for ML,N/A - Non-mine location,0 meters,0% (Background Terrain),Limestone/Dolomite (Observed at surface),2891,3479,3989,4685,3991,2656,1308.37,0.48,0
Background_5.5km_from_Wild Cat Mine,-113.49376,39.88910,Regional Country Rock (Geology associated with Utah region),0 (Barren Background),Trace / Non-mineralized,Unmineralized Limestone/Dolomite,Oquirrh Group,Pennsylvanian-Permian,Synthetic Negative Sample for ML,N/A - Non-mine location,0 meters,0% (Background Terrain),Limestone/Dolomite (Observed at surface),2288,2961,3416,4153,4408,3233,1308.11,0.4,0
Background_9.0km_from_Rheinhart Prospect,-107.28069,33.81101,Regional Country Rock (Geology associated with Socorro region),0 (Barren Background),Trace / Non-mineralized,Unmineralized Rhyolite/Andesite,Popotosa Formation,Miocene,Synthetic Negative Sample for ML,N/A - Non-mine location,0 meters,0% (Background Terrain),Rhyolite/Andesite (Observed at surface),1134,1570,2432,3083,3940,3838,1787.93,1.41,0
Background_6.9km_from_Rheinhart Prospect,-107.16718,33.90889,Regional Country Rock (Geology associated with Socorro region),0 (Barren Background),Trace / Non-mineralized,Unmineralized Rhyolite/Andesite,Popotosa Formation,Miocene,Synthetic Negative Sample for ML,N/A - Non-mine location,0 meters,0% (Background Terrain),Rhyolite/Andesite (Observed at surface),0,0,0,0,0,0,2230.99,27.01,0
Background_5.0km_from_Rheinhart Prospect,-107.17993,33.89443,Regional Country Rock (Geology associated with Socorro region),0 (Barren Background),Trace / Non-mineralized,Unmineralized Rhyolite/Andesite,Popotosa Formation,Miocene,Synthetic Negative Sample for ML,N/A - Non-mine location,0 meters,0% (Background Terrain),Rhyolite/Andesite (Observed at surface),597,757,852,2090,2703,2091,2578.37,26.56,0
Background_7.2km_from_Black Feather Claim,-106.90763,33.99560,Regional Country Rock (Geology associated with Socorro region),0 (Barren Background),Trace / Non-mineralized,Unmineralized Rhyolite/Andesite,Popotosa Formation,Miocene,Synthetic Negative Sample for ML,N/A - Non-mine location,0 meters,0% (Background Terrain),Rhyolite/Andesite (Observed at surface),986,1198,1614,2012,2606,2483,1466.1,10.32,0
Background_8.7km_from_Black Feather Claim,-106.95965,33.88506,Regional Country Rock (Geology associated with Socorro region),0 (Barren Background),Trace / Non-mineralized,Unmineralized Rhyolite/Andesite,Popotosa Formation,Miocene,Synthetic Negative Sample for ML,N/A - Non-mine location,0 meters,0% (Background Terrain),Rhyolite/Andesite (Observed at surface),921,1172,1663,2035,2735,2506,1744.76,19.3,0
Background_10.0km_from_Black Feather Claim,-107.04738,34.02886,Regional Country Rock (Geology associated with Socorro region),0 (Barren Background),Trace / Non-mineralized,Unmineralized Rhyolite/Andesite,Popotosa Formation,Miocene,Synthetic Negative Sample for ML,N/A - Non-mine location,0 meters,0% (Background Terrain),Rhyolite/Andesite (Observed at surface),964,1260,1818,2238,3291,3084,1864.07,1.81,0
Background_8.8km_from_Killion Mine,-107.55686,32.28317,Regional Country Rock (Geology associated with Luna region),0 (Barren Background),Trace / Non-mineralized,Unmineralized Agglomerate,Little Florida Volcanics,Tertiary,Synthetic Negative Sample for ML,N/A - Non-mine location,0 meters,0% (Background Terrain),Agglomerate (Observed at surface),1329,1725,2242,3127,4008,3425,1274.2,0.43,0
Background_8.7km_from_Killion Mine,-107.51791,32.25383,Regional Country Rock (Geology associated with Luna region),0 (Barren Background),Trace / Non-mineralized,Unmineralized Agglomerate,Little Florida Volcanics,Tertiary,Synthetic Negative Sample for ML,N/A - Non-mine location,0 meters,0% (Background Terrain),Agglomerate (Observed at surface),1130,1478,1975,2798,3475,3059,1263.95,0.68,0
Background_6.6km_from_Killion Mine,-107.58906,32.27035,Regional Country Rock (Geology associated with Luna region),0 (Barren Background),Trace / Non-mineralized,Unmineralized Agglomerate,Little Florida Volcanics,Tertiary,Synthetic Negative Sample for ML,N/A - Non-mine location,0 meters,0% (Background Terrain),Agglomerate (Observed at surface),1195,1577,2067,2930,3562,3194,1276.65,0.68,0
Background_7.6km_from_Black Mask Manganese Mine,-107.17797,34.31151,Regional Country Rock (Geology associated with Socorro region),0 (Barren Background),Trace / Non-mineralized,Unmineralized Rhyolite/Andesite,Popotosa Formation,Miocene,Synthetic Negative Sample for ML,N/A - Non-mine location,0 meters,0% (Background Terrain),Rhyolite/Andesite (Observed at surface),0,0,0,0,0,0,1738.92,5.45,0
Background_7.7km_from_Black Mask Manganese Mine,-107.09910,34.34750,Regional Country Rock (Geology associated with Socorro region),0 (Barren Background),Trace / Non-mineralized,Unmineralized Rhyolite/Andesite,Popotosa Formation,Miocene,Synthetic Negative Sample for ML,N/A - Non-mine location,0 meters,0% (Background Terrain),Rhyolite/Andesite (Observed at surface),6982,6675,6660,6934,6091,5134,1774.28,12.3,0
Background_8.7km_from_Black Mask Manganese Mine,-107.19592,34.45509,Regional Country Rock (Geology associated with Socorro region),0 (Barren Background),Trace / Non-mineralized,Unmineralized Rhyolite/Andesite,Popotosa Formation,Miocene,Synthetic Negative Sample for ML,N/A - Non-mine location,0 meters,0% (Background Terrain),Rhyolite/Andesite (Observed at surface),1146,1611,2585,3162,3879,3908,1806.87,1.4,0
Background_8.6km_from_Negrohead Manganese Mine,-107.13752,34.04553,Regional Country Rock (Geology associated with Socorro region),0 (Barren Background),Trace / Non-mineralized,Unmineralized Rhyolite/Andesite,Popotosa Formation,Miocene,Synthetic Negative Sample for ML,N/A - Non-mine location,0 meters,0% (Background Terrain),Rhyolite/Andesite (Observed at surface),874,1086,1129,2649,2329,1651,2359.76,25.44,0
Background_8.4km_from_Negrohead Manganese Mine,-107.14649,33.99378,Regional Country Rock (Geology associated with Socorro region),0 (Barren Background),Trace / Non-mineralized,Unmineralized Rhyolite/Andesite,Popotosa Formation,Miocene,Synthetic Negative Sample for ML,N/A - Non-mine location,0 meters,0% (Background Terrain),Rhyolite/Andesite (Observed at surface),425,694,712,2472,2263,1478,2433.21,23.94,0
Background_5.1km_from_Negrohead Manganese Mine,-107.03160,34.04735,Regional Country Rock (Geology associated with Socorro region),0 (Barren Background),Trace / Non-mineralized,Unmineralized Rhyolite/Andesite,Popotosa Formation,Miocene,Synthetic Negative Sample for ML,N/A - Non-mine location,0 meters,0% (Background Terrain),Rhyolite/Andesite (Observed at surface),855,1117,1450,1898,2721,2338,1826.33,6.5,0
Background_5.2km_from_Grant County,-108.11212,32.79435,Regional Country Rock (Geology associated with Grant region),0 (Barren Background),Trace / Non-mineralized,Unmineralized Limestone,Lake Valley Limestone,Mississippian,Synthetic Negative Sample for ML,N/A - Non-mine location,0 meters,0% (Background Terrain),Limestone (Observed at surface),516,865,1194,2128,2746,1944,1899.46,7.31,0
Background_9.2km_from_Grant County,-108.03879,32.76042,Regional Country Rock (Geology associated with Grant region),0 (Barren Background),Trace / Non-mineralized,Unmineralized Limestone,Lake Valley Limestone,Mississippian,Synthetic Negative Sample for ML,N/A - Non-mine location,0 meters,0% (Background Terrain),Limestone (Observed at surface),698,1035,1354,2249,2774,2211,2018.43,24.35,0
Background_9.6km_from_Grant County,-108.09594,32.74886,Regional Country Rock (Geology associated with Grant region),0 (Barren Background),Trace / Non-mineralized,Unmineralized Limestone,Lake Valley Limestone,Mississippian,Synthetic Negative Sample for ML,N/A - Non-mine location,0 meters,0% (Background Terrain),Limestone (Observed at surface),371,604,711,1735,2169,1605,2069.55,17.5,0
Background_9.1km_from_Dean's Branch Prospect,-81.57517,36.85426,Regional Country Rock (Geology associated with Virginia region),0 (Barren Background),Trace / Non-mineralized,Unmineralized Clay/Quartzite,Shady Dolomite / Antietam Fm,Cambrian,Synthetic Negative Sample for ML,N/A - Non-mine location,0 meters,0% (Background Terrain),Clay/Quartzite (Observed at surface),555,718,942,1785,2347,1597,711.01,15.38,0
Background_5.7km_from_Dean's Branch Prospect,-81.51204,36.82374,Regional Country Rock (Geology associated with Virginia region),0 (Barren Background),Trace / Non-mineralized,Unmineralized Clay/Quartzite,Shady Dolomite / Antietam Fm,Cambrian,Synthetic Negative Sample for ML,N/A - Non-mine location,0 meters,0% (Background Terrain),Clay/Quartzite (Observed at surface),922,913,959,1282,869,733,697.34,24.01,0
Background_7.1km_from_Dean's Branch Prospect,-81.48570,36.82371,Regional Country Rock (Geology associated with Virginia region),0 (Barren Background),Trace / Non-mineralized,Unmineralized Clay/Quartzite,Shady Dolomite / Antietam Fm,Cambrian,Synthetic Negative Sample for ML,N/A - Non-mine location,0 meters,0% (Background Terrain),Clay/Quartzite (Observed at surface),343,510,800,1584,2003,1287,730.62,25.79,0
Background_8.9km_from_Hutton Mine,-81.43242,36.78567,Regional Country Rock (Geology associated with Virginia region),0 (Barren Background),Trace / Non-mineralized,Unmineralized Clay/Quartzite,Shady Dolomite / Antietam Fm,Cambrian,Synthetic Negative Sample for ML,N/A - Non-mine location,0 meters,0% (Background Terrain),Clay/Quartzite (Observed at surface),2117,2342,2876,3829,1189,889,828.85,12.12,0
Background_7.0km_from_Hutton Mine,-81.45327,36.78187,Regional Country Rock (Geology associated with Virginia region),0 (Barren Background),Trace / Non-mineralized,Unmineralized Clay/Quartzite,Shady Dolomite / Antietam Fm,Cambrian,Synthetic Negative Sample for ML,N/A - Non-mine location,0 meters,0% (Background Terrain),Clay/Quartzite (Observed at surface),348,604,644,2057,1071,623,819.94,10.92,0
Background_8.7km_from_Hutton Mine,-81.55101,36.67365,Regional Country Rock (Geology associated with Virginia region),0 (Barren Background),Trace / Non-mineralized,Unmineralized Clay/Quartzite,Shady Dolomite / Antietam Fm,Cambrian,Synthetic Negative Sample for ML,N/A - Non-mine location,0 meters,0% (Background Terrain),Clay/Quartzite (Observed at surface),1122,1116,1144,1964,1377,1010,1301.62,12.62,0
Background_8.8km_from_Currin Valley Mines,-81.58043,36.83774,Regional Country Rock (Geology associated with Virginia region),0 (Barren Background),Trace / Non-mineralized,Unmineralized Clay/Quartzite,Shady Dolomite / Antietam Fm,Cambrian,Synthetic Negative Sample for ML,N/A - Non-mine location,0 meters,0% (Background Terrain),Clay/Quartzite (Observed at surface),863,944,1039,1720,1217,825,717.29,10.0,0
Background_8.8km_from_Currin Valley Mines,-81.57613,36.84204,Regional Country Rock (Geology associated with Virginia region),0 (Barren Background),Trace / Non-mineralized,Unmineralized Clay/Quartzite,Shady Dolomite / Antietam Fm,Cambrian,Synthetic Negative Sample for ML,N/A - Non-mine location,0 meters,0% (Background Terrain),Clay/Quartzite (Observed at surface),907,914,1093,1762,1283,992,778.56,11.47,0
Background_9.0km_from_Currin Valley Mines,-81.48610,36.71139,Regional Country Rock (Geology associated with Virginia region),0 (Barren Background),Trace / Non-mineralized,Unmineralized Clay/Quartzite,Shady Dolomite / Antietam Fm,Cambrian,Synthetic Negative Sample for ML,N/A - Non-mine location,0 meters,0% (Background Terrain),Clay/Quartzite (Observed at surface),2524,2844,2840,3416,949,687,1132.58,13.39,0
Background_5.3km_from_Sherman Valley,-78.18595,40.08723,Regional Country Rock (Hydrothermal/Sedimentary Deposit),0 (Barren Background),Trace / Non-mineralized,Unmineralized Quartzite/Schist,Local Metamorphic/Sedimentary Sequence,Phanerozoic,Synthetic Negative Sample for ML,N/A - Non-mine location,0 meters,0% (Background Terrain),Quartzite/Schist (Observed at surface),241,540,226,3241,1640,727,397.17,3.67,0
Background_7.4km_from_Sherman Valley,-78.16289,40.07808,Regional Country Rock (Hydrothermal/Sedimentary Deposit),0 (Barren Background),Trace / Non-mineralized,Unmineralized Quartzite/Schist,Local Metamorphic/Sedimentary Sequence,Phanerozoic,Synthetic Negative Sample for ML,N/A - Non-mine location,0 meters,0% (Background Terrain),Quartzite/Schist (Observed at surface),218,602,209,4552,1797,735,393.46,6.21,0
Background_6.3km_from_Sherman Valley,-78.32140,40.08354,Regional Country Rock (Hydrothermal/Sedimentary Deposit),0 (Barren Background),Trace / Non-mineralized,Unmineralized Quartzite/Schist,Local Metamorphic/Sedimentary Sequence,Phanerozoic,Synthetic Negative Sample for ML,N/A - Non-mine location,0 meters,0% (Background Terrain),Quartzite/Schist (Observed at surface),257,645,228,4119,1880,768,334.9,11.58,0
Background_6.9km_from_West Ore Bank Mine,-82.44953,36.18762,Regional Country Rock (Geology associated with Tennessee region),0 (Barren Background),Trace / Non-mineralized,Unmineralized Chert/Clay,Shady Dolomite,Cambrian,Synthetic Negative Sample for ML,N/A - Non-mine location,0 meters,0% (Background Terrain),Chert/Clay (Observed at surface),339,410,512,1291,1995,1445,514.97,17.28,0
Background_9.1km_from_West Ore Bank Mine,-82.58508,36.21121,Regional Country Rock (Geology associated with Tennessee region),0 (Barren Background),Trace / Non-mineralized,Unmineralized Chert/Clay,Shady Dolomite,Cambrian,Synthetic Negative Sample for ML,N/A - Non-mine location,0 meters,0% (Background Terrain),Chert/Clay (Observed at surface),609,928,1038,3163,3096,2061,477.4,4.88,0
Background_6.0km_from_West Ore Bank Mine,-82.52908,36.10081,Regional Country Rock (Geology associated with Tennessee region),0 (Barren Background),Trace / Non-mineralized,Unmineralized Chert/Clay,Shady Dolomite,Cambrian,Synthetic Negative Sample for ML,N/A - Non-mine location,0 meters,0% (Background Terrain),Chert/Clay (Observed at surface),492,1044,488,4030,2284,1128,1107.44,30.78,0
Background_6.4km_from_Neely Mine,-81.78560,36.61011,Regional Country Rock (Geology associated with Tennessee region),0 (Barren Background),Trace / Non-mineralized,Unmineralized Chert/Clay,Shady Dolomite,Cambrian,Synthetic Negative Sample for ML,N/A - Non-mine location,0 meters,0% (Background Terrain),Chert/Clay (Observed at surface),538,548,644,1251,1019,656,755.75,24.46,0
Background_8.0km_from_Neely Mine,-81.76204,36.63592,Regional Country Rock (Geology associated with Tennessee region),0 (Barren Background),Trace / Non-mineralized,Unmineralized Chert/Clay,Shady Dolomite,Cambrian,Synthetic Negative Sample for ML,N/A - Non-mine location,0 meters,0% (Background Terrain),Chert/Clay (Observed at surface),1316,1122,926,1757,669,537,851.23,20.48,0
Background_5.4km_from_Neely Mine,-81.76677,36.60937,Regional Country Rock (Geology associated with Tennessee region),0 (Barren Background),Trace / Non-mineralized,Unmineralized Chert/Clay,Shady Dolomite,Cambrian,Synthetic Negative Sample for ML,N/A - Non-mine location,0 meters,0% (Background Terrain),Chert/Clay (Observed at surface),687,576,434,882,641,505,926.22,19.94,0
Background_7.8km_from_Seaman No.1 Mine,-91.22658,37.16518,Regional Country Rock (Geology associated with Missouri region),0 (Barren Background),Trace / Non-mineralized,Unmineralized Rhyolite,St. Francois Mountains Volcanics,Mesoproterozoic,Synthetic Negative Sample for ML,N/A - Non-mine location,0 meters,0% (Background Terrain),Rhyolite (Observed at surface),228,414,200,3347,1430,580,242.2,10.74,0
Background_8.0km_from_Seaman No.1 Mine,-91.11006,37.14832,Regional Country Rock (Geology associated with Missouri region),0 (Barren Background),Trace / Non-mineralized,Unmineralized Rhyolite,St. Francois Mountains Volcanics,Mesoproterozoic,Synthetic Negative Sample for ML,N/A - Non-mine location,0 meters,0% (Background Terrain),Rhyolite (Observed at surface),237,388,220,3259,1656,708,259.31,12.8,0
Background_8.1km_from_Seaman No.1 Mine,-91.15050,37.03648,Regional Country Rock (Geology associated with Missouri region),0 (Barren Background),Trace / Non-mineralized,Unmineralized Rhyolite,St. Francois Mountains Volcanics,Mesoproterozoic,Synthetic Negative Sample for ML,N/A - Non-mine location,0 meters,0% (Background Terrain),Rhyolite (Observed at surface),0,0,0,0,0,0,253.46,7.57,0
Background_9.7km_from_La Colorada Mine,-103.79716,23.52035,Regional Country Rock (Hydrothermal/Sedimentary Deposit),0 (Barren Background),Trace / Non-mineralized,Unmineralized Quartzite/Schist,Local Metamorphic/Sedimentary Sequence,Phanerozoic,Synthetic Negative Sample for ML,N/A - Non-mine location,0 meters,0% (Background Terrain),Quartzite/Schist (Observed at surface),0,0,0,0,0,0,2144.01,1.26,0
Background_7.0km_from_La Colorada Mine,-103.84109,23.53313,Regional Country Rock (Hydrothermal/Sedimentary Deposit),0 (Barren Background),Trace / Non-mineralized,Unmineralized Quartzite/Schist,Local Metamorphic/Sedimentary Sequence,Phanerozoic,Synthetic Negative Sample for ML,N/A - Non-mine location,0 meters,0% (Background Terrain),Quartzite/Schist (Observed at surface),501,691,722,2281,2769,1980,2147.16,7.13,0
Background_9.8km_from_La Colorada Mine,-103.85642,23.39914,Regional Country Rock (Hydrothermal/Sedimentary Deposit),0 (Barren Background),Trace / Non-mineralized,Unmineralized Quartzite/Schist,Local Metamorphic/Sedimentary Sequence,Phanerozoic,Synthetic Negative Sample for ML,N/A - Non-mine location,0 meters,0% (Background Terrain),Quartzite/Schist (Observed at surface),520,883,1808,2639,4338,3746,2317.8,2.83,0
Background_5.1km_from_Dawson Deposit,-114.31763,34.38196,Regional Country Rock (Geology associated with San Bernardino region),0 (Barren Background),Trace / Non-mineralized,Unmineralized Fanglomerate/Volcanics,Local Tertiary Volcanics,Miocene,Synthetic Negative Sample for ML,N/A - Non-mine location,0 meters,0% (Background Terrain),Fanglomerate/Volcanics (Observed at surface),1113,1370,1582,1680,2550,2646,302.64,20.41,0
Background_6.8km_from_Dawson Deposit,-114.33351,34.37053,Regional Country Rock (Geology associated with San Bernardino region),0 (Barren Background),Trace / Non-mineralized,Unmineralized Fanglomerate/Volcanics,Local Tertiary Volcanics,Miocene,Synthetic Negative Sample for ML,N/A - Non-mine location,0 meters,0% (Background Terrain),Fanglomerate/Volcanics (Observed at surface),917,1172,1451,1635,2641,2931,380.72,26.04,0
Background_6.2km_from_Dawson Deposit,-114.32842,34.40388,Regional Country Rock (Geology associated with San Bernardino region),0 (Barren Background),Trace / Non-mineralized,Unmineralized Fanglomerate/Volcanics,Local Tertiary Volcanics,Miocene,Synthetic Negative Sample for ML,N/A - Non-mine location,0 meters,0% (Background Terrain),Fanglomerate/Volcanics (Observed at surface),1287,1599,1987,2216,2909,2703,221.06,9.23,0
Background_5.9km_from_Dixon Brothers Prospect,-119.67131,39.14019,Regional Country Rock (Geology associated with Nevada region),0 (Barren Background),Trace / Non-mineralized,Unmineralized Limestone/Dolomite,Highland Peak Fm,Cambrian,Synthetic Negative Sample for ML,N/A - Non-mine location,0 meters,0% (Background Terrain),Limestone/Dolomite (Observed at surface),642,903,994,1896,1898,1434,1633.36,15.16,0
Background_9.3km_from_Dixon Brothers Prospect,-119.50755,39.16557,Regional Country Rock (Geology associated with Nevada region),0 (Barren Background),Trace / Non-mineralized,Unmineralized Limestone/Dolomite,Highland Peak Fm,Cambrian,Synthetic Negative Sample for ML,N/A - Non-mine location,0 meters,0% (Background Terrain),Limestone/Dolomite (Observed at surface),724,950,1251,1658,1933,1569,1985.26,16.84,0
Background_7.5km_from_Dixon Brothers Prospect,-119.70194,39.17179,Regional Country Rock (Geology associated with Nevada region),0 (Barren Background),Trace / Non-mineralized,Unmineralized Limestone/Dolomite,Highland Peak Fm,Cambrian,Synthetic Negative Sample for ML,N/A - Non-mine location,0 meters,0% (Background Terrain),Limestone/Dolomite (Observed at surface),960,1272,1691,2172,3084,2541,1423.08,6.21,0
Background_8.1km_from_Urucum Mine,-57.51624,-19.19628,Regional Country Rock (Hydrothermal/Sedimentary Deposit),0 (Barren Background),Trace / Non-mineralized,Unmineralized Quartzite/Schist,Local Metamorphic/Sedimentary Sequence,Phanerozoic,Synthetic Negative Sample for ML,N/A - Non-mine location,0 meters,0% (Background Terrain),Quartzite/Schist (Observed at surface),513,602,773,1971,2548,1661,334.65,20.14,0
Background_8.8km_from_Urucum Mine,-57.57892,-19.20502,Regional Country Rock (Hydrothermal/Sedimentary Deposit),0 (Barren Background),Trace / Non-mineralized,Unmineralized Quartzite/Schist,Local Metamorphic/Sedimentary Sequence,Phanerozoic,Synthetic Negative Sample for ML,N/A - Non-mine location,0 meters,0% (Background Terrain),Quartzite/Schist (Observed at surface),319,443,643,1316,2373,1628,888.85,10.18,0
Background_6.8km_from_Urucum Mine,-57.60960,-19.10814,Regional Country Rock (Hydrothermal/Sedimentary Deposit),0 (Barren Background),Trace / Non-mineralized,Unmineralized Quartzite/Schist,Local Metamorphic/Sedimentary Sequence,Phanerozoic,Synthetic Negative Sample for ML,N/A - Non-mine location,0 meters,0% (Background Terrain),Quartzite/Schist (Observed at surface),647,823,1141,2006,3593,2615,149.5,1.9,0
Background_5.1km_from_La Unica Mine,-76.31135,20.12946,Regional Country Rock (Geology associated with Cuba region),0 (Barren Background),Trace / Non-mineralized,Unmineralized Tuff/Limestone,Charco Redondo Formation,Paleogene,Synthetic Negative Sample for ML,N/A - Non-mine location,0 meters,0% (Background Terrain),Tuff/Limestone (Observed at surface),260,657,291,5155,1956,816,430.32,19.08,0
Background_8.9km_from_La Unica Mine,-76.41600,20.20038,Regional Country Rock (Geology associated with Cuba region),0 (Barren Background),Trace / Non-mineralized,Unmineralized Tuff/Limestone,Charco Redondo Formation,Paleogene,Synthetic Negative Sample for ML,N/A - Non-mine location,0 meters,0% (Background Terrain),Tuff/Limestone (Observed at surface),290,609,290,4761,2076,917,501.15,16.46,0
Background_9.1km_from_La Unica Mine,-76.40474,20.07232,Regional Country Rock (Geology associated with Cuba region),0 (Barren Background),Trace / Non-mineralized,Unmineralized Tuff/Limestone,Charco Redondo Formation,Paleogene,Synthetic Negative Sample for ML,N/A - Non-mine location,0 meters,0% (Background Terrain),Tuff/Limestone (Observed at surface),230,616,255,4583,1820,766,541.59,25.31,0
Background_8.8km_from_Kokko Mine,140.81078,43.07376,Regional Country Rock (Geology associated with Hokkaido region),0 (Barren Background),Trace / Non-mineralized,Unmineralized Green Tuff/Mudstone,Kunnui Formation,Miocene,Synthetic Negative Sample for ML,N/A - Non-mine location,0 meters,0% (Background Terrain),Green Tuff/Mudstone (Observed at surface),376,999,385,5884,2607,1186,156.71,8.37,0
Background_7.0km_from_Kokko Mine,140.85679,43.08168,Regional Country Rock (Geology associated with Hokkaido region),0 (Barren Background),Trace / Non-mineralized,Unmineralized Green Tuff/Mudstone,Kunnui Formation,Miocene,Synthetic Negative Sample for ML,N/A - Non-mine location,0 meters,0% (Background Terrain),Green Tuff/Mudstone (Observed at surface),212,423,198,2825,1397,607,307.65,13.93,0
Background_7.9km_from_Kokko Mine,140.80228,43.20209,Regional Country Rock (Geology associated with Hokkaido region),0 (Barren Background),Trace / Non-mineralized,Unmineralized Green Tuff/Mudstone,Kunnui Formation,Miocene,Synthetic Negative Sample for ML,N/A - Non-mine location,0 meters,0% (Background Terrain),Green Tuff/Mudstone (Observed at surface),297,250,99,101,64,46,0.0,0.0,0
Background_7.4km_from_Northgate,-106.16538,40.93717,Regional Country Rock (Geology associated with Colorado region),0 (Barren Background),Trace / Non-mineralized,Unmineralized Rhyolite/Travertine,Browns Canyon Volcanics,Oligocene,Synthetic Negative Sample for ML,N/A - Non-mine location,0 meters,0% (Background Terrain),Rhyolite/Travertine (Observed at surface),305,469,429,1685,1475,947,2826.09,6.26,0
Background_9.3km_from_Northgate,-106.29310,40.85575,Regional Country Rock (Geology associated with Colorado region),0 (Barren Background),Trace / Non-mineralized,Unmineralized Rhyolite/Travertine,Browns Canyon Volcanics,Oligocene,Synthetic Negative Sample for ML,N/A - Non-mine location,0 meters,0% (Background Terrain),Rhyolite/Travertine (Observed at surface),826,1144,1436,2146,3632,3192,2415.12,2.25,0
Background_10.0km_from_Northgate,-106.21280,40.84897,Regional Country Rock (Geology associated with Colorado region),0 (Barren Background),Trace / Non-mineralized,Unmineralized Rhyolite/Travertine,Browns Canyon Volcanics,Oligocene,Synthetic Negative Sample for ML,N/A - Non-mine location,0 meters,0% (Background Terrain),Rhyolite/Travertine (Observed at surface),665,868,1017,1826,3015,2474,2527.01,1.87,0
Background_7.1km_from_Hust Manganese Claim,-106.95830,32.61081,Regional Country Rock (Hydrothermal/Sedimentary Deposit),0 (Barren Background),Trace / Non-mineralized,Unmineralized Quartzite/Schist,Local Metamorphic/Sedimentary Sequence,Phanerozoic,Synthetic Negative Sample for ML,N/A - Non-mine location,0 meters,0% (Background Terrain),Quartzite/Schist (Observed at surface),958,1295,1597,2832,3566,3260,1305.22,2.49,0
Background_6.1km_from_Hust Manganese Claim,-107.01539,32.57675,Regional Country Rock (Hydrothermal/Sedimentary Deposit),0 (Barren Background),Trace / Non-mineralized,Unmineralized Quartzite/Schist,Local Metamorphic/Sedimentary Sequence,Phanerozoic,Synthetic Negative Sample for ML,N/A - Non-mine location,0 meters,0% (Background Terrain),Quartzite/Schist (Observed at surface),905,1217,1605,2024,2733,2488,1255.42,4.38,0
Background_7.3km_from_Hust Manganese Claim,-107.02738,32.58053,Regional Country Rock (Hydrothermal/Sedimentary Deposit),0 (Barren Background),Trace / Non-mineralized,Unmineralized Quartzite/Schist,Local Metamorphic/Sedimentary Sequence,Phanerozoic,Synthetic Negative Sample for ML,N/A - Non-mine location,0 meters,0% (Background Terrain),Quartzite/Schist (Observed at surface),1062,1393,1805,2273,2719,2438,1282.98,5.28,0
Background_9.5km_from_COD Mine,-111.31454,31.59269,Regional Country Rock (Hydrothermal/Sedimentary Deposit),0 (Barren Background),Trace / Non-mineralized,Unmineralized Quartzite/Schist,Local Metamorphic/Sedimentary Sequence,Phanerozoic,Synthetic Negative Sample for ML,N/A - Non-mine location,0 meters,0% (Background Terrain),Quartzite/Schist (Observed at surface),800,1235,1749,3005,2788,2026,1143.71,3.04,0
Background_6.3km_from_COD Mine,-111.42777,31.69663,Regional Country Rock (Hydrothermal/Sedimentary Deposit),0 (Barren Background),Trace / Non-mineralized,Unmineralized Quartzite/Schist,Local Metamorphic/Sedimentary Sequence,Phanerozoic,Synthetic Negative Sample for ML,N/A - Non-mine location,0 meters,0% (Background Terrain),Quartzite/Schist (Observed at surface),624,870,1024,2039,2671,2017,998.76,5.94,0
Background_5.7km_from_COD Mine,-111.32021,31.64967,Regional Country Rock (Hydrothermal/Sedimentary Deposit),0 (Barren Background),Trace / Non-mineralized,Unmineralized Quartzite/Schist,Local Metamorphic/Sedimentary Sequence,Phanerozoic,Synthetic Negative Sample for ML,N/A - Non-mine location,0 meters,0% (Background Terrain),Quartzite/Schist (Observed at surface),865,1209,1629,2233,2310,1962,1122.33,2.12,0
Background_6.9km_from_Crescent Mine,-123.94859,48.01588,Regional Country Rock (Geology associated with Clallam region),0 (Barren Background),Trace / Non-mineralized,Unmineralized Basalt/Red Limestone,Crescent Formation,Eocene,Synthetic Negative Sample for ML,N/A - Non-mine location,0 meters,0% (Background Terrain),Basalt/Red Limestone (Observed at surface),0,0,0,0,0,0,697.85,17.14,0
Background_7.0km_from_Crescent Mine,-123.90888,48.01861,Regional Country Rock (Geology associated with Clallam region),0 (Barren Background),Trace / Non-mineralized,Unmineralized Basalt/Red Limestone,Crescent Formation,Eocene,Synthetic Negative Sample for ML,N/A - Non-mine location,0 meters,0% (Background Terrain),Basalt/Red Limestone (Observed at surface),64,156,65,1754,541,198,600.67,19.23,0
Background_8.1km_from_Crescent Mine,-124.02202,48.12838,Regional Country Rock (Geology associated with Clallam region),0 (Barren Background),Trace / Non-mineralized,Unmineralized Basalt/Red Limestone,Crescent Formation,Eocene,Synthetic Negative Sample for ML,N/A - Non-mine location,0 meters,0% (Background Terrain),Basalt/Red Limestone (Observed at surface),110,219,109,2502,743,304,372.22,12.4,0
Background_7.8km_from_W.T. Gray Mine,-91.70156,35.89933,Regional Country Rock (Geology associated with Independence region),0 (Barren Background),Trace / Non-mineralized,Unmineralized Shale/Limestone,Cason Shale / Fernvale Fm,Ordovician,Synthetic Negative Sample for ML,N/A - Non-mine location,0 meters,0% (Background Terrain),Shale/Limestone (Observed at surface),224,279,165,2240,1534,667,212.71,9.55,0
Background_7.6km_from_W.T. Gray Mine,-91.53203,35.88791,Regional Country Rock (Geology associated with Independence region),0 (Barren Background),Trace / Non-mineralized,Unmineralized Shale/Limestone,Cason Shale / Fernvale Fm,Ordovician,Synthetic Negative Sample for ML,N/A - Non-mine location,0 meters,0% (Background Terrain),Shale/Limestone (Observed at surface),684,893,960,2943,2689,1691,208.29,6.13,0
Background_9.8km_from_W.T. Gray Mine,-91.51534,35.91684,Regional Country Rock (Geology associated with Independence region),0 (Barren Background),Trace / Non-mineralized,Unmineralized Shale/Limestone,Cason Shale / Fernvale Fm,Ordovician,Synthetic Negative Sample for ML,N/A - Non-mine location,0 meters,0% (Background Terrain),Shale/Limestone (Observed at surface),241,383,277,2903,1746,728,207.02,8.28,0
Background_6.9km_from_Big Muddy Mine,-90.63701,37.60577,Regional Country Rock (Geology associated with Missouri region),0 (Barren Background),Trace / Non-mineralized,Unmineralized Rhyolite,St. Francois Mountains Volcanics,Mesoproterozoic,Synthetic Negative Sample for ML,N/A - Non-mine location,0 meters,0% (Background Terrain),Rhyolite (Observed at surface),403,535,569,2185,2197,1138,418.91,9.05,0
Background_8.2km_from_Big Muddy Mine,-90.62929,37.47828,Regional Country Rock (Geology associated with Missouri region),0 (Barren Background),Trace / Non-mineralized,Unmineralized Rhyolite,St. Francois Mountains Volcanics,Mesoproterozoic,Synthetic Negative Sample for ML,N/A - Non-mine location,0 meters,0% (Background Terrain),Rhyolite (Observed at surface),217,387,224,2576,1526,668,372.72,4.11,0
Background_6.6km_from_Big Muddy Mine,-90.59341,37.57274,Regional Country Rock (Geology associated with Missouri region),0 (Barren Background),Trace / Non-mineralized,Unmineralized Rhyolite,St. Francois Mountains Volcanics,Mesoproterozoic,Synthetic Negative Sample for ML,N/A - Non-mine location,0 meters,0% (Background Terrain),Rhyolite (Observed at surface),381,698,580,3132,3062,1548,280.82,8.38,0
Background_9.8km_from_Viola-Bromide Deposit,-96.63509,34.40978,Regional Country Rock (Geology associated with Oklahoma region),0 (Barren Background),Trace / Non-mineralized,Unmineralized Limestone/Shale,Hunton Group,Silurian-Devonian,Synthetic Negative Sample for ML,N/A - Non-mine location,0 meters,0% (Background Terrain),Limestone/Shale (Observed at surface),851,1055,1461,2546,0,2574,295.26,2.46,0
Background_7.3km_from_Viola-Bromide Deposit,-96.46581,34.34747,Regional Country Rock (Geology associated with Oklahoma region),0 (Barren Background),Trace / Non-mineralized,Unmineralized Limestone/Shale,Hunton Group,Silurian-Devonian,Synthetic Negative Sample for ML,N/A - Non-mine location,0 meters,0% (Background Terrain),Limestone/Shale (Observed at surface),338,547,470,2905,2741,1481,256.67,4.38,0
Background_5.2km_from_Viola-Bromide Deposit,-96.50328,34.41850,Regional Country Rock (Geology associated with Oklahoma region),0 (Barren Background),Trace / Non-mineralized,Unmineralized Limestone/Shale,Hunton Group,Silurian-Devonian,Synthetic Negative Sample for ML,N/A - Non-mine location,0 meters,0% (Background Terrain),Limestone/Shale (Observed at surface),944,1254,1665,2925,4586,3118,219.57,1.22,0
Background_5.8km_from_Aho Mine,-123.12032,38.55619,Regional Country Rock (Hydrothermal/Sedimentary Deposit),0 (Barren Background),Trace / Non-mineralized,Unmineralized Quartzite/Schist,Local Metamorphic/Sedimentary Sequence,Phanerozoic,Synthetic Negative Sample for ML,N/A - Non-mine location,0 meters,0% (Background Terrain),Quartzite/Schist (Observed at surface),199,273,231,1969,772,436,405.04,11.38,0
Background_6.8km_from_Aho Mine,-123.19931,38.47586,Regional Country Rock (Hydrothermal/Sedimentary Deposit),0 (Barren Background),Trace / Non-mineralized,Unmineralized Quartzite/Schist,Local Metamorphic/Sedimentary Sequence,Phanerozoic,Synthetic Negative Sample for ML,N/A - Non-mine location,0 meters,0% (Background Terrain),Quartzite/Schist (Observed at surface),349,260,204,159,109,104,0.0,0.0,0
Background_5.6km_from_Aho Mine,-123.16604,38.48672,Regional Country Rock (Hydrothermal/Sedimentary Deposit),0 (Barren Background),Trace / Non-mineralized,Unmineralized Quartzite/Schist,Local Metamorphic/Sedimentary Sequence,Phanerozoic,Synthetic Negative Sample for ML,N/A - Non-mine location,0 meters,0% (Background Terrain),Quartzite/Schist (Observed at surface),90,195,108,1824,750,377,163.29,19.71,0
Background_7.6km_from_Linser Mine,-123.71180,39.94769,Regional Country Rock (Geology associated with Mendocino region),0 (Barren Background),Trace / Non-mineralized,Unmineralized Radiolarian Chert,Franciscan Complex,Jurassic-Cretaceous,Synthetic Negative Sample for ML,N/A - Non-mine location,0 meters,0% (Background Terrain),Radiolarian Chert (Observed at surface),106,210,120,2454,813,313,590.36,16.14,0
Background_7.9km_from_Linser Mine,-123.60717,40.05176,Regional Country Rock (Geology associated with Mendocino region),0 (Barren Background),Trace / Non-mineralized,Unmineralized Radiolarian Chert,Franciscan Complex,Jurassic-Cretaceous,Synthetic Negative Sample for ML,N/A - Non-mine location,0 meters,0% (Background Terrain),Radiolarian Chert (Observed at surface),167,365,213,3788,1353,553,398.41,30.61,0
Background_8.0km_from_Linser Mine,-123.62924,39.91279,Regional Country Rock (Geology associated with Mendocino region),0 (Barren Background),Trace / Non-mineralized,Unmineralized Radiolarian Chert,Franciscan Complex,Jurassic-Cretaceous,Synthetic Negative Sample for ML,N/A - Non-mine location,0 meters,0% (Background Terrain),Radiolarian Chert (Observed at surface),380,627,580,2777,1744,961,924.51,14.97,0
Background_7.1km_from_Lucky Bill Prospect,-123.15260,40.34489,Regional Country Rock (Geology associated with Trinity region),0 (Barren Background),Trace / Non-mineralized,Unmineralized Radiolarian Chert,Franciscan Complex,Jurassic-Cretaceous,Synthetic Negative Sample for ML,N/A - Non-mine location,0 meters,0% (Background Terrain),Radiolarian Chert (Observed at surface),816,1041,1273,1518,2114,1709,1632.0,7.39,0
Background_8.2km_from_Lucky Bill Prospect,-123.15269,40.22630,Regional Country Rock (Geology associated with Trinity region),0 (Barren Background),Trace / Non-mineralized,Unmineralized Radiolarian Chert,Franciscan Complex,Jurassic-Cretaceous,Synthetic Negative Sample for ML,N/A - Non-mine location,0 meters,0% (Background Terrain),Radiolarian Chert (Observed at surface),323,532,591,1775,2142,1593,1093.55,19.23,0
Background_5.6km_from_Lucky Bill Prospect,-123.11274,40.24149,Regional Country Rock (Geology associated with Trinity region),0 (Barren Background),Trace / Non-mineralized,Unmineralized Radiolarian Chert,Franciscan Complex,Jurassic-Cretaceous,Synthetic Negative Sample for ML,N/A - Non-mine location,0 meters,0% (Background Terrain),Radiolarian Chert (Observed at surface),196,396,340,2560,1270,686,1087.29,13.13,0
Background_6.8km_from_Double A Mine,-123.30180,40.26472,Regional Country Rock (Geology associated with Trinity region),0 (Barren Background),Trace / Non-mineralized,Unmineralized Radiolarian Chert,Franciscan Complex,Jurassic-Cretaceous,Synthetic Negative Sample for ML,N/A - Non-mine location,0 meters,0% (Background Terrain),Radiolarian Chert (Observed at surface),349,562,653,3054,1986,915,1205.63,19.89,0
Background_6.6km_from_Double A Mine,-123.34851,40.22657,Regional Country Rock (Geology associated with Trinity region),0 (Barren Background),Trace / Non-mineralized,Unmineralized Radiolarian Chert,Franciscan Complex,Jurassic-Cretaceous,Synthetic Negative Sample for ML,N/A - Non-mine location,0 meters,0% (Background Terrain),Radiolarian Chert (Observed at surface),201,339,273,2350,1236,725,1044.82,15.33,0
Background_9.5km_from_Double A Mine,-123.28799,40.12164,Regional Country Rock (Geology associated with Trinity region),0 (Barren Background),Trace / Non-mineralized,Unmineralized Radiolarian Chert,Franciscan Complex,Jurassic-Cretaceous,Synthetic Negative Sample for ML,N/A - Non-mine location,0 meters,0% (Background Terrain),Radiolarian Chert (Observed at surface),348,563,591,2585,1857,1114,1102.06,24.06,0
Background_5.5km_from_Blue Jay Mine,-123.30496,40.09251,Regional Country Rock (Geology associated with Trinity region),0 (Barren Background),Trace / Non-mineralized,Unmineralized Radiolarian Chert,Franciscan Complex,Jurassic-Cretaceous,Synthetic Negative Sample for ML,N/A - Non-mine location,0 meters,0% (Background Terrain),Radiolarian Chert (Observed at surface),404,525,677,1788,2005,1304,780.21,27.6,0
Background_9.7km_from_Blue Jay Mine,-123.19155,40.18839,Regional Country Rock (Geology associated with Trinity region),0 (Barren Background),Trace / Non-mineralized,Unmineralized Radiolarian Chert,Franciscan Complex,Jurassic-Cretaceous,Synthetic Negative Sample for ML,N/A - Non-mine location,0 meters,0% (Background Terrain),Radiolarian Chert (Observed at surface),504,638,760,1829,1948,1332,1022.48,19.53,0
Background_7.5km_from_Blue Jay Mine,-123.27555,40.04920,Regional Country Rock (Geology associated with Trinity region),0 (Barren Background),Trace / Non-mineralized,Unmineralized Radiolarian Chert,Franciscan Complex,Jurassic-Cretaceous,Synthetic Negative Sample for ML,N/A - Non-mine location,0 meters,0% (Background Terrain),Radiolarian Chert (Observed at surface),446,794,898,3252,2853,1880,995.59,14.77,0
Background_9.1km_from_Tachgagalt,-6.92100,30.86139,Regional Country Rock (Geology associated with Morocco region),0 (Barren Background),Trace / Non-mineralized,Unmineralized Dolomite,Cenomanian-Turonian Dolomites,Cretaceous,Synthetic Negative Sample for ML,N/A - Non-mine location,0 meters,0% (Background Terrain),Dolomite (Observed at surface),1008,1367,2047,2311,3363,3161,1191.07,8.86,0
Background_9.8km_from_Tachgagalt,-6.93321,30.84140,Regional Country Rock (Geology associated with Morocco region),0 (Barren Background),Trace / Non-mineralized,Unmineralized Dolomite,Cenomanian-Turonian Dolomites,Cretaceous,Synthetic Negative Sample for ML,N/A - Non-mine location,0 meters,0% (Background Terrain),Dolomite (Observed at surface),953,1296,1865,2067,2250,2040,1313.02,11.36,0
Background_6.3km_from_Tachgagalt,-6.79888,30.88250,Regional Country Rock (Geology associated with Morocco region),0 (Barren Background),Trace / Non-mineralized,Unmineralized Dolomite,Cenomanian-Turonian Dolomites,Cretaceous,Synthetic Negative Sample for ML,N/A - Non-mine location,0 meters,0% (Background Terrain),Dolomite (Observed at surface),0,0,0,0,0,0,1293.34,18.09,0
Background_8.4km_from_Las Cabesses Mine,1.32891,42.88311,Regional Country Rock (Hydrothermal/Sedimentary Deposit),0 (Barren Background),Trace / Non-mineralized,Unmineralized Quartzite/Schist,Local Metamorphic/Sedimentary Sequence,Phanerozoic,Synthetic Negative Sample for ML,N/A - Non-mine location,0 meters,0% (Background Terrain),Quartzite/Schist (Observed at surface),408,757,770,2772,2961,1833,809.56,16.97,0
Background_6.8km_from_Las Cabesses Mine,1.35923,42.91292,Regional Country Rock (Hydrothermal/Sedimentary Deposit),0 (Barren Background),Trace / Non-mineralized,Unmineralized Quartzite/Schist,Local Metamorphic/Sedimentary Sequence,Phanerozoic,Synthetic Negative Sample for ML,N/A - Non-mine location,0 meters,0% (Background Terrain),Quartzite/Schist (Observed at surface),104,393,158,3983,1636,642,1109.24,16.24,0
Background_7.9km_from_Las Cabesses Mine,1.24398,42.89645,Regional Country Rock (Hydrothermal/Sedimentary Deposit),0 (Barren Background),Trace / Non-mineralized,Unmineralized Quartzite/Schist,Local Metamorphic/Sedimentary Sequence,Phanerozoic,Synthetic Negative Sample for ML,N/A - Non-mine location,0 meters,0% (Background Terrain),Quartzite/Schist (Observed at surface),104,396,153,3518,1742,720,707.56,17.89,0
Background_8.0km_from_Noda-Tamagawa Mine,139.38711,36.61619,Regional Country Rock (Geology associated with Japan region),0 (Barren Background),Trace / Non-mineralized,Unmineralized Green Tuff/Mudstone,Kunnui Formation,Miocene,Synthetic Negative Sample for ML,N/A - Non-mine location,0 meters,0% (Background Terrain),Green Tuff/Mudstone (Observed at surface),282,313,381,1417,1837,1358,1038.95,27.25,0
Background_6.3km_from_Noda-Tamagawa Mine,139.39520,36.63085,Regional Country Rock (Geology associated with Japan region),0 (Barren Background),Trace / Non-mineralized,Unmineralized Green Tuff/Mudstone,Kunnui Formation,Miocene,Synthetic Negative Sample for ML,N/A - Non-mine location,0 meters,0% (Background Terrain),Green Tuff/Mudstone (Observed at surface),180,313,489,1186,1582,1005,1082.17,24.22,0
Background_9.3km_from_Noda-Tamagawa Mine,139.41602,36.58963,Regional Country Rock (Geology associated with Japan region),0 (Barren Background),Trace / Non-mineralized,Unmineralized Green Tuff/Mudstone,Kunnui Formation,Miocene,Synthetic Negative Sample for ML,N/A - Non-mine location,0 meters,0% (Background Terrain),Green Tuff/Mudstone (Observed at surface),236,397,484,1974,2004,1158,834.39,28.85,0
Background_5.2km_from_Miller Scheelite Claims Mine,-112.73214,38.33043,Regional Country Rock (Geology associated with Utah region),0 (Barren Background),Trace / Non-mineralized,Unmineralized Limestone/Dolomite,Oquirrh Group,Pennsylvanian-Permian,Synthetic Negative Sample for ML,N/A - Non-mine location,0 meters,0% (Background Terrain),Limestone/Dolomite (Observed at surface),1388,1899,2322,2930,3760,3296,1789.24,3.23,0
Background_8.3km_from_Miller Scheelite Claims Mine,-112.82300,38.42612,Regional Country Rock (Geology associated with Utah region),0 (Barren Background),Trace / Non-mineralized,Unmineralized Limestone/Dolomite,Oquirrh Group,Pennsylvanian-Permian,Synthetic Negative Sample for ML,N/A - Non-mine location,0 meters,0% (Background Terrain),Limestone/Dolomite (Observed at surface),606,905,910,2607,2180,1424,2222.62,24.61,0
Background_5.7km_from_Miller Scheelite Claims Mine,-112.78612,38.41125,Regional Country Rock (Geology associated with Utah region),0 (Barren Background),Trace / Non-mineralized,Unmineralized Limestone/Dolomite,Oquirrh Group,Pennsylvanian-Permian,Synthetic Negative Sample for ML,N/A - Non-mine location,0 meters,0% (Background Terrain),Limestone/Dolomite (Observed at surface),342,547,504,2042,1953,1129,2457.09,25.89,0
Background_9.5km_from_Contact Mine,-108.47249,32.68793,Regional Country Rock (Geology associated with Grant region),0 (Barren Background),Trace / Non-mineralized,Unmineralized Limestone,Lake Valley Limestone,Mississippian,Synthetic Negative Sample for ML,N/A - Non-mine location,0 meters,0% (Background Terrain),Limestone (Observed at surface),583,780,965,2144,2659,2004,1790.87,3.46,0
Background_7.7km_from_Contact Mine,-108.43219,32.73095,Regional Country Rock (Geology associated with Grant region),0 (Barren Background),Trace / Non-mineralized,Unmineralized Limestone,Lake Valley Limestone,Mississippian,Synthetic Negative Sample for ML,N/A - Non-mine location,0 meters,0% (Background Terrain),Limestone (Observed at surface),850,1265,1475,2484,3019,2281,1634.64,1.7,0
Background_6.0km_from_Contact Mine,-108.34528,32.63534,Regional Country Rock (Geology associated with Grant region),0 (Barren Background),Trace / Non-mineralized,Unmineralized Limestone,Lake Valley Limestone,Mississippian,Synthetic Negative Sample for ML,N/A - Non-mine location,0 meters,0% (Background Terrain),Limestone (Observed at surface),921,1231,1895,2759,3564,2859,1836.21,12.84,0
Background_7.7km_from_Talc Quarry (Talcville),-75.27797,44.37443,Regional Country Rock (Hydrothermal/Sedimentary Deposit),0 (Barren Background),Trace / Non-mineralized,Unmineralized Quartzite/Schist,Local Metamorphic/Sedimentary Sequence,Phanerozoic,Synthetic Negative Sample for ML,N/A - Non-mine location,0 meters,0% (Background Terrain),Quartzite/Schist (Observed at surface),134,288,158,3501,1645,646,234.8,4.08,0
Background_7.3km_from_Talc Quarry (Talcville),-75.31188,44.24355,Regional Country Rock (Hydrothermal/Sedimentary Deposit),0 (Barren Background),Trace / Non-mineralized,Unmineralized Quartzite/Schist,Local Metamorphic/Sedimentary Sequence,Phanerozoic,Synthetic Negative Sample for ML,N/A - Non-mine location,0 meters,0% (Background Terrain),Quartzite/Schist (Observed at surface),2020,2203,2107,4395,3281,2791,240.44,6.09,0
Background_9.5km_from_Talc Quarry (Talcville),-75.36731,44.23437,Regional Country Rock (Hydrothermal/Sedimentary Deposit),0 (Barren Background),Trace / Non-mineralized,Unmineralized Quartzite/Schist,Local Metamorphic/Sedimentary Sequence,Phanerozoic,Synthetic Negative Sample for ML,N/A - Non-mine location,0 meters,0% (Background Terrain),Quartzite/Schist (Observed at surface),34,87,49,655,231,87,246.88,3.63,0
Background_8.8km_from_Mccaw-Nash Prospect,-90.95068,37.25719,Regional Country Rock (Geology associated with Missouri region),0 (Barren Background),Trace / Non-mineralized,Unmineralized Rhyolite,St. Francois Mountains Volcanics,Mesoproterozoic,Synthetic Negative Sample for ML,N/A - Non-mine location,0 meters,0% (Background Terrain),Rhyolite (Observed at surface),295,498,270,3560,1895,728,266.81,8.61,0
Background_8.2km_from_Mccaw-Nash Prospect,-91.05283,37.13269,Regional Country Rock (Geology associated with Missouri region),0 (Barren Background),Trace / Non-mineralized,Unmineralized Rhyolite,St. Francois Mountains Volcanics,Mesoproterozoic,Synthetic Negative Sample for ML,N/A - Non-mine location,0 meters,0% (Background Terrain),Rhyolite (Observed at surface),198,385,163,3988,1545,598,266.0,17.2,0
Background_7.3km_from_Mccaw-Nash Prospect,-90.93914,37.20409,Regional Country Rock (Geology associated with Missouri region),0 (Barren Background),Trace / Non-mineralized,Unmineralized Rhyolite,St. Francois Mountains Volcanics,Mesoproterozoic,Synthetic Negative Sample for ML,N/A - Non-mine location,0 meters,0% (Background Terrain),Rhyolite (Observed at surface),233,360,276,2508,1935,918,260.85,6.93,0
Background_5.1km_from_Mohawk Mine,-117.82759,37.68455,Regional Country Rock (Geology associated with Nevada region),0 (Barren Background),Trace / Non-mineralized,Unmineralized Limestone/Dolomite,Highland Peak Fm,Cambrian,Synthetic Negative Sample for ML,N/A - Non-mine location,0 meters,0% (Background Terrain),Limestone/Dolomite (Observed at surface),811,1086,1466,2028,2442,2007,2148.4,14.87,0
Background_9.3km_from_Mohawk Mine,-117.85204,37.80678,Regional Country Rock (Geology associated with Nevada region),0 (Barren Background),Trace / Non-mineralized,Unmineralized Limestone/Dolomite,Highland Peak Fm,Cambrian,Synthetic Negative Sample for ML,N/A - Non-mine location,0 meters,0% (Background Terrain),Limestone/Dolomite (Observed at surface),939,1194,1570,2034,2620,2339,1847.84,3.99,0
Background_9.6km_from_Mohawk Mine,-117.86830,37.80387,Regional Country Rock (Geology associated with Nevada region),0 (Barren Background),Trace / Non-mineralized,Unmineralized Limestone/Dolomite,Highland Peak Fm,Cambrian,Synthetic Negative Sample for ML,N/A - Non-mine location,0 meters,0% (Background Terrain),Limestone/Dolomite (Observed at surface),947,1265,1742,2294,2956,2669,1938.67,22.31,0
Background_6.4km_from_Peace Manganese Prospect,-108.79087,31.63832,Regional Country Rock (Geology associated with Hidalgo region),0 (Barren Background),Trace / Non-mineralized,Unmineralized Limestone,Lake Valley Limestone,Mississippian,Synthetic Negative Sample for ML,N/A - Non-mine location,0 meters,0% (Background Terrain),Limestone (Observed at surface),1154,1611,2412,3171,4027,3814,1617.0,2.33,0
Background_9.3km_from_Peace Manganese Prospect,-108.69979,31.60759,Regional Country Rock (Geology associated with Hidalgo region),0 (Barren Background),Trace / Non-mineralized,Unmineralized Limestone,Lake Valley Limestone,Mississippian,Synthetic Negative Sample for ML,N/A - Non-mine location,0 meters,0% (Background Terrain),Limestone (Observed at surface),1165,1455,1730,3254,3699,2805,1854.11,23.1,0
Background_6.3km_from_Peace Manganese Prospect,-108.84984,31.60895,Regional Country Rock (Geology associated with Hidalgo region),0 (Barren Background),Trace / Non-mineralized,Unmineralized Limestone,Lake Valley Limestone,Mississippian,Synthetic Negative Sample for ML,N/A - Non-mine location,0 meters,0% (Background Terrain),Limestone (Observed at surface),712,1159,2057,2739,3592,3268,1553.44,3.4,0
Background_5.5km_from_Ward Claims,-107.10496,32.59116,Regional Country Rock (Hydrothermal/Sedimentary Deposit),0 (Barren Background),Trace / Non-mineralized,Unmineralized Quartzite/Schist,Local Metamorphic/Sedimentary Sequence,Phanerozoic,Synthetic Negative Sample for ML,N/A - Non-mine location,0 meters,0% (Background Terrain),Quartzite/Schist (Observed at surface),740,949,1349,1670,2505,2232,1391.71,8.29,0
Background_5.5km_from_Ward Claims,-107.01138,32.55001,Regional Country Rock (Hydrothermal/Sedimentary Deposit),0 (Barren Background),Trace / Non-mineralized,Unmineralized Quartzite/Schist,Local Metamorphic/Sedimentary Sequence,Phanerozoic,Synthetic Negative Sample for ML,N/A - Non-mine location,0 meters,0% (Background Terrain),Quartzite/Schist (Observed at surface),1221,1520,2028,2491,2742,2592,1303.45,11.0,0
Background_8.6km_from_Ward Claims,-107.16096,32.54230,Regional Country Rock (Hydrothermal/Sedimentary Deposit),0 (Barren Background),Trace / Non-mineralized,Unmineralized Quartzite/Schist,Local Metamorphic/Sedimentary Sequence,Phanerozoic,Synthetic Negative Sample for ML,N/A - Non-mine location,0 meters,0% (Background Terrain),Quartzite/Schist (Observed at surface),776,1081,1466,1858,2292,1981,1644.18,19.97,0
Background_6.2km_from_Cliffside Mine,-107.14454,34.07488,Regional Country Rock (Geology associated with Socorro region),0 (Barren Background),Trace / Non-mineralized,Unmineralized Rhyolite/Andesite,Popotosa Formation,Miocene,Synthetic Negative Sample for ML,N/A - Non-mine location,0 meters,0% (Background Terrain),Rhyolite/Andesite (Observed at surface),585,776,883,1809,2480,1891,2124.82,20.94,0
Background_6.6km_from_Cliffside Mine,-107.14618,33.96599,Regional Country Rock (Geology associated with Socorro region),0 (Barren Background),Trace / Non-mineralized,Unmineralized Rhyolite/Andesite,Popotosa Formation,Miocene,Synthetic Negative Sample for ML,N/A - Non-mine location,0 meters,0% (Background Terrain),Rhyolite/Andesite (Observed at surface),543,660,889,1564,2100,1842,2670.73,20.91,0
Background_7.9km_from_Cliffside Mine,-107.17173,33.96339,Regional Country Rock (Geology associated with Socorro region),0 (Barren Background),Trace / Non-mineralized,Unmineralized Rhyolite/Andesite,Popotosa Formation,Miocene,Synthetic Negative Sample for ML,N/A - Non-mine location,0 meters,0% (Background Terrain),Rhyolite/Andesite (Observed at surface),0,0,0,0,0,0,2580.11,23.08,0
Background_8.0km_from_Black Diamond Mine,-108.14384,32.82059,Regional Country Rock (Geology associated with Grant region),0 (Barren Background),Trace / Non-mineralized,Unmineralized Limestone,Lake Valley Limestone,Mississippian,Synthetic Negative Sample for ML,N/A - Non-mine location,0 meters,0% (Background Terrain),Limestone (Observed at surface),935,1217,1694,2278,3046,2433,1899.17,1.57,0
Background_8.3km_from_Black Diamond Mine,-108.24445,32.93628,Regional Country Rock (Geology associated with Grant region),0 (Barren Background),Trace / Non-mineralized,Unmineralized Limestone,Lake Valley Limestone,Mississippian,Synthetic Negative Sample for ML,N/A - Non-mine location,0 meters,0% (Background Terrain),Limestone (Observed at surface),417,619,641,2189,2192,1561,2332.68,15.4,0
Background_7.6km_from_Black Diamond Mine,-108.16162,32.92428,Regional Country Rock (Geology associated with Grant region),0 (Barren Background),Trace / Non-mineralized,Unmineralized Limestone,Lake Valley Limestone,Mississippian,Synthetic Negative Sample for ML,N/A - Non-mine location,0 meters,0% (Background Terrain),Limestone (Observed at surface),316,565,511,2803,2479,1456,2556.03,21.45,0
Background_6.8km_from_Lucky Strike No.1,-106.98075,33.93097,Regional Country Rock (Geology associated with Socorro region),0 (Barren Background),Trace / Non-mineralized,Unmineralized Rhyolite/Andesite,Popotosa Formation,Miocene,Synthetic Negative Sample for ML,N/A - Non-mine location,0 meters,0% (Background Terrain),Rhyolite/Andesite (Observed at surface),1268,1558,1924,2263,2516,2236,1777.43,16.28,0
Background_6.4km_from_Lucky Strike No.1,-106.92376,33.98821,Regional Country Rock (Geology associated with Socorro region),0 (Barren Background),Trace / Non-mineralized,Unmineralized Rhyolite/Andesite,Popotosa Formation,Miocene,Synthetic Negative Sample for ML,N/A - Non-mine location,0 meters,0% (Background Terrain),Rhyolite/Andesite (Observed at surface),962,1160,1510,1925,2701,2500,1513.52,10.86,0
Background_8.1km_from_Lucky Strike No.1,-106.96735,34.06112,Regional Country Rock (Geology associated with Socorro region),0 (Barren Background),Trace / Non-mineralized,Unmineralized Rhyolite/Andesite,Popotosa Formation,Miocene,Synthetic Negative Sample for ML,N/A - Non-mine location,0 meters,0% (Background Terrain),Rhyolite/Andesite (Observed at surface),864,1103,1483,1934,2651,2345,1925.63,9.92,0
Background_7.9km_from_Cliff Claim,-107.01221,34.01184,Regional Country Rock (Geology associated with Socorro region),0 (Barren Background),Trace / Non-mineralized,Unmineralized Rhyolite/Andesite,Popotosa Formation,Miocene,Synthetic Negative Sample for ML,N/A - Non-mine location,0 meters,0% (Background Terrain),Rhyolite/Andesite (Observed at surface),886,1185,1698,2134,3057,2795,1738.62,2.03,0
Background_7.2km_from_Cliff Claim,-107.03952,33.92358,Regional Country Rock (Geology associated with Socorro region),0 (Barren Background),Trace / Non-mineralized,Unmineralized Rhyolite/Andesite,Popotosa Formation,Miocene,Synthetic Negative Sample for ML,N/A - Non-mine location,0 meters,0% (Background Terrain),Rhyolite/Andesite (Observed at surface),859,1292,2239,2795,4031,3719,1808.43,2.16,0
Background_9.9km_from_Cliff Claim,-107.05410,34.00502,Regional Country Rock (Geology associated with Socorro region),0 (Barren Background),Trace / Non-mineralized,Unmineralized Rhyolite/Andesite,Popotosa Formation,Miocene,Synthetic Negative Sample for ML,N/A - Non-mine location,0 meters,0% (Background Terrain),Rhyolite/Andesite (Observed at surface),838,1035,1412,1989,2989,2818,1903.36,8.05,0
Background_8.4km_from_Red Hill Claims,-106.87365,33.97459,Regional Country Rock (Geology associated with Socorro region),0 (Barren Background),Trace / Non-mineralized,Unmineralized Rhyolite/Andesite,Popotosa Formation,Miocene,Synthetic Negative Sample for ML,N/A - Non-mine location,0 meters,0% (Background Terrain),Rhyolite/Andesite (Observed at surface),684,894,1077,1865,2687,2356,1392.15,1.48,0
Background_6.7km_from_Red Hill Claims,-106.89938,33.92199,Regional Country Rock (Geology associated with Socorro region),0 (Barren Background),Trace / Non-mineralized,Unmineralized Rhyolite/Andesite,Popotosa Formation,Miocene,Synthetic Negative Sample for ML,N/A - Non-mine location,0 meters,0% (Background Terrain),Rhyolite/Andesite (Observed at surface),1667,2043,2678,3101,3758,3650,1453.0,4.86,0
Background_8.5km_from_Red Hill Claims,-107.05335,33.95602,Regional Country Rock (Geology associated with Socorro region),0 (Barren Background),Trace / Non-mineralized,Unmineralized Rhyolite/Andesite,Popotosa Formation,Miocene,Synthetic Negative Sample for ML,N/A - Non-mine location,0 meters,0% (Background Terrain),Rhyolite/Andesite (Observed at surface),790,947,1114,2102,2542,2106,1998.92,15.58,0
Background_9.2km_from_Scott Prospect,-82.03980,36.49188,Regional Country Rock (Geology associated with Tennessee region),0 (Barren Background),Trace / Non-mineralized,Unmineralized Chert/Clay,Shady Dolomite,Cambrian,Synthetic Negative Sample for ML,N/A - Non-mine location,0 meters,0% (Background Terrain),Chert/Clay (Observed at surface),276,734,211,4771,1856,743,809.5,17.99,0
Background_6.5km_from_Scott Prospect,-81.87512,36.53981,Regional Country Rock (Geology associated with Tennessee region),0 (Barren Background),Trace / Non-mineralized,Unmineralized Chert/Clay,Shady Dolomite,Cambrian,Synthetic Negative Sample for ML,N/A - Non-mine location,0 meters,0% (Background Terrain),Chert/Clay (Observed at surface),1304,1326,1438,1976,1128,849,1045.74,6.62,0
Background_9.0km_from_Scott Prospect,-81.93418,36.44041,Regional Country Rock (Geology associated with Tennessee region),0 (Barren Background),Trace / Non-mineralized,Unmineralized Chert/Clay,Shady Dolomite,Cambrian,Synthetic Negative Sample for ML,N/A - Non-mine location,0 meters,0% (Background Terrain),Chert/Clay (Observed at surface),458,871,943,3410,2638,1567,737.84,5.58,0
Background_8.3km_from_Death Valley Claims,-117.31450,36.51275,Regional Country Rock (Hydrothermal/Sedimentary Deposit),0 (Barren Background),Trace / Non-mineralized,Unmineralized Quartzite/Schist,Local Metamorphic/Sedimentary Sequence,Phanerozoic,Synthetic Negative Sample for ML,N/A - Non-mine location,0 meters,0% (Background Terrain),Quartzite/Schist (Observed at surface),1136,1442,1830,2201,2750,2391,1226.94,23.73,0
Background_8.2km_from_Death Valley Claims,-117.48391,36.54941,Regional Country Rock (Hydrothermal/Sedimentary Deposit),0 (Barren Background),Trace / Non-mineralized,Unmineralized Quartzite/Schist,Local Metamorphic/Sedimentary Sequence,Phanerozoic,Synthetic Negative Sample for ML,N/A - Non-mine location,0 meters,0% (Background Terrain),Quartzite/Schist (Observed at surface),640,869,887,1981,1780,1292,2100.3,16.98,0
Background_9.9km_from_Death Valley Claims,-117.49754,36.56078,Regional Country Rock (Hydrothermal/Sedimentary Deposit),0 (Barren Background),Trace / Non-mineralized,Unmineralized Quartzite/Schist,Local Metamorphic/Sedimentary Sequence,Phanerozoic,Synthetic Negative Sample for ML,N/A - Non-mine location,0 meters,0% (Background Terrain),Quartzite/Schist (Observed at surface),730,917,1041,2144,2422,1916,2102.48,9.47,0
Background_8.6km_from_Rinconada Mine,-120.52252,35.22163,Regional Country Rock (Hydrothermal/Sedimentary Deposit),0 (Barren Background),Trace / Non-mineralized,Unmineralized Quartzite/Schist,Local Metamorphic/Sedimentary Sequence,Phanerozoic,Synthetic Negative Sample for ML,N/A - Non-mine location,0 meters,0% (Background Terrain),Quartzite/Schist (Observed at surface),0,464,463,2520,2214,1251,435.57,29.12,0
Background_7.4km_from_Rinconada Mine,-120.49367,35.22431,Regional Country Rock (Hydrothermal/Sedimentary Deposit),0 (Barren Background),Trace / Non-mineralized,Unmineralized Quartzite/Schist,Local Metamorphic/Sedimentary Sequence,Phanerozoic,Synthetic Negative Sample for ML,N/A - Non-mine location,0 meters,0% (Background Terrain),Quartzite/Schist (Observed at surface),453,645,729,1821,2245,1438,375.33,20.46,0
Background_7.9km_from_Rinconada Mine,-120.49918,35.35843,Regional Country Rock (Hydrothermal/Sedimentary Deposit),0 (Barren Background),Trace / Non-mineralized,Unmineralized Quartzite/Schist,Local Metamorphic/Sedimentary Sequence,Phanerozoic,Synthetic Negative Sample for ML,N/A - Non-mine location,0 meters,0% (Background Terrain),Quartzite/Schist (Observed at surface),614,863,1105,2250,2880,1946,509.29,20.56,0
Background_9.0km_from_Foster Mountain Mine,-123.22835,39.51215,Regional Country Rock (Geology associated with Mendocino region),0 (Barren Background),Trace / Non-mineralized,Unmineralized Radiolarian Chert,Franciscan Complex,Jurassic-Cretaceous,Synthetic Negative Sample for ML,N/A - Non-mine location,0 meters,0% (Background Terrain),Radiolarian Chert (Observed at surface),169,330,162,3167,1080,405,589.31,29.59,0
Background_6.4km_from_Foster Mountain Mine,-123.10499,39.44984,Regional Country Rock (Geology associated with Mendocino region),0 (Barren Background),Trace / Non-mineralized,Unmineralized Radiolarian Chert,Franciscan Complex,Jurassic-Cretaceous,Synthetic Negative Sample for ML,N/A - Non-mine location,0 meters,0% (Background Terrain),Radiolarian Chert (Observed at surface),193,409,228,2742,1368,605,1122.6,15.97,0
Background_7.0km_from_Foster Mountain Mine,-123.18375,39.37794,Regional Country Rock (Geology associated with Mendocino region),0 (Barren Background),Trace / Non-mineralized,Unmineralized Radiolarian Chert,Franciscan Complex,Jurassic-Cretaceous,Synthetic Negative Sample for ML,N/A - Non-mine location,0 meters,0% (Background Terrain),Radiolarian Chert (Observed at surface),112,251,182,1776,1412,795,652.85,14.41,0
Background_5.5km_from_Yolla Bolly Mountain Claims,-122.99755,40.18628,Regional Country Rock (Geology associated with Trinity region),0 (Barren Background),Trace / Non-mineralized,Unmineralized Radiolarian Chert,Franciscan Complex,Jurassic-Cretaceous,Synthetic Negative Sample for ML,N/A - Non-mine location,0 meters,0% (Background Terrain),Radiolarian Chert (Observed at surface),632,853,1149,2798,2651,1756,1789.05,16.32,0
Background_5.9km_from_Yolla Bolly Mountain Claims,-123.05534,40.11669,Regional Country Rock (Geology associated with Trinity region),0 (Barren Background),Trace / Non-mineralized,Unmineralized Radiolarian Chert,Franciscan Complex,Jurassic-Cretaceous,Synthetic Negative Sample for ML,N/A - Non-mine location,0 meters,0% (Background Terrain),Radiolarian Chert (Observed at surface),623,823,1070,1936,2256,1644,1680.74,21.54,0
Background_6.4km_from_Yolla Bolly Mountain Claims,-122.95911,40.18845,Regional Country Rock (Geology associated with Trinity region),0 (Barren Background),Trace / Non-mineralized,Unmineralized Radiolarian Chert,Franciscan Complex,Jurassic-Cretaceous,Synthetic Negative Sample for ML,N/A - Non-mine location,0 meters,0% (Background Terrain),Radiolarian Chert (Observed at surface),645,780,1115,2064,2884,2019,2138.12,18.63,0
Background_9.6km_from_Shamberger Prospect,-121.27445,39.54444,Regional Country Rock (Hydrothermal/Sedimentary Deposit),0 (Barren Background),Trace / Non-mineralized,Unmineralized Quartzite/Schist,Local Metamorphic/Sedimentary Sequence,Phanerozoic,Synthetic Negative Sample for ML,N/A - Non-mine location,0 meters,0% (Background Terrain),Quartzite/Schist (Observed at surface),341,535,370,3143,1901,942,432.45,32.78,0
Background_9.6km_from_Shamberger Prospect,-121.19090,39.63400,Regional Country Rock (Hydrothermal/Sedimentary Deposit),0 (Barren Background),Trace / Non-mineralized,Unmineralized Quartzite/Schist,Local Metamorphic/Sedimentary Sequence,Phanerozoic,Synthetic Negative Sample for ML,N/A - Non-mine location,0 meters,0% (Background Terrain),Quartzite/Schist (Observed at surface),691,905,1173,2146,2928,2291,1244.02,10.42,0
Background_9.2km_from_Shamberger Prospect,-121.25215,39.50488,Regional Country Rock (Hydrothermal/Sedimentary Deposit),0 (Barren Background),Trace / Non-mineralized,Unmineralized Quartzite/Schist,Local Metamorphic/Sedimentary Sequence,Phanerozoic,Synthetic Negative Sample for ML,N/A - Non-mine location,0 meters,0% (Background Terrain),Quartzite/Schist (Observed at surface),248,389,279,2834,1156,504,819.49,8.1,0
Background_5.7km_from_Binet,-121.10243,39.52193,Regional Country Rock (Hydrothermal/Sedimentary Deposit),0 (Barren Background),Trace / Non-mineralized,Unmineralized Quartzite/Schist,Local Metamorphic/Sedimentary Sequence,Phanerozoic,Synthetic Negative Sample for ML,N/A - Non-mine location,0 meters,0% (Background Terrain),Quartzite/Schist (Observed at surface),212,259,217,1592,891,374,1003.54,30.52,0
Background_5.8km_from_Binet,-121.19603,39.59283,Regional Country Rock (Hydrothermal/Sedimentary Deposit),0 (Barren Background),Trace / Non-mineralized,Unmineralized Quartzite/Schist,Local Metamorphic/Sedimentary Sequence,Phanerozoic,Synthetic Negative Sample for ML,N/A - Non-mine location,0 meters,0% (Background Terrain),Quartzite/Schist (Observed at surface),647,818,1151,1934,3266,2749,1136.19,6.48,0
Background_9.3km_from_Binet,-121.06397,39.50899,Regional Country Rock (Hydrothermal/Sedimentary Deposit),0 (Barren Background),Trace / Non-mineralized,Unmineralized Quartzite/Schist,Local Metamorphic/Sedimentary Sequence,Phanerozoic,Synthetic Negative Sample for ML,N/A - Non-mine location,0 meters,0% (Background Terrain),Quartzite/Schist (Observed at surface),226,410,235,2756,947,389,1075.35,14.1,0
Background_5.3km_from_Tonopah Divide Mine,-117.24133,37.94907,Regional Country Rock (Geology associated with Nevada region),0 (Barren Background),Trace / Non-mineralized,Unmineralized Limestone/Dolomite,Highland Peak Fm,Cambrian,Synthetic Negative Sample for ML,N/A - Non-mine location,0 meters,0% (Background Terrain),Limestone/Dolomite (Observed at surface),0,0,0,0,0,0,1640.54,2.38,0
Background_9.1km_from_Tonopah Divide Mine,-117.32534,37.95067,Regional Country Rock (Geology associated with Nevada region),0 (Barren Background),Trace / Non-mineralized,Unmineralized Limestone/Dolomite,Highland Peak Fm,Cambrian,Synthetic Negative Sample for ML,N/A - Non-mine location,0 meters,0% (Background Terrain),Limestone/Dolomite (Observed at surface),0,0,0,0,0,0,1545.31,1.33,0
Background_6.0km_from_Tonopah Divide Mine,-117.21323,38.04597,Regional Country Rock (Geology associated with Nevada region),0 (Barren Background),Trace / Non-mineralized,Unmineralized Limestone/Dolomite,Highland Peak Fm,Cambrian,Synthetic Negative Sample for ML,N/A - Non-mine location,0 meters,0% (Background Terrain),Limestone/Dolomite (Observed at surface),1978,2413,2844,3267,3876,3337,1888.57,2.71,0
Background_8.1km_from_Bluebell Mine,-116.96120,49.79257,Regional Country Rock (Hydrothermal/Sedimentary Deposit),0 (Barren Background),Trace / Non-mineralized,Unmineralized Quartzite/Schist,Local Metamorphic/Sedimentary Sequence,Phanerozoic,Synthetic Negative Sample for ML,N/A - Non-mine location,0 meters,0% (Background Terrain),Quartzite/Schist (Observed at surface),3037,2893,2339,3623,1704,862,1015.73,26.34,0
Background_6.9km_from_Bluebell Mine,-116.94981,49.73688,Regional Country Rock (Hydrothermal/Sedimentary Deposit),0 (Barren Background),Trace / Non-mineralized,Unmineralized Quartzite/Schist,Local Metamorphic/Sedimentary Sequence,Phanerozoic,Synthetic Negative Sample for ML,N/A - Non-mine location,0 meters,0% (Background Terrain),Quartzite/Schist (Observed at surface),1974,1855,1505,3074,1483,692,1402.51,17.1,0
Background_5.3km_from_Bluebell Mine,-116.89503,49.80174,Regional Country Rock (Hydrothermal/Sedimentary Deposit),0 (Barren Background),Trace / Non-mineralized,Unmineralized Quartzite/Schist,Local Metamorphic/Sedimentary Sequence,Phanerozoic,Synthetic Negative Sample for ML,N/A - Non-mine location,0 meters,0% (Background Terrain),Quartzite/Schist (Observed at surface),2095,1904,1563,1499,331,140,531.0,0.0,0
Background_6.5km_from_Kyurazawa Mine,139.37132,36.63265,Regional Country Rock (Geology associated with Japan region),0 (Barren Background),Trace / Non-mineralized,Unmineralized Green Tuff/Mudstone,Kunnui Formation,Miocene,Synthetic Negative Sample for ML,N/A - Non-mine location,0 meters,0% (Background Terrain),Green Tuff/Mudstone (Observed at surface),232,293,496,1190,1941,1461,1140.07,31.4,0
Background_9.0km_from_Kyurazawa Mine,139.30236,36.50558,Regional Country Rock (Geology associated with Japan region),0 (Barren Background),Trace / Non-mineralized,Unmineralized Green Tuff/Mudstone,Kunnui Formation,Miocene,Synthetic Negative Sample for ML,N/A - Non-mine location,0 meters,0% (Background Terrain),Green Tuff/Mudstone (Observed at surface),229,466,526,2889,1708,864,588.45,27.05,0
Background_9.6km_from_Kyurazawa Mine,139.24806,36.54604,Regional Country Rock (Geology associated with Japan region),0 (Barren Background),Trace / Non-mineralized,Unmineralized Green Tuff/Mudstone,Kunnui Formation,Miocene,Synthetic Negative Sample for ML,N/A - Non-mine location,0 meters,0% (Background Terrain),Green Tuff/Mudstone (Observed at surface),90,175,113,1638,644,312,742.49,22.59,0
Background_7.9km_from_Quinn Canyon Range,-118.60219,38.08889,Regional Country Rock (Geology associated with Nevada region),0 (Barren Background),Trace / Non-mineralized,Unmineralized Limestone/Dolomite,Highland Peak Fm,Cambrian,Synthetic Negative Sample for ML,N/A - Non-mine location,0 meters,0% (Background Terrain),Limestone/Dolomite (Observed at surface),1354,1750,2131,2683,2825,2494,1883.15,5.95,0
Background_9.0km_from_Quinn Canyon Range,-118.57441,38.16621,Regional Country Rock (Geology associated with Nevada region),0 (Barren Background),Trace / Non-mineralized,Unmineralized Limestone/Dolomite,Highland Peak Fm,Cambrian,Synthetic Negative Sample for ML,N/A - Non-mine location,0 meters,0% (Background Terrain),Limestone/Dolomite (Observed at surface),768,1090,1335,1871,2358,2032,2154.54,19.96,0
Background_8.8km_from_Quinn Canyon Range,-118.59726,38.18967,Regional Country Rock (Geology associated with Nevada region),0 (Barren Background),Trace / Non-mineralized,Unmineralized Limestone/Dolomite,Highland Peak Fm,Cambrian,Synthetic Negative Sample for ML,N/A - Non-mine location,0 meters,0% (Background Terrain),Limestone/Dolomite (Observed at surface),731,1013,1248,2023,1872,1473,2281.16,15.96,0
Background_6.0km_from_Greasy Cove,-82.15156,34.00361,Regional Country Rock (Hydrothermal/Sedimentary Deposit),0 (Barren Background),Trace / Non-mineralized,Unmineralized Quartzite/Schist,Local Metamorphic/Sedimentary Sequence,Phanerozoic,Synthetic Negative Sample for ML,N/A - Non-mine location,0 meters,0% (Background Terrain),Quartzite/Schist (Observed at surface),642,786,942,2276,3607,2533,164.39,4.45,0
Background_6.3km_from_Greasy Cove,-82.20791,33.94418,Regional Country Rock (Hydrothermal/Sedimentary Deposit),0 (Barren Background),Trace / Non-mineralized,Unmineralized Quartzite/Schist,Local Metamorphic/Sedimentary Sequence,Phanerozoic,Synthetic Negative Sample for ML,N/A - Non-mine location,0 meters,0% (Background Terrain),Quartzite/Schist (Observed at surface),247,313,247,2118,1246,562,154.45,4.02,0
Background_9.0km_from_Greasy Cove,-82.28428,33.94202,Regional Country Rock (Hydrothermal/Sedimentary Deposit),0 (Barren Background),Trace / Non-mineralized,Unmineralized Quartzite/Schist,Local Metamorphic/Sedimentary Sequence,Phanerozoic,Synthetic Negative Sample for ML,N/A - Non-mine location,0 meters,0% (Background Terrain),Quartzite/Schist (Observed at surface),238,436,241,2958,1263,538,157.1,3.68,0
Background_8.7km_from_White Oak Mountain Deposit,-84.92653,35.26361,Regional Country Rock (Geology associated with Tennessee region),0 (Barren Background),Trace / Non-mineralized,Unmineralized Chert/Clay,Shady Dolomite,Cambrian,Synthetic Negative Sample for ML,N/A - Non-mine location,0 meters,0% (Background Terrain),Chert/Clay (Observed at surface),230,558,210,5299,1680,662,289.92,11.49,0
Background_5.0km_from_White Oak Mountain Deposit,-84.93617,35.22591,Regional Country Rock (Geology associated with Tennessee region),0 (Barren Background),Trace / Non-mineralized,Unmineralized Chert/Clay,Shady Dolomite,Cambrian,Synthetic Negative Sample for ML,N/A - Non-mine location,0 meters,0% (Background Terrain),Chert/Clay (Observed at surface),0,0,0,0,0,0,254.88,12.43,0
Background_8.9km_from_White Oak Mountain Deposit,-85.03695,35.13361,Regional Country Rock (Geology associated with Tennessee region),0 (Barren Background),Trace / Non-mineralized,Unmineralized Chert/Clay,Shady Dolomite,Cambrian,Synthetic Negative Sample for ML,N/A - Non-mine location,0 meters,0% (Background Terrain),Chert/Clay (Observed at surface),217,383,223,2329,1100,478,244.84,6.19,0
Background_7.1km_from_San Xavier Mine,-111.14713,31.92666,Regional Country Rock (Hydrothermal/Sedimentary Deposit),0 (Barren Background),Trace / Non-mineralized,Unmineralized Quartzite/Schist,Local Metamorphic/Sedimentary Sequence,Phanerozoic,Synthetic Negative Sample for ML,N/A - Non-mine location,0 meters,0% (Background Terrain),Quartzite/Schist (Observed at surface),1064,1523,2034,2998,3998,3130,1257.72,2.42,0
Background_5.0km_from_San Xavier Mine,-111.10827,32.01785,Regional Country Rock (Hydrothermal/Sedimentary Deposit),0 (Barren Background),Trace / Non-mineralized,Unmineralized Quartzite/Schist,Local Metamorphic/Sedimentary Sequence,Phanerozoic,Synthetic Negative Sample for ML,N/A - Non-mine location,0 meters,0% (Background Terrain),Quartzite/Schist (Observed at surface),1109,1708,2087,3071,4210,3511,1011.31,1.43,0
Background_6.2km_from_San Xavier Mine,-111.05264,31.93274,Regional Country Rock (Hydrothermal/Sedimentary Deposit),0 (Barren Background),Trace / Non-mineralized,Unmineralized Quartzite/Schist,Local Metamorphic/Sedimentary Sequence,Phanerozoic,Synthetic Negative Sample for ML,N/A - Non-mine location,0 meters,0% (Background Terrain),Quartzite/Schist (Observed at surface),1230,1797,2278,3010,3890,3253,1022.5,1.86,0
Background_9.5km_from_Graham County,-110.24477,33.02493,Regional Country Rock (Hydrothermal/Sedimentary Deposit),0 (Barren Background),Trace / Non-mineralized,Unmineralized Quartzite/Schist,Local Metamorphic/Sedimentary Sequence,Phanerozoic,Synthetic Negative Sample for ML,N/A - Non-mine location,0 meters,0% (Background Terrain),Quartzite/Schist (Observed at surface),964,1159,1321,2590,2897,2297,1301.02,11.18,0
Background_8.3km_from_Graham County,-110.27308,33.03787,Regional Country Rock (Hydrothermal/Sedimentary Deposit),0 (Barren Background),Trace / Non-mineralized,Unmineralized Quartzite/Schist,Local Metamorphic/Sedimentary Sequence,Phanerozoic,Synthetic Negative Sample for ML,N/A - Non-mine location,0 meters,0% (Background Terrain),Quartzite/Schist (Observed at surface),762,1029,1293,2722,2775,2041,1760.13,13.62,0
Background_7.1km_from_Graham County,-110.28449,32.93465,Regional Country Rock (Hydrothermal/Sedimentary Deposit),0 (Barren Background),Trace / Non-mineralized,Unmineralized Quartzite/Schist,Local Metamorphic/Sedimentary Sequence,Phanerozoic,Synthetic Negative Sample for ML,N/A - Non-mine location,0 meters,0% (Background Terrain),Quartzite/Schist (Observed at surface),773,1060,1364,2203,2715,2126,1452.82,26.05,0
Background_5.7km_from_Moseley Creek No.4,-96.52807,34.51054,Regional Country Rock (Geology associated with Oklahoma region),0 (Barren Background),Trace / Non-mineralized,Unmineralized Limestone/Shale,Hunton Group,Silurian-Devonian,Synthetic Negative Sample for ML,N/A - Non-mine location,0 meters,0% (Background Terrain),Limestone/Shale (Observed at surface),240,497,216,3496,1859,801,258.94,3.98,0
Background_9.0km_from_Moseley Creek No.4,-96.38728,34.46517,Regional Country Rock (Geology associated with Oklahoma region),0 (Barren Background),Trace / Non-mineralized,Unmineralized Limestone/Shale,Hunton Group,Silurian-Devonian,Synthetic Negative Sample for ML,N/A - Non-mine location,0 meters,0% (Background Terrain),Limestone/Shale (Observed at surface),751,1096,1356,3037,3814,2371,195.08,1.45,0
Background_6.7km_from_Moseley Creek No.4,-96.51982,34.42163,Regional Country Rock (Geology associated with Oklahoma region),0 (Barren Background),Trace / Non-mineralized,Unmineralized Limestone/Shale,Hunton Group,Silurian-Devonian,Synthetic Negative Sample for ML,N/A - Non-mine location,0 meters,0% (Background Terrain),Limestone/Shale (Observed at surface),336,582,498,2512,2346,1408,263.23,7.51,0
Background_8.9km_from_Moseley Creek No.1,-96.57325,34.43030,Regional Country Rock (Geology associated with Oklahoma region),0 (Barren Background),Trace / Non-mineralized,Unmineralized Limestone/Shale,Hunton Group,Silurian-Devonian,Synthetic Negative Sample for ML,N/A - Non-mine location,0 meters,0% (Background Terrain),Limestone/Shale (Observed at surface),546,704,908,2390,3066,1950,284.87,2.37,0
Background_6.5km_from_Moseley Creek No.1,-96.40576,34.44460,Regional Country Rock (Geology associated with Oklahoma region),0 (Barren Background),Trace / Non-mineralized,Unmineralized Limestone/Shale,Hunton Group,Silurian-Devonian,Synthetic Negative Sample for ML,N/A - Non-mine location,0 meters,0% (Background Terrain),Limestone/Shale (Observed at surface),237,343,272,2184,2352,1234,191.32,3.89,0
Background_5.6km_from_Moseley Creek No.1,-96.53721,34.43917,Regional Country Rock (Geology associated with Oklahoma region),0 (Barren Background),Trace / Non-mineralized,Unmineralized Limestone/Shale,Hunton Group,Silurian-Devonian,Synthetic Negative Sample for ML,N/A - Non-mine location,0 meters,0% (Background Terrain),Limestone/Shale (Observed at surface),385,597,527,2502,2642,1538,291.42,4.45,0
Background_5.9km_from_Steep Rock Iron Mine,-91.68082,48.77668,Regional Country Rock (Hydrothermal/Sedimentary Deposit),0 (Barren Background),Trace / Non-mineralized,Unmineralized Quartzite/Schist,Local Metamorphic/Sedimentary Sequence,Phanerozoic,Synthetic Negative Sample for ML,N/A - Non-mine location,0 meters,0% (Background Terrain),Quartzite/Schist (Observed at surface),210,362,222,2604,1489,672,425.15,8.16,0
Background_7.3km_from_Steep Rock Iron Mine,-91.54341,48.81743,Regional Country Rock (Hydrothermal/Sedimentary Deposit),0 (Barren Background),Trace / Non-mineralized,Unmineralized Quartzite/Schist,Local Metamorphic/Sedimentary Sequence,Phanerozoic,Synthetic Negative Sample for ML,N/A - Non-mine location,0 meters,0% (Background Terrain),Quartzite/Schist (Observed at surface),286,469,353,2039,1670,886,460.47,3.89,0
Background_6.4km_from_Steep Rock Iron Mine,-91.70547,48.78232,Regional Country Rock (Hydrothermal/Sedimentary Deposit),0 (Barren Background),Trace / Non-mineralized,Unmineralized Quartzite/Schist,Local Metamorphic/Sedimentary Sequence,Phanerozoic,Synthetic Negative Sample for ML,N/A - Non-mine location,0 meters,0% (Background Terrain),Quartzite/Schist (Observed at surface),166,372,184,3213,1457,591,408.72,6.31,0
Background_7.3km_from_Deep Hollow Mine,-64.22776,45.09502,Regional Country Rock (Geology associated with Nova Scotia region),0 (Barren Background),Trace / Non-mineralized,Unmineralized Limestone/Shale,Macumber Formation / Windsor Group,Carboniferous,Synthetic Negative Sample for ML,N/A - Non-mine location,0 meters,0% (Background Terrain),Limestone/Shale (Observed at surface),193,403,187,3440,1475,612,42.38,5.21,0
Background_9.1km_from_Deep Hollow Mine,-64.21746,45.07414,Regional Country Rock (Geology associated with Nova Scotia region),0 (Barren Background),Trace / Non-mineralized,Unmineralized Limestone/Shale,Macumber Formation / Windsor Group,Carboniferous,Synthetic Negative Sample for ML,N/A - Non-mine location,0 meters,0% (Background Terrain),Limestone/Shale (Observed at surface),228,458,289,2813,1895,903,95.31,5.4,0
Background_6.5km_from_Deep Hollow Mine,-64.10806,45.12573,Regional Country Rock (Geology associated with Nova Scotia region),0 (Barren Background),Trace / Non-mineralized,Unmineralized Limestone/Shale,Macumber Formation / Windsor Group,Carboniferous,Synthetic Negative Sample for ML,N/A - Non-mine location,0 meters,0% (Background Terrain),Limestone/Shale (Observed at surface),228,467,191,3147,1292,516,71.65,4.36,0
Background_8.5km_from_McCumber Mine (Macumber Mine),-64.22214,45.22683,Regional Country Rock (Geology associated with Nova Scotia region),0 (Barren Background),Trace / Non-mineralized,Unmineralized Limestone/Shale,Macumber Formation / Windsor Group,Carboniferous,Synthetic Negative Sample for ML,N/A - Non-mine location,0 meters,0% (Background Terrain),Limestone/Shale (Observed at surface),577,743,528,320,220,176,0.0,0.0,0
Background_7.0km_from_McCumber Mine (Macumber Mine),-64.11524,45.19334,Regional Country Rock (Geology associated with Nova Scotia region),0 (Barren Background),Trace / Non-mineralized,Unmineralized Limestone/Shale,Macumber Formation / Windsor Group,Carboniferous,Synthetic Negative Sample for ML,N/A - Non-mine location,0 meters,0% (Background Terrain),Limestone/Shale (Observed at surface),250,467,238,3608,1473,572,27.01,3.98,0
Background_6.1km_from_McCumber Mine (Macumber Mine),-64.12656,45.19037,Regional Country Rock (Geology associated with Nova Scotia region),0 (Barren Background),Trace / Non-mineralized,Unmineralized Limestone/Shale,Macumber Formation / Windsor Group,Carboniferous,Synthetic Negative Sample for ML,N/A - Non-mine location,0 meters,0% (Background Terrain),Limestone/Shale (Observed at surface),330,662,425,3464,1948,935,46.6,3.63,0
Background_6.9km_from_New Ross Manganese Mine,-64.47194,44.78447,Regional Country Rock (Geology associated with Nova Scotia region),0 (Barren Background),Trace / Non-mineralized,Unmineralized Limestone/Shale,Macumber Formation / Windsor Group,Carboniferous,Synthetic Negative Sample for ML,N/A - Non-mine location,0 meters,0% (Background Terrain),Limestone/Shale (Observed at surface),544,776,673,3215,1815,868,158.7,7.0,0
Background_7.7km_from_New Ross Manganese Mine,-64.54222,44.87439,Regional Country Rock (Geology associated with Nova Scotia region),0 (Barren Background),Trace / Non-mineralized,Unmineralized Limestone/Shale,Macumber Formation / Windsor Group,Carboniferous,Synthetic Negative Sample for ML,N/A - Non-mine location,0 meters,0% (Background Terrain),Limestone/Shale (Observed at surface),231,494,204,3472,1241,483,235.98,2.64,0
Background_9.7km_from_New Ross Manganese Mine,-64.57246,44.86570,Regional Country Rock (Geology associated with Nova Scotia region),0 (Barren Background),Trace / Non-mineralized,Unmineralized Limestone/Shale,Macumber Formation / Windsor Group,Carboniferous,Synthetic Negative Sample for ML,N/A - Non-mine location,0 meters,0% (Background Terrain),Limestone/Shale (Observed at surface),363,793,447,4067,2619,1215,243.32,3.1,0
Background_9.4km_from_Nagatoyo Mine,140.14459,42.61442,Regional Country Rock (Geology associated with Hokkaido region),0 (Barren Background),Trace / Non-mineralized,Unmineralized Green Tuff/Mudstone,Kunnui Formation,Miocene,Synthetic Negative Sample for ML,N/A - Non-mine location,0 meters,0% (Background Terrain),Green Tuff/Mudstone (Observed at surface),287,595,307,4624,2150,895,868.17,26.89,0
Background_6.8km_from_Nagatoyo Mine,140.01380,42.72308,Regional Country Rock (Geology associated with Hokkaido region),0 (Barren Background),Trace / Non-mineralized,Unmineralized Green Tuff/Mudstone,Kunnui Formation,Miocene,Synthetic Negative Sample for ML,N/A - Non-mine location,0 meters,0% (Background Terrain),Green Tuff/Mudstone (Observed at surface),276,169,60,42,11,15,0.0,0.0,0
Background_8.4km_from_Nagatoyo Mine,140.14031,42.62359,Regional Country Rock (Geology associated with Hokkaido region),0 (Barren Background),Trace / Non-mineralized,Unmineralized Green Tuff/Mudstone,Kunnui Formation,Miocene,Synthetic Negative Sample for ML,N/A - Non-mine location,0 meters,0% (Background Terrain),Green Tuff/Mudstone (Observed at surface),372,682,343,5410,2400,966,948.49,27.84,0
Background_6.4km_from_Ryubu Mine,139.95953,42.29775,Regional Country Rock (Geology associated with Hokkaido region),0 (Barren Background),Trace / Non-mineralized,Unmineralized Green Tuff/Mudstone,Kunnui Formation,Miocene,Synthetic Negative Sample for ML,N/A - Non-mine location,0 meters,0% (Background Terrain),Green Tuff/Mudstone (Observed at surface),352,721,408,5283,2308,1080,163.23,2.21,0
Background_5.5km_from_Ryubu Mine,139.84491,42.29460,Regional Country Rock (Geology associated with Hokkaido region),0 (Barren Background),Trace / Non-mineralized,Unmineralized Green Tuff/Mudstone,Kunnui Formation,Miocene,Synthetic Negative Sample for ML,N/A - Non-mine location,0 meters,0% (Background Terrain),Green Tuff/Mudstone (Observed at surface),2345,2498,2461,5264,3966,2919,460.53,14.35,0
Background_5.7km_from_Ryubu Mine,139.92466,42.21695,Regional Country Rock (Geology associated with Hokkaido region),0 (Barren Background),Trace / Non-mineralized,Unmineralized Green Tuff/Mudstone,Kunnui Formation,Miocene,Synthetic Negative Sample for ML,N/A - Non-mine location,0 meters,0% (Background Terrain),Green Tuff/Mudstone (Observed at surface),464,700,490,4795,2390,1050,351.75,25.67,0
Background_7.3km_from_Hatsune Mine,139.79514,42.40991,Regional Country Rock (Geology associated with Hokkaido region),0 (Barren Background),Trace / Non-mineralized,Unmineralized Green Tuff/Mudstone,Kunnui Formation,Miocene,Synthetic Negative Sample for ML,N/A - Non-mine location,0 meters,0% (Background Terrain),Green Tuff/Mudstone (Observed at surface),777,598,540,1,144,135,0.0,0.0,0
Background_6.5km_from_Hatsune Mine,139.83048,42.31894,Regional Country Rock (Geology associated with Hokkaido region),0 (Barren Background),Trace / Non-mineralized,Unmineralized Green Tuff/Mudstone,Kunnui Formation,Miocene,Synthetic Negative Sample for ML,N/A - Non-mine location,0 meters,0% (Background Terrain),Green Tuff/Mudstone (Observed at surface),439,387,238,1525,563,293,403.09,17.64,0
Background_7.5km_from_Hatsune Mine,139.88232,42.30432,Regional Country Rock (Geology associated with Hokkaido region),0 (Barren Background),Trace / Non-mineralized,Unmineralized Green Tuff/Mudstone,Kunnui Formation,Miocene,Synthetic Negative Sample for ML,N/A - Non-mine location,0 meters,0% (Background Terrain),Green Tuff/Mudstone (Observed at surface),211,421,216,4106,2137,878,196.0,18.91,0
Background_9.3km_from_Bölet,14.37686,58.64086,Regional Country Rock (Hydrothermal/Sedimentary Deposit),0 (Barren Background),Trace / Non-mineralized,Unmineralized Quartzite/Schist,Local Metamorphic/Sedimentary Sequence,Phanerozoic,Synthetic Negative Sample for ML,N/A - Non-mine location,0 meters,0% (Background Terrain),Quartzite/Schist (Observed at surface),312,637,273,4624,2233,1051,97.12,4.75,0
Background_6.3km_from_Bölet,14.53419,58.55335,Regional Country Rock (Hydrothermal/Sedimentary Deposit),0 (Barren Background),Trace / Non-mineralized,Unmineralized Quartzite/Schist,Local Metamorphic/Sedimentary Sequence,Phanerozoic,Synthetic Negative Sample for ML,N/A - Non-mine location,0 meters,0% (Background Terrain),Quartzite/Schist (Observed at surface),304,259,114,115,28,18,87.5,0.0,0
Background_9.9km_from_Bölet,14.38803,58.55717,Regional Country Rock (Hydrothermal/Sedimentary Deposit),0 (Barren Background),Trace / Non-mineralized,Unmineralized Quartzite/Schist,Local Metamorphic/Sedimentary Sequence,Phanerozoic,Synthetic Negative Sample for ML,N/A - Non-mine location,0 meters,0% (Background Terrain),Quartzite/Schist (Observed at surface),318,463,292,2505,1175,539,137.18,6.63,0
Background_8.0km_from_Bald Knob Deposit,-81.08835,36.61112,Regional Country Rock (Geology associated with North Carolina region),0 (Barren Background),Trace / Non-mineralized,Unmineralized Gneiss/Schist,Ashe Metamorphic Suite,Neoproterozoic,Synthetic Negative Sample for ML,N/A - Non-mine location,0 meters,0% (Background Terrain),Gneiss/Schist (Observed at surface),0,0,0,0,0,0,767.72,11.49,0
Background_6.8km_from_Bald Knob Deposit,-81.09999,36.47928,Regional Country Rock (Geology associated with North Carolina region),0 (Barren Background),Trace / Non-mineralized,Unmineralized Gneiss/Schist,Ashe Metamorphic Suite,Neoproterozoic,Synthetic Negative Sample for ML,N/A - Non-mine location,0 meters,0% (Background Terrain),Gneiss/Schist (Observed at surface),375,724,361,5005,2356,1100,894.45,5.41,0
Background_6.3km_from_Bald Knob Deposit,-81.04184,36.49303,Regional Country Rock (Geology associated with North Carolina region),0 (Barren Background),Trace / Non-mineralized,Unmineralized Gneiss/Schist,Ashe Metamorphic Suite,Neoproterozoic,Synthetic Negative Sample for ML,N/A - Non-mine location,0 meters,0% (Background Terrain),Gneiss/Schist (Observed at surface),403,739,398,4688,1979,930,810.52,4.89,0
Background_5.2km_from_Welch Mine,-120.74290,35.23377,Regional Country Rock (Hydrothermal/Sedimentary Deposit),0 (Barren Background),Trace / Non-mineralized,Unmineralized Quartzite/Schist,Local Metamorphic/Sedimentary Sequence,Phanerozoic,Synthetic Negative Sample for ML,N/A - Non-mine location,0 meters,0% (Background Terrain),Quartzite/Schist (Observed at surface),299,483,443,2245,1772,993,155.84,25.16,0
Background_6.9km_from_Welch Mine,-120.78803,35.20972,Regional Country Rock (Hydrothermal/Sedimentary Deposit),0 (Barren Background),Trace / Non-mineralized,Unmineralized Quartzite/Schist,Local Metamorphic/Sedimentary Sequence,Phanerozoic,Synthetic Negative Sample for ML,N/A - Non-mine location,0 meters,0% (Background Terrain),Quartzite/Schist (Observed at surface),431,685,545,2676,2156,1178,278.14,26.84,0
Background_5.9km_from_Welch Mine,-120.71338,35.28059,Regional Country Rock (Hydrothermal/Sedimentary Deposit),0 (Barren Background),Trace / Non-mineralized,Unmineralized Quartzite/Schist,Local Metamorphic/Sedimentary Sequence,Phanerozoic,Synthetic Negative Sample for ML,N/A - Non-mine location,0 meters,0% (Background Terrain),Quartzite/Schist (Observed at surface),391,556,860,2000,2962,1804,39.65,0.57,0
Background_9.1km_from_Hale Creek Mine,-123.57027,40.39154,Regional Country Rock (Geology associated with Trinity region),0 (Barren Background),Trace / Non-mineralized,Unmineralized Radiolarian Chert,Franciscan Complex,Jurassic-Cretaceous,Synthetic Negative Sample for ML,N/A - Non-mine location,0 meters,0% (Background Terrain),Radiolarian Chert (Observed at surface),154,248,188,1683,1160,552,1241.88,12.47,0
Background_8.8km_from_Hale Creek Mine,-123.51684,40.43564,Regional Country Rock (Geology associated with Trinity region),0 (Barren Background),Trace / Non-mineralized,Unmineralized Radiolarian Chert,Franciscan Complex,Jurassic-Cretaceous,Synthetic Negative Sample for ML,N/A - Non-mine location,0 meters,0% (Background Terrain),Radiolarian Chert (Observed at surface),221,376,419,1963,1461,766,866.33,20.48,0
Background_8.3km_from_Hale Creek Mine,-123.48096,40.29182,Regional Country Rock (Geology associated with Trinity region),0 (Barren Background),Trace / Non-mineralized,Unmineralized Radiolarian Chert,Franciscan Complex,Jurassic-Cretaceous,Synthetic Negative Sample for ML,N/A - Non-mine location,0 meters,0% (Background Terrain),Radiolarian Chert (Observed at surface),161,324,199,2124,1303,656,1040.87,25.57,0
Background_6.2km_from_Mt. Bishop Mine,-121.08487,35.64255,Regional Country Rock (Hydrothermal/Sedimentary Deposit),0 (Barren Background),Trace / Non-mineralized,Unmineralized Quartzite/Schist,Local Metamorphic/Sedimentary Sequence,Phanerozoic,Synthetic Negative Sample for ML,N/A - Non-mine location,0 meters,0% (Background Terrain),Quartzite/Schist (Observed at surface),284,571,547,2856,2164,1189,379.45,13.16,0
Background_7.2km_from_Mt. Bishop Mine,-121.16982,35.71956,Regional Country Rock (Hydrothermal/Sedimentary Deposit),0 (Barren Background),Trace / Non-mineralized,Unmineralized Quartzite/Schist,Local Metamorphic/Sedimentary Sequence,Phanerozoic,Synthetic Negative Sample for ML,N/A - Non-mine location,0 meters,0% (Background Terrain),Quartzite/Schist (Observed at surface),202,467,449,2499,1850,940,206.87,16.99,0
Background_9.7km_from_Mt. Bishop Mine,-121.18710,35.65395,Regional Country Rock (Hydrothermal/Sedimentary Deposit),0 (Barren Background),Trace / Non-mineralized,Unmineralized Quartzite/Schist,Local Metamorphic/Sedimentary Sequence,Phanerozoic,Synthetic Negative Sample for ML,N/A - Non-mine location,0 meters,0% (Background Terrain),Quartzite/Schist (Observed at surface),206,449,470,2720,2106,1151,39.59,6.17,0
Background_9.0km_from_Molango,-98.64802,20.82275,Regional Country Rock (Geology associated with Hidalgo region),0 (Barren Background),Trace / Non-mineralized,Unmineralized Limestone,Lake Valley Limestone,Mississippian,Synthetic Negative Sample for ML,N/A - Non-mine location,0 meters,0% (Background Terrain),Calcareous siltstone and silty limestone,392,657,393,3747,1995,878,1390.77,21.38,0
Background_7.5km_from_Molango,-98.76887,20.77533,Regional Country Rock (Geology associated with Hidalgo region),0 (Barren Background),Trace / Non-mineralized,Unmineralized Limestone,Lake Valley Limestone,Mississippian,Synthetic Negative Sample for ML,N/A - Non-mine location,0 meters,0% (Background Terrain),Calcareous siltstone and silty limestone,589,760,497,3897,2322,1020,1150.96,31.98,0
Background_7.9km_from_Molango,-98.73779,20.90481,Regional Country Rock (Geology associated with Hidalgo region),0 (Barren Background),Trace / Non-mineralized,Unmineralized Limestone,Lake Valley Limestone,Mississippian,Synthetic Negative Sample for ML,N/A - Non-mine location,0 meters,0% (Background Terrain),Calcareous siltstone and silty limestone,556,841,756,2979,2768,1692,1117.18,33.57,0
Background_9.7km_from_Braito Mine,-120.84070,40.06398,Regional Country Rock (Geology associated with Plumas region),0 (Barren Background),Trace / Non-mineralized,Unmineralized Metachert/Slate,Calaveras Complex,Paleozoic,Synthetic Negative Sample for ML,N/A - Non-mine location,0 meters,0% (Background Terrain),Metachert/Slate (Observed at surface),303,468,609,1734,1412,897,1316.76,20.77,0
Background_9.1km_from_Braito Mine,-121.00594,40.14954,Regional Country Rock (Geology associated with Plumas region),0 (Barren Background),Trace / Non-mineralized,Unmineralized Metachert/Slate,Calaveras Complex,Paleozoic,Synthetic Negative Sample for ML,N/A - Non-mine location,0 meters,0% (Background Terrain),Metachert/Slate (Observed at surface),283,559,759,1804,2063,1445,1479.1,3.95,0
Background_9.3km_from_Braito Mine,-121.05454,40.10834,Regional Country Rock (Geology associated with Plumas region),0 (Barren Background),Trace / Non-mineralized,Unmineralized Metachert/Slate,Calaveras Complex,Paleozoic,Synthetic Negative Sample for ML,N/A - Non-mine location,0 meters,0% (Background Terrain),Metachert/Slate (Observed at surface),470,715,975,2224,2528,1801,1704.68,14.25,0
Background_8.9km_from_Farallón Negro,-66.68290,-27.46805,Regional Country Rock (Geology associated with Argentina region),0 (Barren Background),Trace / Non-mineralized,Unmineralized Granite/Pegmatite,Sierras Pampeanas Basement,Neoproterozoic,Synthetic Negative Sample for ML,N/A - Non-mine location,0 meters,0% (Background Terrain),Granite/Pegmatite (Observed at surface),599,693,894,1326,1552,1349,2194.44,33.97,0
Background_9.7km_from_Farallón Negro,-66.72990,-27.49917,Regional Country Rock (Geology associated with Argentina region),0 (Barren Background),Trace / Non-mineralized,Unmineralized Granite/Pegmatite,Sierras Pampeanas Basement,Neoproterozoic,Synthetic Negative Sample for ML,N/A - Non-mine location,0 meters,0% (Background Terrain),Granite/Pegmatite (Observed at surface),936,1190,1656,2252,2800,2604,1734.9,3.62,0
Background_5.9km_from_Farallón Negro,-66.77720,-27.36753,Regional Country Rock (Geology associated with Argentina region),0 (Barren Background),Trace / Non-mineralized,Unmineralized Granite/Pegmatite,Sierras Pampeanas Basement,Neoproterozoic,Synthetic Negative Sample for ML,N/A - Non-mine location,0 meters,0% (Background Terrain),Granite/Pegmatite (Observed at surface),1078,1343,1730,2117,2695,2595,2134.53,3.85,0
Background_5.8km_from_Sambo Prospect,-113.00932,33.84839,Regional Country Rock (Geology associated with Aguila region),0 (Barren Background),Trace / Non-mineralized,Unmineralized Andesite/Tuff,Local Volcanics,Miocene,Synthetic Negative Sample for ML,N/A - Non-mine location,0 meters,0% (Background Terrain),Andesite/Tuff (Observed at surface),792,1006,1310,1964,2648,2063,766.81,8.92,0
Background_8.7km_from_Sambo Prospect,-113.02596,33.73682,Regional Country Rock (Geology associated with Aguila region),0 (Barren Background),Trace / Non-mineralized,Unmineralized Andesite/Tuff,Local Volcanics,Miocene,Synthetic Negative Sample for ML,N/A - Non-mine location,0 meters,0% (Background Terrain),Andesite/Tuff (Observed at surface),1255,1777,2450,2935,3868,3165,699.18,5.94,0
Background_7.2km_from_Sambo Prospect,-113.07774,33.75065,Regional Country Rock (Geology associated with Aguila region),0 (Barren Background),Trace / Non-mineralized,Unmineralized Andesite/Tuff,Local Volcanics,Miocene,Synthetic Negative Sample for ML,N/A - Non-mine location,0 meters,0% (Background Terrain),Andesite/Tuff (Observed at surface),1088,1490,2145,2615,3491,3103,709.24,2.49,0
Background_6.4km_from_Lions Den Mine,-113.29190,33.79051,Regional Country Rock (Geology associated with Aguila region),0 (Barren Background),Trace / Non-mineralized,Unmineralized Andesite/Tuff,Local Volcanics,Miocene,Synthetic Negative Sample for ML,N/A - Non-mine location,0 meters,0% (Background Terrain),Andesite/Tuff (Observed at surface),1289,0,1774,2240,2985,2675,866.0,26.54,0
Background_9.8km_from_Lions Den Mine,-113.22294,33.81399,Regional Country Rock (Geology associated with Aguila region),0 (Barren Background),Trace / Non-mineralized,Unmineralized Andesite/Tuff,Local Volcanics,Miocene,Synthetic Negative Sample for ML,N/A - Non-mine location,0 meters,0% (Background Terrain),Andesite/Tuff (Observed at surface),1913,2406,3071,3474,4608,4006,672.96,3.11,0
Background_7.1km_from_Lions Den Mine,-113.22099,33.68828,Regional Country Rock (Geology associated with Aguila region),0 (Barren Background),Trace / Non-mineralized,Unmineralized Andesite/Tuff,Local Volcanics,Miocene,Synthetic Negative Sample for ML,N/A - Non-mine location,0 meters,0% (Background Terrain),Andesite/Tuff (Observed at surface),1342,1639,2216,2515,3456,3254,564.73,3.36,0
Background_6.9km_from_Castle Creek Deposit,-112.32092,34.05577,Regional Country Rock (Geology associated with Yavapai region),0 (Barren Background),Trace / Non-mineralized,Unmineralized Schist/Volcanics,Yavapai Schist,Paleoproterozoic,Synthetic Negative Sample for ML,N/A - Non-mine location,0 meters,0% (Background Terrain),Schist/Volcanics (Observed at surface),883,1215,1515,2301,3352,2581,825.31,20.29,0
Background_8.9km_from_Castle Creek Deposit,-112.44067,33.95987,Regional Country Rock (Geology associated with Yavapai region),0 (Barren Background),Trace / Non-mineralized,Unmineralized Schist/Volcanics,Yavapai Schist,Paleoproterozoic,Synthetic Negative Sample for ML,N/A - Non-mine location,0 meters,0% (Background Terrain),Schist/Volcanics (Observed at surface),1151,1467,2122,2563,4152,2761,920.93,22.76,0
Background_8.0km_from_Castle Creek Deposit,-112.39817,33.93794,Regional Country Rock (Geology associated with Yavapai region),0 (Barren Background),Trace / Non-mineralized,Unmineralized Schist/Volcanics,Yavapai Schist,Paleoproterozoic,Synthetic Negative Sample for ML,N/A - Non-mine location,0 meters,0% (Background Terrain),Schist/Volcanics (Observed at surface),854,1142,1577,2224,3233,2555,800.03,7.77,0
Background_9.7km_from_Merritt Property,-79.20082,37.15947,Regional Country Rock (Geology associated with Virginia region),0 (Barren Background),Trace / Non-mineralized,Unmineralized Clay/Quartzite,Shady Dolomite / Antietam Fm,Cambrian,Synthetic Negative Sample for ML,N/A - Non-mine location,0 meters,0% (Background Terrain),Clay/Quartzite (Observed at surface),430,762,538,3824,2685,1367,225.28,5.56,0
Background_9.2km_from_Merritt Property,-79.22371,37.12209,Regional Country Rock (Geology associated with Virginia region),0 (Barren Background),Trace / Non-mineralized,Unmineralized Clay/Quartzite,Shady Dolomite / Antietam Fm,Cambrian,Synthetic Negative Sample for ML,N/A - Non-mine location,0 meters,0% (Background Terrain),Clay/Quartzite (Observed at surface),218,376,196,3589,1627,625,187.79,12.98,0
Background_7.3km_from_Merritt Property,-79.35803,37.11516,Regional Country Rock (Geology associated with Virginia region),0 (Barren Background),Trace / Non-mineralized,Unmineralized Clay/Quartzite,Shady Dolomite / Antietam Fm,Cambrian,Synthetic Negative Sample for ML,N/A - Non-mine location,0 meters,0% (Background Terrain),Clay/Quartzite (Observed at surface),231,413,181,2974,1507,638,207.59,9.85,0
Background_9.1km_from_Gird Creek Prospect,-113.22979,46.56570,Regional Country Rock (Hydrothermal/Sedimentary Deposit),0 (Barren Background),Trace / Non-mineralized,Unmineralized Quartzite/Schist,Local Metamorphic/Sedimentary Sequence,Phanerozoic,Synthetic Negative Sample for ML,N/A - Non-mine location,0 meters,0% (Background Terrain),Quartzite/Schist (Observed at surface),345,871,342,5264,2354,1096,1326.28,1.52,0
Background_5.7km_from_Gird Creek Prospect,-113.18791,46.53796,Regional Country Rock (Hydrothermal/Sedimentary Deposit),0 (Barren Background),Trace / Non-mineralized,Unmineralized Quartzite/Schist,Local Metamorphic/Sedimentary Sequence,Phanerozoic,Synthetic Negative Sample for ML,N/A - Non-mine location,0 meters,0% (Background Terrain),Quartzite/Schist (Observed at surface),706,870,1054,1778,2942,2298,1458.68,2.53,0
Background_9.7km_from_Gird Creek Prospect,-113.25576,46.56498,Regional Country Rock (Hydrothermal/Sedimentary Deposit),0 (Barren Background),Trace / Non-mineralized,Unmineralized Quartzite/Schist,Local Metamorphic/Sedimentary Sequence,Phanerozoic,Synthetic Negative Sample for ML,N/A - Non-mine location,0 meters,0% (Background Terrain),Quartzite/Schist (Observed at surface),655,780,991,1677,2859,2141,1385.32,6.09,0
Background_9.7km_from_Salida,-106.00827,38.57788,Regional Country Rock (Geology associated with Colorado region),0 (Barren Background),Trace / Non-mineralized,Unmineralized Rhyolite/Travertine,Browns Canyon Volcanics,Oligocene,Synthetic Negative Sample for ML,N/A - Non-mine location,0 meters,0% (Background Terrain),Rhyolite/Travertine (Observed at surface),1196,1504,1957,2593,3769,3449,2287.21,4.43,0
Background_7.0km_from_Salida,-106.00014,38.62502,Regional Country Rock (Geology associated with Colorado region),0 (Barren Background),Trace / Non-mineralized,Unmineralized Rhyolite/Travertine,Browns Canyon Volcanics,Oligocene,Synthetic Negative Sample for ML,N/A - Non-mine location,0 meters,0% (Background Terrain),Rhyolite/Travertine (Observed at surface),709,908,1084,1932,2541,2185,2556.49,31.03,0
Background_7.8km_from_Salida,-106.15552,38.67875,Regional Country Rock (Geology associated with Colorado region),0 (Barren Background),Trace / Non-mineralized,Unmineralized Rhyolite/Travertine,Browns Canyon Volcanics,Oligocene,Synthetic Negative Sample for ML,N/A - Non-mine location,0 meters,0% (Background Terrain),Rhyolite/Travertine (Observed at surface),620,739,1011,1858,2613,2113,2671.12,3.26,0
Background_10.0km_from_Ouray Hot Spring,-107.56444,38.05507,Regional Country Rock (Geology associated with Colorado region),0 (Barren Background),Trace / Non-mineralized,Unmineralized Rhyolite/Travertine,Browns Canyon Volcanics,Oligocene,Synthetic Negative Sample for ML,N/A - Non-mine location,0 meters,0% (Background Terrain),Rhyolite/Travertine (Observed at surface),1836,2167,1958,2108,1921,1683,3193.07,34.18,0
Background_5.2km_from_Ouray Hot Spring,-107.64898,38.06211,Regional Country Rock (Geology associated with Colorado region),0 (Barren Background),Trace / Non-mineralized,Unmineralized Rhyolite/Travertine,Browns Canyon Volcanics,Oligocene,Synthetic Negative Sample for ML,N/A - Non-mine location,0 meters,0% (Background Terrain),Rhyolite/Travertine (Observed at surface),1597,1696,1732,1775,1475,1343,2894.43,25.66,0
Background_9.7km_from_Ouray Hot Spring,-107.64030,37.93359,Regional Country Rock (Geology associated with Colorado region),0 (Barren Background),Trace / Non-mineralized,Unmineralized Rhyolite/Travertine,Browns Canyon Volcanics,Oligocene,Synthetic Negative Sample for ML,N/A - Non-mine location,0 meters,0% (Background Terrain),Rhyolite/Travertine (Observed at surface),723,1054,1394,1947,2840,2411,3803.16,24.88,0
Background_5.3km_from_Evans Limestone Quarry,-111.99792,40.47298,Regional Country Rock (Geology associated with Utah region),0 (Barren Background),Trace / Non-mineralized,Unmineralized Limestone/Dolomite,Oquirrh Group,Pennsylvanian-Permian,Synthetic Negative Sample for ML,N/A - Non-mine location,0 meters,0% (Background Terrain),Limestone/Dolomite (Observed at surface),633,915,949,2591,2940,2213,1592.68,17.38,0
Background_8.2km_from_Evans Limestone Quarry,-111.86580,40.48704,Regional Country Rock (Geology associated with Utah region),0 (Barren Background),Trace / Non-mineralized,Unmineralized Limestone/Dolomite,Oquirrh Group,Pennsylvanian-Permian,Synthetic Negative Sample for ML,N/A - Non-mine location,0 meters,0% (Background Terrain),Limestone/Dolomite (Observed at surface),619,837,1051,2625,2884,1971,1529.04,15.94,0
Background_8.6km_from_Evans Limestone Quarry,-111.90366,40.37559,Regional Country Rock (Geology associated with Utah region),0 (Barren Background),Trace / Non-mineralized,Unmineralized Limestone/Dolomite,Oquirrh Group,Pennsylvanian-Permian,Synthetic Negative Sample for ML,N/A - Non-mine location,0 meters,0% (Background Terrain),Limestone/Dolomite (Observed at surface),384,637,545,3105,2207,1389,1369.12,1.91,0
Background_9.1km_from_Orme Property,-112.05155,39.40362,Regional Country Rock (Geology associated with Utah region),0 (Barren Background),Trace / Non-mineralized,Unmineralized Limestone/Dolomite,Oquirrh Group,Pennsylvanian-Permian,Synthetic Negative Sample for ML,N/A - Non-mine location,0 meters,0% (Background Terrain),Limestone/Dolomite (Observed at surface),928,1251,1459,2421,3442,2878,1506.39,2.27,0
Background_5.3km_from_Orme Property,-111.89307,39.36426,Regional Country Rock (Geology associated with Utah region),0 (Barren Background),Trace / Non-mineralized,Unmineralized Limestone/Dolomite,Oquirrh Group,Pennsylvanian-Permian,Synthetic Negative Sample for ML,N/A - Non-mine location,0 meters,0% (Background Terrain),Limestone/Dolomite (Observed at surface),977,1384,1779,2729,3290,2747,1802.2,11.02,0
Background_5.2km_from_Orme Property,-112.01119,39.38578,Regional Country Rock (Geology associated with Utah region),0 (Barren Background),Trace / Non-mineralized,Unmineralized Limestone/Dolomite,Oquirrh Group,Pennsylvanian-Permian,Synthetic Negative Sample for ML,N/A - Non-mine location,0 meters,0% (Background Terrain),Limestone/Dolomite (Observed at surface),836,1255,684,59,43,63,1525.0,0.0,0
Background_6.7km_from_San Juan County,-109.45467,38.29983,Regional Country Rock (Geology associated with Utah region),0 (Barren Background),Trace / Non-mineralized,Unmineralized Limestone/Dolomite,Oquirrh Group,Pennsylvanian-Permian,Synthetic Negative Sample for ML,N/A - Non-mine location,0 meters,0% (Background Terrain),Limestone/Dolomite (Observed at surface),997,1605,2693,3550,4515,4504,1773.97,2.82,0
Background_7.7km_from_San Juan County,-109.37693,38.31210,Regional Country Rock (Geology associated with Utah region),0 (Barren Background),Trace / Non-mineralized,Unmineralized Limestone/Dolomite,Oquirrh Group,Pennsylvanian-Permian,Synthetic Negative Sample for ML,N/A - Non-mine location,0 meters,0% (Background Terrain),Limestone/Dolomite (Observed at surface),842,1201,2086,2948,3406,3310,1922.77,12.95,0
Background_5.1km_from_San Juan County,-109.41376,38.39895,Regional Country Rock (Geology associated with Utah region),0 (Barren Background),Trace / Non-mineralized,Unmineralized Limestone/Dolomite,Oquirrh Group,Pennsylvanian-Permian,Synthetic Negative Sample for ML,N/A - Non-mine location,0 meters,0% (Background Terrain),Limestone/Dolomite (Observed at surface),1071,1470,2068,3069,3245,2788,1798.35,16.78,0
Background_6.1km_from_Manganese Valley Mine,-107.60787,32.25625,Regional Country Rock (Geology associated with Luna region),0 (Barren Background),Trace / Non-mineralized,Unmineralized Agglomerate,Little Florida Volcanics,Tertiary,Synthetic Negative Sample for ML,N/A - Non-mine location,0 meters,0% (Background Terrain),Agglomerate (Observed at surface),904,1194,1425,2216,3000,2337,1281.56,0.42,0
Background_8.5km_from_Manganese Valley Mine,-107.66349,32.15703,Regional Country Rock (Geology associated with Luna region),0 (Barren Background),Trace / Non-mineralized,Unmineralized Agglomerate,Little Florida Volcanics,Tertiary,Synthetic Negative Sample for ML,N/A - Non-mine location,0 meters,0% (Background Terrain),Agglomerate (Observed at surface),1302,1807,2546,2871,3158,2796,1342.31,2.01,0
Background_8.3km_from_Manganese Valley Mine,-107.67272,32.23240,Regional Country Rock (Geology associated with Luna region),0 (Barren Background),Trace / Non-mineralized,Unmineralized Agglomerate,Little Florida Volcanics,Tertiary,Synthetic Negative Sample for ML,N/A - Non-mine location,0 meters,0% (Background Terrain),Agglomerate (Observed at surface),1306,1780,2478,3096,3870,3544,1295.79,0.46,0
Background_5.5km_from_Lake Valley Deposit,-107.58733,32.67009,Regional Country Rock (Geology associated with Sierra region),0 (Barren Background),Trace / Non-mineralized,Unmineralized Limestone,Lake Valley Limestone,Mississippian,Synthetic Negative Sample for ML,N/A - Non-mine location,0 meters,0% (Background Terrain),Limestone (Observed at surface),844,1131,1698,2207,3371,2870,1612.57,5.27,0
Background_9.2km_from_Lake Valley Deposit,-107.57953,32.79901,Regional Country Rock (Geology associated with Sierra region),0 (Barren Background),Trace / Non-mineralized,Unmineralized Limestone,Lake Valley Limestone,Mississippian,Synthetic Negative Sample for ML,N/A - Non-mine location,0 meters,0% (Background Terrain),Limestone (Observed at surface),1372,1710,2250,2661,3406,2868,1643.19,11.03,0
Background_5.3km_from_Lake Valley Deposit,-107.61612,32.69340,Regional Country Rock (Geology associated with Sierra region),0 (Barren Background),Trace / Non-mineralized,Unmineralized Limestone,Lake Valley Limestone,Mississippian,Synthetic Negative Sample for ML,N/A - Non-mine location,0 meters,0% (Background Terrain),Limestone (Observed at surface),1033,1345,1973,2505,3382,3023,1717.25,12.51,0
Background_7.6km_from_Morgan Mine,-107.14733,32.71607,Regional Country Rock (Hydrothermal/Sedimentary Deposit),0 (Barren Background),Trace / Non-mineralized,Unmineralized Quartzite/Schist,Local Metamorphic/Sedimentary Sequence,Phanerozoic,Synthetic Negative Sample for ML,N/A - Non-mine location,0 meters,0% (Background Terrain),Quartzite/Schist (Observed at surface),0,0,0,0,0,0,1329.57,8.49,0
Background_5.1km_from_Morgan Mine,-107.06805,32.73172,Regional Country Rock (Hydrothermal/Sedimentary Deposit),0 (Barren Background),Trace / Non-mineralized,Unmineralized Quartzite/Schist,Local Metamorphic/Sedimentary Sequence,Phanerozoic,Synthetic Negative Sample for ML,N/A - Non-mine location,0 meters,0% (Background Terrain),Quartzite/Schist (Observed at surface),1268,1786,2505,2974,4379,3871,1377.3,3.04,0
Background_8.2km_from_Morgan Mine,-107.06473,32.61286,Regional Country Rock (Hydrothermal/Sedimentary Deposit),0 (Barren Background),Trace / Non-mineralized,Unmineralized Quartzite/Schist,Local Metamorphic/Sedimentary Sequence,Phanerozoic,Synthetic Negative Sample for ML,N/A - Non-mine location,0 meters,0% (Background Terrain),Quartzite/Schist (Observed at surface),936,1194,1543,1816,2507,2173,1319.04,10.8,0
Background_8.2km_from_Crooks No. 1 Claim,-104.28476,35.95446,Regional Country Rock (Hydrothermal/Sedimentary Deposit),0 (Barren Background),Trace / Non-mineralized,Unmineralized Quartzite/Schist,Local Metamorphic/Sedimentary Sequence,Phanerozoic,Synthetic Negative Sample for ML,N/A - Non-mine location,0 meters,0% (Background Terrain),Quartzite/Schist (Observed at surface),787,1050,1382,2095,3571,2748,1771.47,3.86,0
Background_9.4km_from_Crooks No. 1 Claim,-104.23166,36.10445,Regional Country Rock (Hydrothermal/Sedimentary Deposit),0 (Barren Background),Trace / Non-mineralized,Unmineralized Quartzite/Schist,Local Metamorphic/Sedimentary Sequence,Phanerozoic,Synthetic Negative Sample for ML,N/A - Non-mine location,0 meters,0% (Background Terrain),Quartzite/Schist (Observed at surface),974,1343,1732,2321,3579,2979,1868.69,1.19,0
Background_6.0km_from_Crooks No. 1 Claim,-104.27323,36.07141,Regional Country Rock (Hydrothermal/Sedimentary Deposit),0 (Barren Background),Trace / Non-mineralized,Unmineralized Quartzite/Schist,Local Metamorphic/Sedimentary Sequence,Phanerozoic,Synthetic Negative Sample for ML,N/A - Non-mine location,0 meters,0% (Background Terrain),Quartzite/Schist (Observed at surface),1278,1660,1886,2673,3472,2689,1809.03,6.45,0
Background_8.0km_from_Grasty Manganese Mine,-79.38978,37.13242,Regional Country Rock (Geology associated with Virginia region),0 (Barren Background),Trace / Non-mineralized,Unmineralized Clay/Quartzite,Shady Dolomite / Antietam Fm,Cambrian,Synthetic Negative Sample for ML,N/A - Non-mine location,0 meters,0% (Background Terrain),Clay/Quartzite (Observed at surface),366,596,457,3458,1924,863,257.97,7.48,0
Background_8.7km_from_Grasty Manganese Mine,-79.38016,37.11079,Regional Country Rock (Geology associated with Virginia region),0 (Barren Background),Trace / Non-mineralized,Unmineralized Clay/Quartzite,Shady Dolomite / Antietam Fm,Cambrian,Synthetic Negative Sample for ML,N/A - Non-mine location,0 meters,0% (Background Terrain),Clay/Quartzite (Observed at surface),216,349,191,2691,1507,647,193.84,7.04,0
Background_6.7km_from_Grasty Manganese Mine,-79.30531,37.22349,Regional Country Rock (Geology associated with Virginia region),0 (Barren Background),Trace / Non-mineralized,Unmineralized Clay/Quartzite,Shady Dolomite / Antietam Fm,Cambrian,Synthetic Negative Sample for ML,N/A - Non-mine location,0 meters,0% (Background Terrain),Clay/Quartzite (Observed at surface),566,853,697,3918,2499,1284,219.42,8.36,0
Background_9.4km_from_Wilson Hill Mine,-81.93763,36.43822,Regional Country Rock (Geology associated with Tennessee region),0 (Barren Background),Trace / Non-mineralized,Unmineralized Chert/Clay,Shady Dolomite,Cambrian,Synthetic Negative Sample for ML,N/A - Non-mine location,0 meters,0% (Background Terrain),Chert/Clay (Observed at surface),360,615,748,2329,2606,1558,717.03,8.71,0
Background_6.4km_from_Wilson Hill Mine,-81.92264,36.33489,Regional Country Rock (Geology associated with Tennessee region),0 (Barren Background),Trace / Non-mineralized,Unmineralized Chert/Clay,Shady Dolomite,Cambrian,Synthetic Negative Sample for ML,N/A - Non-mine location,0 meters,0% (Background Terrain),Chert/Clay (Observed at surface),100,345,245,2058,1440,759,727.22,26.6,0
Background_8.9km_from_Wilson Hill Mine,-81.96258,36.34656,Regional Country Rock (Geology associated with Tennessee region),0 (Barren Background),Trace / Non-mineralized,Unmineralized Chert/Clay,Shady Dolomite,Cambrian,Synthetic Negative Sample for ML,N/A - Non-mine location,0 meters,0% (Background Terrain),Chert/Clay (Observed at surface),114,212,249,1103,1157,725,627.01,12.92,0
Background_7.6km_from_Stanley Mine,-78.42988,35.53993,Regional Country Rock (Geology associated with Virginia region),0 (Barren Background),Trace / Non-mineralized,Unmineralized Clay/Quartzite,Shady Dolomite / Antietam Fm,Cambrian,Synthetic Negative Sample for ML,N/A - Non-mine location,0 meters,0% (Background Terrain),Clay/Quartzite (Observed at surface),682,906,943,2164,2896,1962,63.28,2.57,0
Background_6.1km_from_Stanley Mine,-78.48458,35.61086,Regional Country Rock (Geology associated with Virginia region),0 (Barren Background),Trace / Non-mineralized,Unmineralized Clay/Quartzite,Shady Dolomite / Antietam Fm,Cambrian,Synthetic Negative Sample for ML,N/A - Non-mine location,0 meters,0% (Background Terrain),Clay/Quartzite (Observed at surface),310,351,248,1665,1924,1063,97.66,3.2,0
Background_6.9km_from_Stanley Mine,-78.54247,35.61631,Regional Country Rock (Geology associated with Virginia region),0 (Barren Background),Trace / Non-mineralized,Unmineralized Clay/Quartzite,Shady Dolomite / Antietam Fm,Cambrian,Synthetic Negative Sample for ML,N/A - Non-mine location,0 meters,0% (Background Terrain),Clay/Quartzite (Observed at surface),393,543,362,2432,1881,1114,70.08,3.04,0
Background_6.5km_from_Mt. Torry Tract,-79.03341,37.99586,Regional Country Rock (Geology associated with Virginia region),0 (Barren Background),Trace / Non-mineralized,Unmineralized Clay/Quartzite,Shady Dolomite / Antietam Fm,Cambrian,Synthetic Negative Sample for ML,N/A - Non-mine location,0 meters,0% (Background Terrain),Clay/Quartzite (Observed at surface),265,479,271,3062,1734,704,482.55,4.1,0
Background_6.9km_from_Mt. Torry Tract,-78.97852,37.88489,Regional Country Rock (Geology associated with Virginia region),0 (Barren Background),Trace / Non-mineralized,Unmineralized Clay/Quartzite,Shady Dolomite / Antietam Fm,Cambrian,Synthetic Negative Sample for ML,N/A - Non-mine location,0 meters,0% (Background Terrain),Clay/Quartzite (Observed at surface),188,342,212,3141,1756,816,577.58,13.87,0
Background_9.5km_from_Mt. Torry Tract,-79.07023,37.88119,Regional Country Rock (Geology associated with Virginia region),0 (Barren Background),Trace / Non-mineralized,Unmineralized Clay/Quartzite,Shady Dolomite / Antietam Fm,Cambrian,Synthetic Negative Sample for ML,N/A - Non-mine location,0 meters,0% (Background Terrain),Clay/Quartzite (Observed at surface),134,220,111,2334,1494,617,762.89,19.97,0
Background_6.6km_from_Vesuvius Mine,-79.09597,37.90109,Regional Country Rock (Geology associated with Virginia region),0 (Barren Background),Trace / Non-mineralized,Unmineralized Clay/Quartzite,Shady Dolomite / Antietam Fm,Cambrian,Synthetic Negative Sample for ML,N/A - Non-mine location,0 meters,0% (Background Terrain),Clay/Quartzite (Observed at surface),203,428,181,3866,1722,682,900.41,8.88,0
Background_6.6km_from_Vesuvius Mine,-79.13136,37.91974,Regional Country Rock (Geology associated with Virginia region),0 (Barren Background),Trace / Non-mineralized,Unmineralized Clay/Quartzite,Shady Dolomite / Antietam Fm,Cambrian,Synthetic Negative Sample for ML,N/A - Non-mine location,0 meters,0% (Background Terrain),Clay/Quartzite (Observed at surface),307,571,223,4803,2187,894,773.54,33.27,0
Background_9.5km_from_Vesuvius Mine,-79.18316,37.95813,Regional Country Rock (Geology associated with Virginia region),0 (Barren Background),Trace / Non-mineralized,Unmineralized Clay/Quartzite,Shady Dolomite / Antietam Fm,Cambrian,Synthetic Negative Sample for ML,N/A - Non-mine location,0 meters,0% (Background Terrain),Clay/Quartzite (Observed at surface),418,714,618,3944,2911,1657,548.58,5.2,0
Background_7.6km_from_Crimora Mine,-78.89055,38.17728,Regional Country Rock (Geology associated with Virginia region),0 (Barren Background),Trace / Non-mineralized,Unmineralized Clay/Quartzite,Shady Dolomite / Antietam Fm,Cambrian,Synthetic Negative Sample for ML,N/A - Non-mine location,0 meters,0% (Background Terrain),Clay/Quartzite (Observed at surface),532,876,822,3382,3147,1758,393.46,4.53,0
Background_8.4km_from_Crimora Mine,-78.90754,38.16560,Regional Country Rock (Geology associated with Virginia region),0 (Barren Background),Trace / Non-mineralized,Unmineralized Clay/Quartzite,Shady Dolomite / Antietam Fm,Cambrian,Synthetic Negative Sample for ML,N/A - Non-mine location,0 meters,0% (Background Terrain),Clay/Quartzite (Observed at surface),336,710,342,4390,2355,1075,382.72,3.51,0
Background_8.3km_from_Crimora Mine,-78.73360,38.10586,Regional Country Rock (Geology associated with Virginia region),0 (Barren Background),Trace / Non-mineralized,Unmineralized Clay/Quartzite,Shady Dolomite / Antietam Fm,Cambrian,Synthetic Negative Sample for ML,N/A - Non-mine location,0 meters,0% (Background Terrain),Clay/Quartzite (Observed at surface),184,339,167,3382,1456,597,859.97,18.97,0
Background_5.8km_from_Susan Brummet Mine,-82.29878,36.26588,Regional Country Rock (Geology associated with Tennessee region),0 (Barren Background),Trace / Non-mineralized,Unmineralized Chert/Clay,Shady Dolomite,Cambrian,Synthetic Negative Sample for ML,N/A - Non-mine location,0 meters,0% (Background Terrain),Chert/Clay (Observed at surface),606,860,1040,2814,2516,1674,545.76,13.16,0
Background_7.5km_from_Susan Brummet Mine,-82.23869,36.25611,Regional Country Rock (Geology associated with Tennessee region),0 (Barren Background),Trace / Non-mineralized,Unmineralized Chert/Clay,Shady Dolomite,Cambrian,Synthetic Negative Sample for ML,N/A - Non-mine location,0 meters,0% (Background Terrain),Chert/Clay (Observed at surface),580,770,898,1826,2039,1478,679.11,12.61,0
Background_6.7km_from_Susan Brummet Mine,-82.30704,36.15455,Regional Country Rock (Geology associated with Tennessee region),0 (Barren Background),Trace / Non-mineralized,Unmineralized Chert/Clay,Shady Dolomite,Cambrian,Synthetic Negative Sample for ML,N/A - Non-mine location,0 meters,0% (Background Terrain),Chert/Clay (Observed at surface),357,426,456,1351,1374,1083,941.48,16.13,0
Background_5.6km_from_Mineral Ridge Mine,-78.45890,38.99371,Regional Country Rock (Geology associated with Virginia region),0 (Barren Background),Trace / Non-mineralized,Unmineralized Clay/Quartzite,Shady Dolomite / Antietam Fm,Cambrian,Synthetic Negative Sample for ML,N/A - Non-mine location,0 meters,0% (Background Terrain),Clay/Quartzite (Observed at surface),242,374,240,3204,1775,806,359.07,6.16,0
Background_9.5km_from_Mineral Ridge Mine,-78.47906,39.12368,Regional Country Rock (Geology associated with Virginia region),0 (Barren Background),Trace / Non-mineralized,Unmineralized Clay/Quartzite,Shady Dolomite / Antietam Fm,Cambrian,Synthetic Negative Sample for ML,N/A - Non-mine location,0 meters,0% (Background Terrain),Clay/Quartzite (Observed at surface),240,505,223,4410,1967,859,491.37,9.84,0
Background_8.0km_from_Mineral Ridge Mine,-78.57926,39.04137,Regional Country Rock (Geology associated with Virginia region),0 (Barren Background),Trace / Non-mineralized,Unmineralized Clay/Quartzite,Shady Dolomite / Antietam Fm,Cambrian,Synthetic Negative Sample for ML,N/A - Non-mine location,0 meters,0% (Background Terrain),Clay/Quartzite (Observed at surface),204,434,199,3940,1805,764,529.72,15.8,0
Background_9.2km_from_Piedmont Manganese Mine,-78.93761,37.38558,Regional Country Rock (Geology associated with Virginia region),0 (Barren Background),Trace / Non-mineralized,Unmineralized Clay/Quartzite,Shady Dolomite / Antietam Fm,Cambrian,Synthetic Negative Sample for ML,N/A - Non-mine location,0 meters,0% (Background Terrain),Clay/Quartzite (Observed at surface),191,425,184,3707,0,721,211.54,13.34,0
Background_5.9km_from_Piedmont Manganese Mine,-79.08249,37.40955,Regional Country Rock (Geology associated with Virginia region),0 (Barren Background),Trace / Non-mineralized,Unmineralized Clay/Quartzite,Shady Dolomite / Antietam Fm,Cambrian,Synthetic Negative Sample for ML,N/A - Non-mine location,0 meters,0% (Background Terrain),Clay/Quartzite (Observed at surface),424,846,500,4783,2013,1046,209.3,6.66,0
Background_9.3km_from_Piedmont Manganese Mine,-79.12487,37.41756,Regional Country Rock (Geology associated with Virginia region),0 (Barren Background),Trace / Non-mineralized,Unmineralized Clay/Quartzite,Shady Dolomite / Antietam Fm,Cambrian,Synthetic Negative Sample for ML,N/A - Non-mine location,0 meters,0% (Background Terrain),Clay/Quartzite (Observed at surface),213,375,186,2963,1588,724,224.7,12.13,0
Background_5.6km_from_Gamer Propert,-110.66462,30.72774,Regional Country Rock (Hydrothermal/Sedimentary Deposit),0 (Barren Background),Trace / Non-mineralized,Unmineralized Quartzite/Schist,Local Metamorphic/Sedimentary Sequence,Phanerozoic,Synthetic Negative Sample for ML,N/A - Non-mine location,0 meters,0% (Background Terrain),Quartzite/Schist (Observed at surface),667,981,1113,2712,2690,1782,1172.01,16.42,0
Background_7.1km_from_Gamer Propert,-110.64904,30.77579,Regional Country Rock (Hydrothermal/Sedimentary Deposit),0 (Barren Background),Trace / Non-mineralized,Unmineralized Quartzite/Schist,Local Metamorphic/Sedimentary Sequence,Phanerozoic,Synthetic Negative Sample for ML,N/A - Non-mine location,0 meters,0% (Background Terrain),Quartzite/Schist (Observed at surface),638,740,474,4763,2822,1433,1274.38,21.15,0
Background_6.9km_from_Gamer Propert,-110.65775,30.71538,Regional Country Rock (Hydrothermal/Sedimentary Deposit),0 (Barren Background),Trace / Non-mineralized,Unmineralized Quartzite/Schist,Local Metamorphic/Sedimentary Sequence,Phanerozoic,Synthetic Negative Sample for ML,N/A - Non-mine location,0 meters,0% (Background Terrain),Quartzite/Schist (Observed at surface),825,1175,1443,3245,3279,2211,1272.69,18.52,0
Background_8.1km_from_Pichacho de la Candela,-105.62745,25.43761,Regional Country Rock (Geology associated with Durango region),0 (Barren Background),Trace / Non-mineralized,Unmineralized Andesite/Rhyolite,Lower Volcanic Supergroup,Eocene-Oligocene,Synthetic Negative Sample for ML,N/A - Non-mine location,0 meters,0% (Background Terrain),Andesite/Rhyolite (Observed at surface),1079,1317,1586,3198,3390,2368,2755.32,23.12,0
Background_7.9km_from_Pichacho de la Candela,-105.62891,25.42547,Regional Country Rock (Geology associated with Durango region),0 (Barren Background),Trace / Non-mineralized,Unmineralized Andesite/Rhyolite,Lower Volcanic Supergroup,Eocene-Oligocene,Synthetic Negative Sample for ML,N/A - Non-mine location,0 meters,0% (Background Terrain),Andesite/Rhyolite (Observed at surface),563,809,700,2903,2629,1589,2561.94,24.93,0
Background_7.8km_from_Pichacho de la Candela,-105.57876,25.35132,Regional Country Rock (Geology associated with Durango region),0 (Barren Background),Trace / Non-mineralized,Unmineralized Andesite/Rhyolite,Lower Volcanic Supergroup,Eocene-Oligocene,Synthetic Negative Sample for ML,N/A - Non-mine location,0 meters,0% (Background Terrain),Andesite/Rhyolite (Observed at surface),6860,6392,6147,6470,5333,4625,2791.42,26.15,0
Background_5.3km_from_Gavilan Mine,-116.15375,32.21251,Regional Country Rock (Geology associated with Baja region),0 (Barren Background),Trace / Non-mineralized,Unmineralized Tuffaceous Sandstone,Comondu Group,Miocene,Synthetic Negative Sample for ML,N/A - Non-mine location,0 meters,0% (Background Terrain),Tuffaceous Sandstone (Observed at surface),818,1110,1434,2144,2970,2541,1312.48,6.25,0
Background_6.7km_from_Gavilan Mine,-116.13642,32.22046,Regional Country Rock (Geology associated with Baja region),0 (Barren Background),Trace / Non-mineralized,Unmineralized Tuffaceous Sandstone,Comondu Group,Miocene,Synthetic Negative Sample for ML,N/A - Non-mine location,0 meters,0% (Background Terrain),Tuffaceous Sandstone (Observed at surface),771,1074,1417,2338,2997,2480,1408.87,16.65,0
Background_10.0km_from_Gavilan Mine,-116.10993,32.09131,Regional Country Rock (Geology associated with Baja region),0 (Barren Background),Trace / Non-mineralized,Unmineralized Tuffaceous Sandstone,Comondu Group,Miocene,Synthetic Negative Sample for ML,N/A - Non-mine location,0 meters,0% (Background Terrain),Tuffaceous Sandstone (Observed at surface),535,736,870,1653,2481,1779,1446.17,6.2,0
Background_9.8km_from_Owl Holes Deposit,-116.60306,35.60649,Regional Country Rock (Geology associated with San Bernardino region),0 (Barren Background),Trace / Non-mineralized,Unmineralized Fanglomerate/Volcanics,Local Tertiary Volcanics,Miocene,Synthetic Negative Sample for ML,N/A - Non-mine location,0 meters,0% (Background Terrain),Fanglomerate/Volcanics (Observed at surface),1461,0,2112,2262,2950,2653,698.16,14.01,0
Background_6.9km_from_Owl Holes Deposit,-116.64987,35.69684,Regional Country Rock (Geology associated with San Bernardino region),0 (Barren Background),Trace / Non-mineralized,Unmineralized Fanglomerate/Volcanics,Local Tertiary Volcanics,Miocene,Synthetic Negative Sample for ML,N/A - Non-mine location,0 meters,0% (Background Terrain),Fanglomerate/Volcanics (Observed at surface),1332,1661,2014,2456,3311,3090,719.39,16.49,0
Background_9.9km_from_Owl Holes Deposit,-116.66862,35.56287,Regional Country Rock (Geology associated with San Bernardino region),0 (Barren Background),Trace / Non-mineralized,Unmineralized Fanglomerate/Volcanics,Local Tertiary Volcanics,Miocene,Synthetic Negative Sample for ML,N/A - Non-mine location,0 meters,0% (Background Terrain),Fanglomerate/Volcanics (Observed at surface),1771,2445,3167,3613,4567,3973,654.83,2.0,0
Background_7.0km_from_Arlington-Blackjack Mine,-114.91454,33.76454,Regional Country Rock (Geology associated with Riverside region),0 (Barren Background),Trace / Non-mineralized,Unmineralized Fanglomerate/Volcanics,Local Tertiary Volcanics,Miocene,Synthetic Negative Sample for ML,N/A - Non-mine location,0 meters,0% (Background Terrain),Fanglomerate/Volcanics (Observed at surface),778,927,1030,1076,1683,1516,681.11,28.43,0
Background_5.5km_from_Arlington-Blackjack Mine,-114.97954,33.85744,Regional Country Rock (Geology associated with Riverside region),0 (Barren Background),Trace / Non-mineralized,Unmineralized Fanglomerate/Volcanics,Local Tertiary Volcanics,Miocene,Synthetic Negative Sample for ML,N/A - Non-mine location,0 meters,0% (Background Terrain),Fanglomerate/Volcanics (Observed at surface),1860,2401,2866,3101,4342,4001,285.87,0.76,0
Background_5.7km_from_Arlington-Blackjack Mine,-114.99422,33.83684,Regional Country Rock (Geology associated with Riverside region),0 (Barren Background),Trace / Non-mineralized,Unmineralized Fanglomerate/Volcanics,Local Tertiary Volcanics,Miocene,Synthetic Negative Sample for ML,N/A - Non-mine location,0 meters,0% (Background Terrain),Fanglomerate/Volcanics (Observed at surface),1505,1935,2408,2822,3584,2815,263.73,1.31,0
Background_9.4km_from_New Ross Manganese Mine,-64.56300,44.84595,Regional Country Rock (Geology associated with Nova Scotia region),0 (Barren Background),Trace / Non-mineralized,Unmineralized Limestone/Shale,Macumber Formation / Windsor Group,Carboniferous,Synthetic Negative Sample for ML,N/A - Non-mine location,0 meters,0% (Background Terrain),Limestone/Shale (Observed at surface),0,483,229,3108,1059,426,253.73,3.16,0
Background_7.7km_from_New Ross Manganese Mine,-64.43446,44.92045,Regional Country Rock (Geology associated with Nova Scotia region),0 (Barren Background),Trace / Non-mineralized,Unmineralized Limestone/Shale,Macumber Formation / Windsor Group,Carboniferous,Synthetic Negative Sample for ML,N/A - Non-mine location,0 meters,0% (Background Terrain),Limestone/Shale (Observed at surface),230,486,232,3274,1138,424,209.06,5.19,0
Background_5.8km_from_New Ross Manganese Mine,-64.49966,44.81654,Regional Country Rock (Geology associated with Nova Scotia region),0 (Barren Background),Trace / Non-mineralized,Unmineralized Limestone/Shale,Macumber Formation / Windsor Group,Carboniferous,Synthetic Negative Sample for ML,N/A - Non-mine location,0 meters,0% (Background Terrain),Limestone/Shale (Observed at surface),206,495,215,3525,1689,691,216.7,4.05,0
Background_6.8km_from_Stephen's Manganese Mine,-61.94530,45.18326,Regional Country Rock (Geology associated with Nova Scotia region),0 (Barren Background),Trace / Non-mineralized,Unmineralized Limestone/Shale,Macumber Formation / Windsor Group,Carboniferous,Synthetic Negative Sample for ML,N/A - Non-mine location,0 meters,0% (Background Terrain),Limestone/Shale (Observed at surface),0,0,0,0,0,0,127.91,2.65,0
Background_6.8km_from_Stephen's Manganese Mine,-62.02657,45.16083,Regional Country Rock (Geology associated with Nova Scotia region),0 (Barren Background),Trace / Non-mineralized,Unmineralized Limestone/Shale,Macumber Formation / Windsor Group,Carboniferous,Synthetic Negative Sample for ML,N/A - Non-mine location,0 meters,0% (Background Terrain),Limestone/Shale (Observed at surface),240,425,231,2357,1046,462,81.35,7.26,0
Background_8.1km_from_Stephen's Manganese Mine,-62.04433,45.29070,Regional Country Rock (Geology associated with Nova Scotia region),0 (Barren Background),Trace / Non-mineralized,Unmineralized Limestone/Shale,Macumber Formation / Windsor Group,Carboniferous,Synthetic Negative Sample for ML,N/A - Non-mine location,0 meters,0% (Background Terrain),Limestone/Shale (Observed at surface),195,371,175,2842,1084,447,46.6,4.51,0
Background_6.1km_from_Los Hoyos,-64.12815,-29.80988,Regional Country Rock (Geology associated with Argentina region),0 (Barren Background),Trace / Non-mineralized,Unmineralized Granite/Pegmatite,Sierras Pampeanas Basement,Neoproterozoic,Synthetic Negative Sample for ML,N/A - Non-mine location,0 meters,0% (Background Terrain),Granite/Pegmatite (Observed at surface),440,576,740,1335,2079,1511,685.09,10.22,0
Background_8.2km_from_Los Hoyos,-64.05317,-29.81936,Regional Country Rock (Geology associated with Argentina region),0 (Barren Background),Trace / Non-mineralized,Unmineralized Granite/Pegmatite,Sierras Pampeanas Basement,Neoproterozoic,Synthetic Negative Sample for ML,N/A - Non-mine location,0 meters,0% (Background Terrain),Granite/Pegmatite (Observed at surface),410,0,608,1236,2035,1574,686.49,3.04,0
Background_9.3km_from_Los Hoyos,-64.15203,-29.94296,Regional Country Rock (Geology associated with Argentina region),0 (Barren Background),Trace / Non-mineralized,Unmineralized Granite/Pegmatite,Sierras Pampeanas Basement,Neoproterozoic,Synthetic Negative Sample for ML,N/A - Non-mine location,0 meters,0% (Background Terrain),Granite/Pegmatite (Observed at surface),435,556,732,1497,2467,1910,810.09,4.62,0
Background_8.4km_from_Santa Cruz Mine,-68.33047,-36.02614,Regional Country Rock (Geology associated with Argentina region),0 (Barren Background),Trace / Non-mineralized,Unmineralized Granite/Pegmatite,Sierras Pampeanas Basement,Neoproterozoic,Synthetic Negative Sample for ML,N/A - Non-mine location,0 meters,0% (Background Terrain),Granite/Pegmatite (Observed at surface),648,873,1227,1649,2182,1855,1212.59,12.74,0
Background_9.8km_from_Santa Cruz Mine,-68.40868,-35.87884,Regional Country Rock (Geology associated with Argentina region),0 (Barren Background),Trace / Non-mineralized,Unmineralized Granite/Pegmatite,Sierras Pampeanas Basement,Neoproterozoic,Synthetic Negative Sample for ML,N/A - Non-mine location,0 meters,0% (Background Terrain),Granite/Pegmatite (Observed at surface),2800,2964,3198,3264,1386,1055,1789.39,7.33,0
Background_5.9km_from_Santa Cruz Mine,-68.44126,-35.94007,Regional Country Rock (Geology associated with Argentina region),0 (Barren Background),Trace / Non-mineralized,Unmineralized Granite/Pegmatite,Sierras Pampeanas Basement,Neoproterozoic,Synthetic Negative Sample for ML,N/A - Non-mine location,0 meters,0% (Background Terrain),Granite/Pegmatite (Observed at surface),676,880,1113,1367,2150,1843,1613.49,1.82,0
Background_8.5km_from_Argentina,-64.87067,-40.72168,Regional Country Rock (Geology associated with Argentina region),0 (Barren Background),Trace / Non-mineralized,Unmineralized Granite/Pegmatite,Sierras Pampeanas Basement,Neoproterozoic,Synthetic Negative Sample for ML,N/A - Non-mine location,0 meters,0% (Background Terrain),Granite/Pegmatite (Observed at surface),166,331,351,662,541,389,1.04,1.58,0
Background_9.9km_from_Argentina,-65.07936,-40.77043,Regional Country Rock (Geology associated with Argentina region),0 (Barren Background),Trace / Non-mineralized,Unmineralized Granite/Pegmatite,Sierras Pampeanas Basement,Neoproterozoic,Synthetic Negative Sample for ML,N/A - Non-mine location,0 meters,0% (Background Terrain),Granite/Pegmatite (Observed at surface),303,515,590,1328,1714,1394,53.12,1.58,0
Background_7.9km_from_Argentina,-64.97267,-40.67706,Regional Country Rock (Geology associated with Argentina region),0 (Barren Background),Trace / Non-mineralized,Unmineralized Granite/Pegmatite,Sierras Pampeanas Basement,Neoproterozoic,Synthetic Negative Sample for ML,N/A - Non-mine location,0 meters,0% (Background Terrain),Granite/Pegmatite (Observed at surface),406,638,739,1602,1784,1401,26.92,1.11,0
"Background_8.4km_from_""La Santiagueña""",-64.11485,-29.47078,Regional Country Rock (Geology associated with Argentina region),0 (Barren Background),Trace / Non-mineralized,Unmineralized Granite/Pegmatite,Sierras Pampeanas Basement,Neoproterozoic,Synthetic Negative Sample for ML,N/A - Non-mine location,0 meters,0% (Background Terrain),Granite/Pegmatite (Observed at surface),526,666,884,1351,2427,1921,320.81,4.27,0
"Background_6.3km_from_""La Santiagueña""",-63.99341,-29.49285,Regional Country Rock (Geology associated with Argentina region),0 (Barren Background),Trace / Non-mineralized,Unmineralized Granite/Pegmatite,Sierras Pampeanas Basement,Neoproterozoic,Synthetic Negative Sample for ML,N/A - Non-mine location,0 meters,0% (Background Terrain),Granite/Pegmatite (Observed at surface),565,692,908,1526,2227,1844,427.58,1.65,0
"Background_7.3km_from_""La Santiagueña""",-64.10682,-29.45721,Regional Country Rock (Geology associated with Argentina region),0 (Barren Background),Trace / Non-mineralized,Unmineralized Granite/Pegmatite,Sierras Pampeanas Basement,Neoproterozoic,Synthetic Negative Sample for ML,N/A - Non-mine location,0 meters,0% (Background Terrain),Granite/Pegmatite (Observed at surface),481,653,743,1616,2020,1462,310.81,0.99,0
Background_8.8km_from_Pirika Mine,140.27535,42.46161,Regional Country Rock (Geology associated with Hokkaido region),0 (Barren Background),Trace / Non-mineralized,Unmineralized Green Tuff/Mudstone,Kunnui Formation,Miocene,Synthetic Negative Sample for ML,N/A - Non-mine location,0 meters,0% (Background Terrain),Green Tuff/Mudstone (Observed at surface),268,604,259,4075,2161,949,24.65,1.97,0
Background_9.8km_from_Pirika Mine,140.11911,42.56947,Regional Country Rock (Geology associated with Hokkaido region),0 (Barren Background),Trace / Non-mineralized,Unmineralized Green Tuff/Mudstone,Kunnui Formation,Miocene,Synthetic Negative Sample for ML,N/A - Non-mine location,0 meters,0% (Background Terrain),Green Tuff/Mudstone (Observed at surface),384,760,306,6621,3172,1347,415.7,32.3,0
Background_9.7km_from_Pirika Mine,140.12489,42.57055,Regional Country Rock (Geology associated with Hokkaido region),0 (Barren Background),Trace / Non-mineralized,Unmineralized Green Tuff/Mudstone,Kunnui Formation,Miocene,Synthetic Negative Sample for ML,N/A - Non-mine location,0 meters,0% (Background Terrain),Green Tuff/Mudstone (Observed at surface),367,692,366,4321,2071,972,450.65,33.16,0
Background_6.8km_from_Tanaka Manganese Mine,139.88191,42.27930,Regional Country Rock (Geology associated with Hokkaido region),0 (Barren Background),Trace / Non-mineralized,Unmineralized Green Tuff/Mudstone,Kunnui Formation,Miocene,Synthetic Negative Sample for ML,N/A - Non-mine location,0 meters,0% (Background Terrain),Green Tuff/Mudstone (Observed at surface),2174,1951,1794,3440,2307,1621,284.7,14.92,0
Background_6.7km_from_Tanaka Manganese Mine,139.96360,42.33574,Regional Country Rock (Geology associated with Hokkaido region),0 (Barren Background),Trace / Non-mineralized,Unmineralized Green Tuff/Mudstone,Kunnui Formation,Miocene,Synthetic Negative Sample for ML,N/A - Non-mine location,0 meters,0% (Background Terrain),Green Tuff/Mudstone (Observed at surface),506,782,536,4353,2320,1149,185.74,11.3,0
Background_6.3km_from_Tanaka Manganese Mine,139.92395,42.38820,Regional Country Rock (Geology associated with Hokkaido region),0 (Barren Background),Trace / Non-mineralized,Unmineralized Green Tuff/Mudstone,Kunnui Formation,Miocene,Synthetic Negative Sample for ML,N/A - Non-mine location,0 meters,0% (Background Terrain),Green Tuff/Mudstone (Observed at surface),373,792,435,4338,2449,1311,135.46,2.46,0
Background_8.5km_from_Oshima Mine,140.20549,41.51558,Regional Country Rock (Geology associated with Hokkaido region),0 (Barren Background),Trace / Non-mineralized,Unmineralized Green Tuff/Mudstone,Kunnui Formation,Miocene,Synthetic Negative Sample for ML,N/A - Non-mine location,0 meters,0% (Background Terrain),Green Tuff/Mudstone (Observed at surface),201,391,202,3923,1824,765,284.66,26.4,0
Background_8.1km_from_Oshima Mine,140.26231,41.51652,Regional Country Rock (Geology associated with Hokkaido region),0 (Barren Background),Trace / Non-mineralized,Unmineralized Green Tuff/Mudstone,Kunnui Formation,Miocene,Synthetic Negative Sample for ML,N/A - Non-mine location,0 meters,0% (Background Terrain),Green Tuff/Mudstone (Observed at surface),227,416,243,2939,1457,644,220.44,12.73,0
Background_7.6km_from_Oshima Mine,140.16403,41.62297,Regional Country Rock (Geology associated with Hokkaido region),0 (Barren Background),Trace / Non-mineralized,Unmineralized Green Tuff/Mudstone,Kunnui Formation,Miocene,Synthetic Negative Sample for ML,N/A - Non-mine location,0 meters,0% (Background Terrain),Green Tuff/Mudstone (Observed at surface),226,439,305,3657,1741,745,385.31,27.33,0
Background_8.1km_from_Otaru-Matsukura Mine,140.93271,43.04337,Regional Country Rock (Geology associated with Hokkaido region),0 (Barren Background),Trace / Non-mineralized,Unmineralized Green Tuff/Mudstone,Kunnui Formation,Miocene,Synthetic Negative Sample for ML,N/A - Non-mine location,0 meters,0% (Background Terrain),Green Tuff/Mudstone (Observed at surface),184,402,232,4453,1998,814,829.14,14.44,0
Background_8.5km_from_Otaru-Matsukura Mine,141.04733,43.16214,Regional Country Rock (Geology associated with Hokkaido region),0 (Barren Background),Trace / Non-mineralized,Unmineralized Green Tuff/Mudstone,Kunnui Formation,Miocene,Synthetic Negative Sample for ML,N/A - Non-mine location,0 meters,0% (Background Terrain),Green Tuff/Mudstone (Observed at surface),621,598,588,1975,1580,1302,62.04,5.2,0
Background_9.0km_from_Otaru-Matsukura Mine,141.07839,43.09163,Regional Country Rock (Geology associated with Hokkaido region),0 (Barren Background),Trace / Non-mineralized,Unmineralized Green Tuff/Mudstone,Kunnui Formation,Miocene,Synthetic Negative Sample for ML,N/A - Non-mine location,0 meters,0% (Background Terrain),Green Tuff/Mudstone (Observed at surface),172,363,179,4312,1655,609,764.29,9.89,0
Background_8.3km_from_Wakasa Mine,143.70784,44.02297,Regional Country Rock (Geology associated with Hokkaido region),0 (Barren Background),Trace / Non-mineralized,Unmineralized Green Tuff/Mudstone,Kunnui Formation,Miocene,Synthetic Negative Sample for ML,N/A - Non-mine location,0 meters,0% (Background Terrain),Green Tuff/Mudstone (Observed at surface),483,789,701,3521,2569,1570,124.7,9.51,0
Background_7.9km_from_Wakasa Mine,143.71366,43.88255,Regional Country Rock (Geology associated with Hokkaido region),0 (Barren Background),Trace / Non-mineralized,Unmineralized Green Tuff/Mudstone,Kunnui Formation,Miocene,Synthetic Negative Sample for ML,N/A - Non-mine location,0 meters,0% (Background Terrain),Green Tuff/Mudstone (Observed at surface),367,548,617,2275,1595,1049,550.79,18.27,0
Background_7.1km_from_Wakasa Mine,143.68314,43.88662,Regional Country Rock (Geology associated with Hokkaido region),0 (Barren Background),Trace / Non-mineralized,Unmineralized Green Tuff/Mudstone,Kunnui Formation,Miocene,Synthetic Negative Sample for ML,N/A - Non-mine location,0 meters,0% (Background Terrain),Green Tuff/Mudstone (Observed at surface),246,330,350,1884,1356,871,306.15,17.9,0
Background_8.9km_from_Meppu Mine,140.06529,42.38171,Regional Country Rock (Geology associated with Hokkaido region),0 (Barren Background),Trace / Non-mineralized,Unmineralized Green Tuff/Mudstone,Kunnui Formation,Miocene,Synthetic Negative Sample for ML,N/A - Non-mine location,0 meters,0% (Background Terrain),Green Tuff/Mudstone (Observed at surface),218,471,249,3506,1856,827,48.92,16.22,0
Background_6.6km_from_Meppu Mine,140.17835,42.43477,Regional Country Rock (Geology associated with Hokkaido region),0 (Barren Background),Trace / Non-mineralized,Unmineralized Green Tuff/Mudstone,Kunnui Formation,Miocene,Synthetic Negative Sample for ML,N/A - Non-mine location,0 meters,0% (Background Terrain),Green Tuff/Mudstone (Observed at surface),217,450,202,3782,1849,743,147.86,13.51,0
Background_5.2km_from_Meppu Mine,140.09937,42.40979,Regional Country Rock (Geology associated with Hokkaido region),0 (Barren Background),Trace / Non-mineralized,Unmineralized Green Tuff/Mudstone,Kunnui Formation,Miocene,Synthetic Negative Sample for ML,N/A - Non-mine location,0 meters,0% (Background Terrain),Green Tuff/Mudstone (Observed at surface),308,581,343,3750,1754,816,27.85,3.78,0
Background_7.5km_from_Kembang Mine,110.20420,-7.84467,Regional Country Rock (Hydrothermal/Sedimentary Deposit),0 (Barren Background),Trace / Non-mineralized,Unmineralized Quartzite/Schist,Local Metamorphic/Sedimentary Sequence,Phanerozoic,Synthetic Negative Sample for ML,N/A - Non-mine location,0 meters,0% (Background Terrain),Quartzite/Schist (Observed at surface),500,641,471,3004,2150,1324,41.16,5.33,0
Background_8.2km_from_Kembang Mine,110.24290,-7.71803,Regional Country Rock (Hydrothermal/Sedimentary Deposit),0 (Barren Background),Trace / Non-mineralized,Unmineralized Quartzite/Schist,Local Metamorphic/Sedimentary Sequence,Phanerozoic,Synthetic Negative Sample for ML,N/A - Non-mine location,0 meters,0% (Background Terrain),Quartzite/Schist (Observed at surface),606,837,758,2789,2364,1524,115.8,3.59,0
Background_5.5km_from_Kembang Mine,110.15092,-7.78800,Regional Country Rock (Hydrothermal/Sedimentary Deposit),0 (Barren Background),Trace / Non-mineralized,Unmineralized Quartzite/Schist,Local Metamorphic/Sedimentary Sequence,Phanerozoic,Synthetic Negative Sample for ML,N/A - Non-mine location,0 meters,0% (Background Terrain),Quartzite/Schist (Observed at surface),442,591,424,3767,1953,950,144.58,18.06,0
Background_7.8km_from_Karangnunggal Mine,108.06145,-7.63122,Regional Country Rock (Hydrothermal/Sedimentary Deposit),0 (Barren Background),Trace / Non-mineralized,Unmineralized Quartzite/Schist,Local Metamorphic/Sedimentary Sequence,Phanerozoic,Synthetic Negative Sample for ML,N/A - Non-mine location,0 meters,0% (Background Terrain),Quartzite/Schist (Observed at surface),231,390,164,3254,1355,586,276.22,24.46,0
Background_9.6km_from_Karangnunggal Mine,107.91264,-7.59324,Regional Country Rock (Hydrothermal/Sedimentary Deposit),0 (Barren Background),Trace / Non-mineralized,Unmineralized Quartzite/Schist,Local Metamorphic/Sedimentary Sequence,Phanerozoic,Synthetic Negative Sample for ML,N/A - Non-mine location,0 meters,0% (Background Terrain),Quartzite/Schist (Observed at surface),327,583,557,2268,1268,731,270.36,16.33,0
Background_6.3km_from_Karangnunggal Mine,108.05032,-7.62358,Regional Country Rock (Hydrothermal/Sedimentary Deposit),0 (Barren Background),Trace / Non-mineralized,Unmineralized Quartzite/Schist,Local Metamorphic/Sedimentary Sequence,Phanerozoic,Synthetic Negative Sample for ML,N/A - Non-mine location,0 meters,0% (Background Terrain),Quartzite/Schist (Observed at surface),355,659,350,4741,2092,884,349.44,19.05,0
Background_7.1km_from_Buenaventura,-106.77803,29.63652,Regional Country Rock (Geology associated with Chihuahua region),0 (Barren Background),Trace / Non-mineralized,Unmineralized Rhyolite,Tertiary Volcanics,Oligocene,Synthetic Negative Sample for ML,N/A - Non-mine location,0 meters,0% (Background Terrain),Rhyolite (Observed at surface),641,883,1066,2004,3063,2219,1915.97,9.56,0
Background_6.4km_from_Buenaventura,-106.79516,29.75641,Regional Country Rock (Geology associated with Chihuahua region),0 (Barren Background),Trace / Non-mineralized,Unmineralized Rhyolite,Tertiary Volcanics,Oligocene,Synthetic Negative Sample for ML,N/A - Non-mine location,0 meters,0% (Background Terrain),Rhyolite (Observed at surface),770,1026,1233,2529,2806,2206,1643.5,10.79,0
Background_7.2km_from_Buenaventura,-106.72287,29.71980,Regional Country Rock (Geology associated with Chihuahua region),0 (Barren Background),Trace / Non-mineralized,Unmineralized Rhyolite,Tertiary Volcanics,Oligocene,Synthetic Negative Sample for ML,N/A - Non-mine location,0 meters,0% (Background Terrain),Rhyolite (Observed at surface),710,949,1235,2367,3255,2766,1583.83,10.43,0
Background_6.5km_from_Blythe Manganese Deposit,-121.11822,39.59820,Regional Country Rock (Geology associated with Riverside region),0 (Barren Background),Trace / Non-mineralized,Unmineralized Fanglomerate/Volcanics,Local Tertiary Volcanics,Miocene,Synthetic Negative Sample for ML,N/A - Non-mine location,0 meters,0% (Background Terrain),Fanglomerate/Volcanics (Observed at surface),302,524,433,2936,1147,550,1181.93,12.44,0
Background_6.2km_from_Blythe Manganese Deposit,-121.10413,39.51219,Regional Country Rock (Geology associated with Riverside region),0 (Barren Background),Trace / Non-mineralized,Unmineralized Fanglomerate/Volcanics,Local Tertiary Volcanics,Miocene,Synthetic Negative Sample for ML,N/A - Non-mine location,0 meters,0% (Background Terrain),Fanglomerate/Volcanics (Observed at surface),262,468,292,3318,1040,427,1089.34,13.62,0
Background_6.1km_from_Blythe Manganese Deposit,-121.22132,39.57508,Regional Country Rock (Geology associated with Riverside region),0 (Barren Background),Trace / Non-mineralized,Unmineralized Fanglomerate/Volcanics,Local Tertiary Volcanics,Miocene,Synthetic Negative Sample for ML,N/A - Non-mine location,0 meters,0% (Background Terrain),Fanglomerate/Volcanics (Observed at surface),557,729,1033,2163,2637,1759,946.57,8.73,0
Background_9.7km_from_Ramboz Mine,-110.81919,33.53428,Regional Country Rock (Geology associated with Globe region),0 (Barren Background),Trace / Non-mineralized,Unmineralized Diabase/Limestone,Apache Group,Precambrian,Synthetic Negative Sample for ML,N/A - Non-mine location,0 meters,0% (Background Terrain),Diabase/Limestone (Observed at surface),789,1113,1443,2162,3057,2311,1175.4,14.99,0
Background_6.2km_from_Ramboz Mine,-110.70881,33.47228,Regional Country Rock (Geology associated with Globe region),0 (Barren Background),Trace / Non-mineralized,Unmineralized Diabase/Limestone,Apache Group,Precambrian,Synthetic Negative Sample for ML,N/A - Non-mine location,0 meters,0% (Background Terrain),Diabase/Limestone (Observed at surface),665,1072,1663,2411,3478,2889,1380.3,11.03,0
Background_9.6km_from_Ramboz Mine,-110.69940,33.39532,Regional Country Rock (Geology associated with Globe region),0 (Barren Background),Trace / Non-mineralized,Unmineralized Diabase/Limestone,Apache Group,Precambrian,Synthetic Negative Sample for ML,N/A - Non-mine location,0 meters,0% (Background Terrain),Diabase/Limestone (Observed at surface),790,1187,1855,2405,3305,2832,1072.01,2.58,0
Background_8.3km_from_Araña Mine,-105.95241,24.02769,Regional Country Rock (Geology associated with Durango region),0 (Barren Background),Trace / Non-mineralized,Unmineralized Andesite/Rhyolite,Lower Volcanic Supergroup,Eocene-Oligocene,Synthetic Negative Sample for ML,N/A - Non-mine location,0 meters,0% (Background Terrain),Andesite/Rhyolite (Observed at surface),415,875,505,3574,2343,1269,875.27,32.12,0
Background_7.3km_from_Araña Mine,-105.87370,24.13583,Regional Country Rock (Geology associated with Durango region),0 (Barren Background),Trace / Non-mineralized,Unmineralized Andesite/Rhyolite,Lower Volcanic Supergroup,Eocene-Oligocene,Synthetic Negative Sample for ML,N/A - Non-mine location,0 meters,0% (Background Terrain),Andesite/Rhyolite (Observed at surface),0,0,0,0,0,0,933.8,32.18,0
Background_7.6km_from_Araña Mine,-105.87230,24.13841,Regional Country Rock (Geology associated with Durango region),0 (Barren Background),Trace / Non-mineralized,Unmineralized Andesite/Rhyolite,Lower Volcanic Supergroup,Eocene-Oligocene,Synthetic Negative Sample for ML,N/A - Non-mine location,0 meters,0% (Background Terrain),Andesite/Rhyolite (Observed at surface),236,793,605,4132,3161,1916,744.68,35.43,0
Background_5.9km_from_Thompson Claim,-111.71967,42.28153,Regional Country Rock (Geology associated with Clallam region),0 (Barren Background),Trace / Non-mineralized,Unmineralized Basalt/Red Limestone,Crescent Formation,Eocene,Synthetic Negative Sample for ML,N/A - Non-mine location,0 meters,0% (Background Terrain),Basalt/Red Limestone (Observed at surface),690,839,1106,1793,3460,2323,1684.16,8.31,0
Background_8.7km_from_Thompson Claim,-111.60031,42.35383,Regional Country Rock (Geology associated with Clallam region),0 (Barren Background),Trace / Non-mineralized,Unmineralized Basalt/Red Limestone,Crescent Formation,Eocene,Synthetic Negative Sample for ML,N/A - Non-mine location,0 meters,0% (Background Terrain),Basalt/Red Limestone (Observed at surface),349,687,573,2878,2084,1197,2232.64,15.94,0
Background_8.1km_from_Thompson Claim,-111.80013,42.32554,Regional Country Rock (Geology associated with Clallam region),0 (Barren Background),Trace / Non-mineralized,Unmineralized Basalt/Red Limestone,Crescent Formation,Eocene,Synthetic Negative Sample for ML,N/A - Non-mine location,0 meters,0% (Background Terrain),Basalt/Red Limestone (Observed at surface),685,964,1423,2219,3416,2677,1830.48,10.48,0
Background_6.7km_from_Mason Mountain Rhodolite Mine,-83.37264,35.14561,Regional Country Rock (Geology associated with Mason region),0 (Barren Background),Trace / Non-mineralized,Unmineralized Basalt/Red Limestone,Crescent Formation,Eocene,Synthetic Negative Sample for ML,N/A - Non-mine location,0 meters,0% (Background Terrain),Basalt/Red Limestone (Observed at surface),289,450,428,2168,2311,1336,628.91,10.67,0
Background_6.0km_from_Mason Mountain Rhodolite Mine,-83.34768,35.24326,Regional Country Rock (Geology associated with Mason region),0 (Barren Background),Trace / Non-mineralized,Unmineralized Basalt/Red Limestone,Crescent Formation,Eocene,Synthetic Negative Sample for ML,N/A - Non-mine location,0 meters,0% (Background Terrain),Basalt/Red Limestone (Observed at surface),204,445,245,2920,1729,745,753.55,12.81,0
Background_7.2km_from_Mason Mountain Rhodolite Mine,-83.42283,35.26295,Regional Country Rock (Geology associated with Mason region),0 (Barren Background),Trace / Non-mineralized,Unmineralized Basalt/Red Limestone,Crescent Formation,Eocene,Synthetic Negative Sample for ML,N/A - Non-mine location,0 meters,0% (Background Terrain),Basalt/Red Limestone (Observed at surface),215,409,228,3232,1758,712,615.28,12.37,0
Background_9.6km_from_Betts Manganese Mines,-72.88855,42.56953,Regional Country Rock (Geology associated with Massachusetts region),0 (Barren Background),Trace / Non-mineralized,Unmineralized Schist,Hawley Formation,Ordovician,Synthetic Negative Sample for ML,N/A - Non-mine location,0 meters,0% (Background Terrain),Schist (Observed at surface),238,450,215,4623,1941,758,571.39,9.56,0
Background_9.8km_from_Betts Manganese Mines,-73.06359,42.51695,Regional Country Rock (Geology associated with Massachusetts region),0 (Barren Background),Trace / Non-mineralized,Unmineralized Schist,Hawley Formation,Ordovician,Synthetic Negative Sample for ML,N/A - Non-mine location,0 meters,0% (Background Terrain),Schist (Observed at surface),240,403,238,2491,1104,661,595.26,5.5,0
Background_7.0km_from_Betts Manganese Mines,-72.97552,42.55449,Regional Country Rock (Geology associated with Massachusetts region),0 (Barren Background),Trace / Non-mineralized,Unmineralized Schist,Hawley Formation,Ordovician,Synthetic Negative Sample for ML,N/A - Non-mine location,0 meters,0% (Background Terrain),Schist (Observed at surface),227,410,221,3506,1651,718,591.98,8.53,0
Background_9.7km_from_Purple Sage Deposit,-118.33447,34.46243,Regional Country Rock (Hydrothermal/Sedimentary Deposit),0 (Barren Background),Trace / Non-mineralized,Unmineralized Quartzite/Schist,Local Metamorphic/Sedimentary Sequence,Phanerozoic,Synthetic Negative Sample for ML,N/A - Non-mine location,0 meters,0% (Background Terrain),Quartzite/Schist (Observed at surface),512,828,1240,2126,2655,1796,691.1,19.32,0
Background_9.1km_from_Purple Sage Deposit,-118.39735,34.62276,Regional Country Rock (Hydrothermal/Sedimentary Deposit),0 (Barren Background),Trace / Non-mineralized,Unmineralized Quartzite/Schist,Local Metamorphic/Sedimentary Sequence,Phanerozoic,Synthetic Negative Sample for ML,N/A - Non-mine location,0 meters,0% (Background Terrain),Quartzite/Schist (Observed at surface),635,909,1052,2024,2261,1641,1129.01,25.34,0
Background_8.9km_from_Purple Sage Deposit,-118.27836,34.55435,Regional Country Rock (Hydrothermal/Sedimentary Deposit),0 (Barren Background),Trace / Non-mineralized,Unmineralized Quartzite/Schist,Local Metamorphic/Sedimentary Sequence,Phanerozoic,Synthetic Negative Sample for ML,N/A - Non-mine location,0 meters,0% (Background Terrain),Quartzite/Schist (Observed at surface),794,1154,1686,2460,2860,1953,1208.87,27.31,0
Background_6.0km_from_Dorn Mine,-82.32939,33.96298,Regional Country Rock (Geology associated with North Carolina region),0 (Barren Background),Trace / Non-mineralized,Unmineralized Gneiss/Schist,Ashe Metamorphic Suite,Neoproterozoic,Synthetic Negative Sample for ML,N/A - Non-mine location,0 meters,0% (Background Terrain),Gneiss/Schist (Observed at surface),272,456,407,2606,1496,854,163.9,4.29,0
Background_9.8km_from_Dorn Mine,-82.33176,34.00076,Regional Country Rock (Geology associated with North Carolina region),0 (Barren Background),Trace / Non-mineralized,Unmineralized Gneiss/Schist,Ashe Metamorphic Suite,Neoproterozoic,Synthetic Negative Sample for ML,N/A - Non-mine location,0 meters,0% (Background Terrain),Gneiss/Schist (Observed at surface),282,570,293,4101,1836,882,137.05,6.85,0
Background_8.7km_from_Dorn Mine,-82.38480,33.91259,Regional Country Rock (Geology associated with North Carolina region),0 (Barren Background),Trace / Non-mineralized,Unmineralized Gneiss/Schist,Ashe Metamorphic Suite,Neoproterozoic,Synthetic Negative Sample for ML,N/A - Non-mine location,0 meters,0% (Background Terrain),Gneiss/Schist (Observed at surface),271,431,288,2209,1278,616,104.6,7.65,0
Background_6.3km_from_Mitchell County,-82.10773,35.98614,Regional Country Rock (Geology associated with North Carolina region),0 (Barren Background),Trace / Non-mineralized,Unmineralized Gneiss/Schist,Ashe Metamorphic Suite,Neoproterozoic,Synthetic Negative Sample for ML,N/A - Non-mine location,0 meters,0% (Background Terrain),Gneiss/Schist (Observed at surface),157,262,121,3516,1534,564,1121.55,15.96,0
Background_9.3km_from_Mitchell County,-82.03021,35.92666,Regional Country Rock (Geology associated with North Carolina region),0 (Barren Background),Trace / Non-mineralized,Unmineralized Gneiss/Schist,Ashe Metamorphic Suite,Neoproterozoic,Synthetic Negative Sample for ML,N/A - Non-mine location,0 meters,0% (Background Terrain),Gneiss/Schist (Observed at surface),541,904,793,3857,2415,1474,851.67,10.67,0
Background_6.3km_from_Mitchell County,-82.20104,35.94860,Regional Country Rock (Geology associated with North Carolina region),0 (Barren Background),Trace / Non-mineralized,Unmineralized Gneiss/Schist,Ashe Metamorphic Suite,Neoproterozoic,Synthetic Negative Sample for ML,N/A - Non-mine location,0 meters,0% (Background Terrain),Gneiss/Schist (Observed at surface),249,526,303,2920,1767,810,787.09,13.75,0
Background_8.5km_from_Wheatley Mine,-79.53859,37.23560,Regional Country Rock (Geology associated with Virginia region),0 (Barren Background),Trace / Non-mineralized,Unmineralized Clay/Quartzite,Shady Dolomite / Antietam Fm,Cambrian,Synthetic Negative Sample for ML,N/A - Non-mine location,0 meters,0% (Background Terrain),Clay/Quartzite (Observed at surface),251,392,227,2376,2239,1130,292.45,8.25,0
Background_9.6km_from_Wheatley Mine,-79.49587,37.20503,Regional Country Rock (Geology associated with Virginia region),0 (Barren Background),Trace / Non-mineralized,Unmineralized Clay/Quartzite,Shady Dolomite / Antietam Fm,Cambrian,Synthetic Negative Sample for ML,N/A - Non-mine location,0 meters,0% (Background Terrain),Clay/Quartzite (Observed at surface),543,818,731,3329,2975,1813,276.58,4.74,0
Background_6.8km_from_Wheatley Mine,-79.58917,37.23588,Regional Country Rock (Geology associated with Virginia region),0 (Barren Background),Trace / Non-mineralized,Unmineralized Clay/Quartzite,Shady Dolomite / Antietam Fm,Cambrian,Synthetic Negative Sample for ML,N/A - Non-mine location,0 meters,0% (Background Terrain),Clay/Quartzite (Observed at surface),641,909,657,3290,2094,1175,272.93,8.37,0
Background_7.6km_from_Freeman Mine,-80.76564,36.39913,Regional Country Rock (Geology associated with North Carolina region),0 (Barren Background),Trace / Non-mineralized,Unmineralized Gneiss/Schist,Ashe Metamorphic Suite,Neoproterozoic,Synthetic Negative Sample for ML,N/A - Non-mine location,0 meters,0% (Background Terrain),Gneiss/Schist (Observed at surface),507,916,482,5416,2533,1238,383.72,4.99,0
Background_5.1km_from_Freeman Mine,-80.86490,36.38302,Regional Country Rock (Geology associated with North Carolina region),0 (Barren Background),Trace / Non-mineralized,Unmineralized Gneiss/Schist,Ashe Metamorphic Suite,Neoproterozoic,Synthetic Negative Sample for ML,N/A - Non-mine location,0 meters,0% (Background Terrain),Gneiss/Schist (Observed at surface),423,731,386,5190,2307,1114,402.02,2.33,0
Background_9.1km_from_Freeman Mine,-80.74683,36.45136,Regional Country Rock (Geology associated with North Carolina region),0 (Barren Background),Trace / Non-mineralized,Unmineralized Gneiss/Schist,Ashe Metamorphic Suite,Neoproterozoic,Synthetic Negative Sample for ML,N/A - Non-mine location,0 meters,0% (Background Terrain),Gneiss/Schist (Observed at surface),423,811,416,4870,2380,1155,346.62,7.08,0
Background_6.9km_from_Shooting Creek Deposit,-83.80454,35.09273,Regional Country Rock (Geology associated with North Carolina region),0 (Barren Background),Trace / Non-mineralized,Unmineralized Gneiss/Schist,Ashe Metamorphic Suite,Neoproterozoic,Synthetic Negative Sample for ML,N/A - Non-mine location,0 meters,0% (Background Terrain),Gneiss/Schist (Observed at surface),287,526,257,3329,1437,530,767.43,17.55,0
Background_6.2km_from_Shooting Creek Deposit,-83.69426,35.01817,Regional Country Rock (Geology associated with North Carolina region),0 (Barren Background),Trace / Non-mineralized,Unmineralized Gneiss/Schist,Ashe Metamorphic Suite,Neoproterozoic,Synthetic Negative Sample for ML,N/A - Non-mine location,0 meters,0% (Background Terrain),Gneiss/Schist (Observed at surface),345,570,320,3931,1896,739,676.35,25.94,0
Background_8.8km_from_Shooting Creek Deposit,-83.81714,34.99316,Regional Country Rock (Geology associated with North Carolina region),0 (Barren Background),Trace / Non-mineralized,Unmineralized Gneiss/Schist,Ashe Metamorphic Suite,Neoproterozoic,Synthetic Negative Sample for ML,N/A - Non-mine location,0 meters,0% (Background Terrain),Gneiss/Schist (Observed at surface),213,310,193,2720,1462,529,618.26,7.9,0
Background_6.8km_from_Higdon Mountain,-83.35777,35.14683,Regional Country Rock (Geology associated with North Carolina region),0 (Barren Background),Trace / Non-mineralized,Unmineralized Gneiss/Schist,Ashe Metamorphic Suite,Neoproterozoic,Synthetic Negative Sample for ML,N/A - Non-mine location,0 meters,0% (Background Terrain),Gneiss/Schist (Observed at surface),173,249,160,1622,1215,491,689.5,11.38,0
Background_5.9km_from_Higdon Mountain,-83.23241,35.19523,Regional Country Rock (Geology associated with North Carolina region),0 (Barren Background),Trace / Non-mineralized,Unmineralized Gneiss/Schist,Ashe Metamorphic Suite,Neoproterozoic,Synthetic Negative Sample for ML,N/A - Non-mine location,0 meters,0% (Background Terrain),Gneiss/Schist (Observed at surface),174,298,132,3777,1561,584,1274.67,21.43,0
Background_8.7km_from_Higdon Mountain,-83.36421,35.12435,Regional Country Rock (Geology associated with North Carolina region),0 (Barren Background),Trace / Non-mineralized,Unmineralized Gneiss/Schist,Ashe Metamorphic Suite,Neoproterozoic,Synthetic Negative Sample for ML,N/A - Non-mine location,0 meters,0% (Background Terrain),Gneiss/Schist (Observed at surface),0,0,0,0,0,0,667.25,10.69,0
Background_7.5km_from_Hawley Mine,-72.84646,42.63430,Regional Country Rock (Geology associated with Massachusetts region),0 (Barren Background),Trace / Non-mineralized,Unmineralized Schist,Hawley Formation,Ordovician,Synthetic Negative Sample for ML,N/A - Non-mine location,0 meters,0% (Background Terrain),Schist (Observed at surface),214,458,214,4192,1796,725,273.09,9.19,0
Background_7.1km_from_Hawley Mine,-72.98498,42.55395,Regional Country Rock (Geology associated with Massachusetts region),0 (Barren Background),Trace / Non-mineralized,Unmineralized Schist,Hawley Formation,Ordovician,Synthetic Negative Sample for ML,N/A - Non-mine location,0 meters,0% (Background Terrain),Schist (Observed at surface),812,1063,981,2591,2311,1341,562.6,2.57,0
Background_9.0km_from_Hawley Mine,-73.03329,42.61230,Regional Country Rock (Geology associated with Massachusetts region),0 (Barren Background),Trace / Non-mineralized,Unmineralized Schist,Hawley Formation,Ordovician,Synthetic Negative Sample for ML,N/A - Non-mine location,0 meters,0% (Background Terrain),Schist (Observed at surface),200,430,164,4344,1813,724,644.54,5.65,0
Background_7.6km_from_Nelson Prospect,-78.44970,39.11475,Regional Country Rock (Geology associated with Virginia region),0 (Barren Background),Trace / Non-mineralized,Unmineralized Clay/Quartzite,Shady Dolomite / Antietam Fm,Cambrian,Synthetic Negative Sample for ML,N/A - Non-mine location,0 meters,0% (Background Terrain),Clay/Quartzite (Observed at surface),222,438,228,3407,2055,1000,615.33,22.35,0
Background_7.2km_from_Nelson Prospect,-78.52884,39.00000,Regional Country Rock (Geology associated with Virginia region),0 (Barren Background),Trace / Non-mineralized,Unmineralized Clay/Quartzite,Shady Dolomite / Antietam Fm,Cambrian,Synthetic Negative Sample for ML,N/A - Non-mine location,0 meters,0% (Background Terrain),Clay/Quartzite (Observed at surface),219,510,247,4499,2089,961,436.35,15.09,0
Background_7.2km_from_Nelson Prospect,-78.39842,39.07490,Regional Country Rock (Geology associated with Virginia region),0 (Barren Background),Trace / Non-mineralized,Unmineralized Clay/Quartzite,Shady Dolomite / Antietam Fm,Cambrian,Synthetic Negative Sample for ML,N/A - Non-mine location,0 meters,0% (Background Terrain),Clay/Quartzite (Observed at surface),905,1234,1360,3057,2901,1859,308.7,5.63,0
Background_5.3km_from_Burgin Kenecott Mine,-112.09841,39.92600,Regional Country Rock (Geology associated with Utah region),0 (Barren Background),Trace / Non-mineralized,Unmineralized Limestone/Dolomite,Oquirrh Group,Pennsylvanian-Permian,Synthetic Negative Sample for ML,N/A - Non-mine location,0 meters,0% (Background Terrain),Limestone/Dolomite (Observed at surface),631,804,1008,1744,2715,2132,2228.5,16.11,0
Background_9.7km_from_Burgin Kenecott Mine,-112.02239,39.86490,Regional Country Rock (Geology associated with Utah region),0 (Barren Background),Trace / Non-mineralized,Unmineralized Limestone/Dolomite,Oquirrh Group,Pennsylvanian-Permian,Synthetic Negative Sample for ML,N/A - Non-mine location,0 meters,0% (Background Terrain),Limestone/Dolomite (Observed at surface),836,1058,1414,1943,2616,2310,1704.6,24.39,0
Background_5.8km_from_Burgin Kenecott Mine,-112.02532,39.90040,Regional Country Rock (Geology associated with Utah region),0 (Barren Background),Trace / Non-mineralized,Unmineralized Limestone/Dolomite,Oquirrh Group,Pennsylvanian-Permian,Synthetic Negative Sample for ML,N/A - Non-mine location,0 meters,0% (Background Terrain),Limestone/Dolomite (Observed at surface),751,912,1132,1602,2667,2286,1637.0,4.88,0
Background_6.8km_from_Van Leer Mine,-87.54295,35.06544,Regional Country Rock (Geology associated with Tennessee region),0 (Barren Background),Trace / Non-mineralized,Unmineralized Chert/Clay,Shady Dolomite,Cambrian,Synthetic Negative Sample for ML,N/A - Non-mine location,0 meters,0% (Background Terrain),Chert/Clay (Observed at surface),511,645,799,1813,2801,1816,214.14,14.64,0
Background_6.9km_from_Van Leer Mine,-87.53766,35.05866,Regional Country Rock (Geology associated with Tennessee region),0 (Barren Background),Trace / Non-mineralized,Unmineralized Chert/Clay,Shady Dolomite,Cambrian,Synthetic Negative Sample for ML,N/A - Non-mine location,0 meters,0% (Background Terrain),Chert/Clay (Observed at surface),460,621,612,2065,2523,1628,263.63,7.6,0
Background_6.5km_from_Van Leer Mine,-87.67800,35.02999,Regional Country Rock (Geology associated with Tennessee region),0 (Barren Background),Trace / Non-mineralized,Unmineralized Chert/Clay,Shady Dolomite,Cambrian,Synthetic Negative Sample for ML,N/A - Non-mine location,0 meters,0% (Background Terrain),Chert/Clay (Observed at surface),395,561,639,1768,2006,1228,237.01,8.99,0
Background_7.5km_from_Shamrock Manganese,-122.88565,42.60024,Regional Country Rock (Hydrothermal/Sedimentary Deposit),0 (Barren Background),Trace / Non-mineralized,Unmineralized Quartzite/Schist,Local Metamorphic/Sedimentary Sequence,Phanerozoic,Synthetic Negative Sample for ML,N/A - Non-mine location,0 meters,0% (Background Terrain),Quartzite/Schist (Observed at surface),356,500,556,1908,1542,841,844.31,7.59,0
Background_5.7km_from_Shamrock Manganese,-123.03857,42.57372,Regional Country Rock (Hydrothermal/Sedimentary Deposit),0 (Barren Background),Trace / Non-mineralized,Unmineralized Quartzite/Schist,Local Metamorphic/Sedimentary Sequence,Phanerozoic,Synthetic Negative Sample for ML,N/A - Non-mine location,0 meters,0% (Background Terrain),Quartzite/Schist (Observed at surface),308,488,422,2901,1804,836,491.05,19.5,0
Background_9.2km_from_Shamrock Manganese,-123.08308,42.62319,Regional Country Rock (Hydrothermal/Sedimentary Deposit),0 (Barren Background),Trace / Non-mineralized,Unmineralized Quartzite/Schist,Local Metamorphic/Sedimentary Sequence,Phanerozoic,Synthetic Negative Sample for ML,N/A - Non-mine location,0 meters,0% (Background Terrain),Quartzite/Schist (Observed at surface),243,384,356,1963,1195,558,984.35,32.06,0
Background_5.2km_from_Sussex County,-74.58012,41.05334,Regional Country Rock (Hydrothermal/Sedimentary Deposit),0 (Barren Background),Trace / Non-mineralized,Unmineralized Quartzite/Schist,Local Metamorphic/Sedimentary Sequence,Phanerozoic,Synthetic Negative Sample for ML,N/A - Non-mine location,0 meters,0% (Background Terrain),Quartzite/Schist (Observed at surface),406,478,280,3835,1707,670,391.47,8.22,0
Background_8.0km_from_Sussex County,-74.49159,41.07922,Regional Country Rock (Hydrothermal/Sedimentary Deposit),0 (Barren Background),Trace / Non-mineralized,Unmineralized Quartzite/Schist,Local Metamorphic/Sedimentary Sequence,Phanerozoic,Synthetic Negative Sample for ML,N/A - Non-mine location,0 meters,0% (Background Terrain),Quartzite/Schist (Observed at surface),592,840,582,3369,1768,1131,282.29,10.51,0
Background_5.9km_from_Sussex County,-74.62112,41.05541,Regional Country Rock (Hydrothermal/Sedimentary Deposit),0 (Barren Background),Trace / Non-mineralized,Unmineralized Quartzite/Schist,Local Metamorphic/Sedimentary Sequence,Phanerozoic,Synthetic Negative Sample for ML,N/A - Non-mine location,0 meters,0% (Background Terrain),Quartzite/Schist (Observed at surface),481,601,412,2577,1733,836,180.47,3.77,0
Background_8.1km_from_Blue Hill Manganese Mine,-68.56160,44.50424,Regional Country Rock (Geology associated with Maine region),0 (Barren Background),Trace / Non-mineralized,Unmineralized Slate/Phyllite,Aroostook-Matapedia Belt,Silurian,Synthetic Negative Sample for ML,N/A - Non-mine location,0 meters,0% (Background Terrain),Slate/Phyllite (Observed at surface),165,468,196,2803,1364,571,65.67,3.16,0
Background_6.1km_from_Blue Hill Manganese Mine,-68.66502,44.43835,Regional Country Rock (Geology associated with Maine region),0 (Barren Background),Trace / Non-mineralized,Unmineralized Slate/Phyllite,Aroostook-Matapedia Belt,Silurian,Synthetic Negative Sample for ML,N/A - Non-mine location,0 meters,0% (Background Terrain),Slate/Phyllite (Observed at surface),292,430,240,2225,1107,478,28.52,4.3,0
Background_7.7km_from_Blue Hill Manganese Mine,-68.49369,44.44541,Regional Country Rock (Geology associated with Maine region),0 (Barren Background),Trace / Non-mineralized,Unmineralized Slate/Phyllite,Aroostook-Matapedia Belt,Silurian,Synthetic Negative Sample for ML,N/A - Non-mine location,0 meters,0% (Background Terrain),Slate/Phyllite (Observed at surface),148,307,150,3348,1255,472,58.99,6.85,0
Background_7.7km_from_Betts Manganese Mines,-72.98415,42.43169,Regional Country Rock (Geology associated with Massachusetts region),0 (Barren Background),Trace / Non-mineralized,Unmineralized Schist,Hawley Formation,Ordovician,Synthetic Negative Sample for ML,N/A - Non-mine location,0 meters,0% (Background Terrain),Schist (Observed at surface),310,476,335,4038,1971,921,496.98,5.47,0
Background_7.1km_from_Betts Manganese Mines,-72.86571,42.51665,Regional Country Rock (Geology associated with Massachusetts region),0 (Barren Background),Trace / Non-mineralized,Unmineralized Schist,Hawley Formation,Ordovician,Synthetic Negative Sample for ML,N/A - Non-mine location,0 meters,0% (Background Terrain),Schist (Observed at surface),198,373,182,2625,1111,477,457.87,2.47,0
Background_7.3km_from_Betts Manganese Mines,-72.93120,42.55941,Regional Country Rock (Geology associated with Massachusetts region),0 (Barren Background),Trace / Non-mineralized,Unmineralized Schist,Hawley Formation,Ordovician,Synthetic Negative Sample for ML,N/A - Non-mine location,0 meters,0% (Background Terrain),Schist (Observed at surface),177,347,158,3940,1813,738,501.06,10.83,0
Background_9.6km_from_Kellogg Mine,-120.57222,38.10587,Regional Country Rock (Geology associated with Calaveras region),0 (Barren Background),Trace / Non-mineralized,Unmineralized Metachert/Slate,Calaveras Complex,Paleozoic,Synthetic Negative Sample for ML,N/A - Non-mine location,0 meters,0% (Background Terrain),Metachert/Slate (Observed at surface),757,1171,1747,2700,3242,1901,494.73,5.5,0
Background_5.7km_from_Kellogg Mine,-120.59793,38.03652,Regional Country Rock (Geology associated with Calaveras region),0 (Barren Background),Trace / Non-mineralized,Unmineralized Metachert/Slate,Calaveras Complex,Paleozoic,Synthetic Negative Sample for ML,N/A - Non-mine location,0 meters,0% (Background Terrain),Metachert/Slate (Observed at surface),759,1121,1553,2494,2862,1769,674.29,12.97,0
Background_5.6km_from_Kellogg Mine,-120.62823,38.01020,Regional Country Rock (Geology associated with Calaveras region),0 (Barren Background),Trace / Non-mineralized,Unmineralized Metachert/Slate,Calaveras Complex,Paleozoic,Synthetic Negative Sample for ML,N/A - Non-mine location,0 meters,0% (Background Terrain),Metachert/Slate (Observed at surface),716,1027,1454,2412,3260,2044,411.24,8.92,0
Background_8.6km_from_Smith Mine,-121.16183,38.95892,Regional Country Rock (Geology associated with Nevada region),0 (Barren Background),Trace / Non-mineralized,Unmineralized Limestone/Dolomite,Highland Peak Fm,Cambrian,Synthetic Negative Sample for ML,N/A - Non-mine location,0 meters,0% (Background Terrain),Limestone/Dolomite (Observed at surface),304,418,406,2186,1835,895,294.46,16.63,0
Background_6.3km_from_Smith Mine,-121.17369,38.99716,Regional Country Rock (Geology associated with Nevada region),0 (Barren Background),Trace / Non-mineralized,Unmineralized Limestone/Dolomite,Highland Peak Fm,Cambrian,Synthetic Negative Sample for ML,N/A - Non-mine location,0 meters,0% (Background Terrain),Limestone/Dolomite (Observed at surface),640,873,1230,2430,2872,1709,411.88,9.77,0
Background_7.2km_from_Smith Mine,-121.02963,39.00650,Regional Country Rock (Geology associated with Nevada region),0 (Barren Background),Trace / Non-mineralized,Unmineralized Limestone/Dolomite,Highland Peak Fm,Cambrian,Synthetic Negative Sample for ML,N/A - Non-mine location,0 meters,0% (Background Terrain),Limestone/Dolomite (Observed at surface),350,504,565,2495,1847,886,535.03,8.62,0
Background_8.7km_from_Lubanko Mine,-120.84302,38.44590,Regional Country Rock (Geology associated with Amador region),0 (Barren Background),Trace / Non-mineralized,Unmineralized Metachert/Slate,Calaveras Complex,Paleozoic,Synthetic Negative Sample for ML,N/A - Non-mine location,0 meters,0% (Background Terrain),Metachert/Slate (Observed at surface),0,0,0,0,0,0,232.17,6.29,0
Background_7.5km_from_Lubanko Mine,-120.72418,38.40529,Regional Country Rock (Geology associated with Amador region),0 (Barren Background),Trace / Non-mineralized,Unmineralized Metachert/Slate,Calaveras Complex,Paleozoic,Synthetic Negative Sample for ML,N/A - Non-mine location,0 meters,0% (Background Terrain),Metachert/Slate (Observed at surface),0,0,0,0,0,0,590.24,6.96,0
Background_5.7km_from_Lubanko Mine,-120.78960,38.43093,Regional Country Rock (Geology associated with Amador region),0 (Barren Background),Trace / Non-mineralized,Unmineralized Metachert/Slate,Calaveras Complex,Paleozoic,Synthetic Negative Sample for ML,N/A - Non-mine location,0 meters,0% (Background Terrain),Metachert/Slate (Observed at surface),339,628,603,2622,1873,967,418.16,10.13,0
Background_6.7km_from_Germolis Mine,-120.69787,38.43733,Regional Country Rock (Geology associated with Amador region),0 (Barren Background),Trace / Non-mineralized,Unmineralized Metachert/Slate,Calaveras Complex,Paleozoic,Synthetic Negative Sample for ML,N/A - Non-mine location,0 meters,0% (Background Terrain),Metachert/Slate (Observed at surface),231,402,316,2688,1122,504,500.02,25.97,0
Background_5.4km_from_Germolis Mine,-120.81539,38.49073,Regional Country Rock (Geology associated with Amador region),0 (Barren Background),Trace / Non-mineralized,Unmineralized Metachert/Slate,Calaveras Complex,Paleozoic,Synthetic Negative Sample for ML,N/A - Non-mine location,0 meters,0% (Background Terrain),Metachert/Slate (Observed at surface),662,1072,1514,3477,3871,2526,410.58,7.65,0
Background_7.8km_from_Germolis Mine,-120.74961,38.54668,Regional Country Rock (Geology associated with Amador region),0 (Barren Background),Trace / Non-mineralized,Unmineralized Metachert/Slate,Calaveras Complex,Paleozoic,Synthetic Negative Sample for ML,N/A - Non-mine location,0 meters,0% (Background Terrain),Metachert/Slate (Observed at surface),211,452,314,2637,1568,714,595.38,8.88,0
Background_7.7km_from_Sonoma Mine,-123.05118,38.50299,Regional Country Rock (Hydrothermal/Sedimentary Deposit),0 (Barren Background),Trace / Non-mineralized,Unmineralized Quartzite/Schist,Local Metamorphic/Sedimentary Sequence,Phanerozoic,Synthetic Negative Sample for ML,N/A - Non-mine location,0 meters,0% (Background Terrain),Quartzite/Schist (Observed at surface),416,579,561,2930,1411,847,355.92,20.59,0
Background_9.0km_from_Sonoma Mine,-123.07977,38.52151,Regional Country Rock (Hydrothermal/Sedimentary Deposit),0 (Barren Background),Trace / Non-mineralized,Unmineralized Quartzite/Schist,Local Metamorphic/Sedimentary Sequence,Phanerozoic,Synthetic Negative Sample for ML,N/A - Non-mine location,0 meters,0% (Background Terrain),Quartzite/Schist (Observed at surface),206,384,211,2507,819,385,128.77,16.63,0
Background_5.6km_from_Sonoma Mine,-123.04071,38.52547,Regional Country Rock (Hydrothermal/Sedimentary Deposit),0 (Barren Background),Trace / Non-mineralized,Unmineralized Quartzite/Schist,Local Metamorphic/Sedimentary Sequence,Phanerozoic,Synthetic Negative Sample for ML,N/A - Non-mine location,0 meters,0% (Background Terrain),Quartzite/Schist (Observed at surface),135,241,93,2751,704,282,158.77,23.46,0
Background_8.6km_from_Charco Redondo Mine,-76.35079,20.28589,Regional Country Rock (Geology associated with Cuba region),0 (Barren Background),Trace / Non-mineralized,Unmineralized Tuff/Limestone,Charco Redondo Formation,Paleogene,Synthetic Negative Sample for ML,N/A - Non-mine location,0 meters,0% (Background Terrain),Tuff/Limestone (Observed at surface),275,647,375,3435,2114,991,236.1,5.73,0
Background_5.7km_from_Charco Redondo Mine,-76.46470,20.27173,Regional Country Rock (Geology associated with Cuba region),0 (Barren Background),Trace / Non-mineralized,Unmineralized Tuff/Limestone,Charco Redondo Formation,Paleogene,Synthetic Negative Sample for ML,N/A - Non-mine location,0 meters,0% (Background Terrain),Tuff/Limestone (Observed at surface),301,760,354,4451,2112,1023,127.7,1.68,0
Background_8.6km_from_Charco Redondo Mine,-76.45673,20.31225,Regional Country Rock (Geology associated with Cuba region),0 (Barren Background),Trace / Non-mineralized,Unmineralized Tuff/Limestone,Charco Redondo Formation,Paleogene,Synthetic Negative Sample for ML,N/A - Non-mine location,0 meters,0% (Background Terrain),Tuff/Limestone (Observed at surface),418,775,545,3836,2436,1237,142.37,3.4,0
Background_9.9km_from_Sonsela Butte Deposit,-109.08353,36.01095,Regional Country Rock (Hydrothermal/Sedimentary Deposit),0 (Barren Background),Trace / Non-mineralized,Unmineralized Quartzite/Schist,Local Metamorphic/Sedimentary Sequence,Phanerozoic,Synthetic Negative Sample for ML,N/A - Non-mine location,0 meters,0% (Background Terrain),Quartzite/Schist (Observed at surface),494,688,700,1946,1989,1511,2270.48,4.09,0
Background_6.3km_from_Sonsela Butte Deposit,-108.98358,36.10826,Regional Country Rock (Hydrothermal/Sedimentary Deposit),0 (Barren Background),Trace / Non-mineralized,Unmineralized Quartzite/Schist,Local Metamorphic/Sedimentary Sequence,Phanerozoic,Synthetic Negative Sample for ML,N/A - Non-mine location,0 meters,0% (Background Terrain),Quartzite/Schist (Observed at surface),295,480,507,1675,1880,1456,2411.77,4.28,0
Background_5.8km_from_Sonsela Butte Deposit,-109.00450,36.13094,Regional Country Rock (Hydrothermal/Sedimentary Deposit),0 (Barren Background),Trace / Non-mineralized,Unmineralized Quartzite/Schist,Local Metamorphic/Sedimentary Sequence,Phanerozoic,Synthetic Negative Sample for ML,N/A - Non-mine location,0 meters,0% (Background Terrain),Quartzite/Schist (Observed at surface),0,0,0,0,0,0,2318.69,7.23,0
Background_7.5km_from_Santa-Rosa Mine,-111.75333,32.57943,Regional Country Rock (Geology associated with Pinal region),0 (Barren Background),Trace / Non-mineralized,Unmineralized Volcanic breccia,Tertiary Volcanics,Tertiary,Synthetic Negative Sample for ML,N/A - Non-mine location,0 meters,0% (Background Terrain),Volcanic breccia (Observed at surface),1312,1598,2115,2625,3650,3422,524.13,6.36,0
Background_5.6km_from_Santa-Rosa Mine,-111.76413,32.69680,Regional Country Rock (Geology associated with Pinal region),0 (Barren Background),Trace / Non-mineralized,Unmineralized Volcanic breccia,Tertiary Volcanics,Tertiary,Synthetic Negative Sample for ML,N/A - Non-mine location,0 meters,0% (Background Terrain),Volcanic breccia (Observed at surface),1813,2345,3179,3647,4628,4507,457.16,1.04,0
Background_6.3km_from_Santa-Rosa Mine,-111.75796,32.70308,Regional Country Rock (Geology associated with Pinal region),0 (Barren Background),Trace / Non-mineralized,Unmineralized Volcanic breccia,Tertiary Volcanics,Tertiary,Synthetic Negative Sample for ML,N/A - Non-mine location,0 meters,0% (Background Terrain),Volcanic breccia (Observed at surface),1656,2074,2744,3296,4507,4331,456.65,0.58,0
Background_7.6km_from_Black Jewel Claim,-111.75565,32.66196,Regional Country Rock (Geology associated with Pinal region),0 (Barren Background),Trace / Non-mineralized,Unmineralized Volcanic breccia,Tertiary Volcanics,Tertiary,Synthetic Negative Sample for ML,N/A - Non-mine location,0 meters,0% (Background Terrain),Volcanic breccia (Observed at surface),1440,1746,2451,2803,3933,3818,481.12,0.75,0
Background_5.5km_from_Black Jewel Claim,-111.83674,32.73271,Regional Country Rock (Geology associated with Pinal region),0 (Barren Background),Trace / Non-mineralized,Unmineralized Volcanic breccia,Tertiary Volcanics,Tertiary,Synthetic Negative Sample for ML,N/A - Non-mine location,0 meters,0% (Background Terrain),Volcanic breccia (Observed at surface),1785,2343,3113,3750,5056,4799,433.28,0.65,0
Background_7.9km_from_Black Jewel Claim,-111.79411,32.65774,Regional Country Rock (Geology associated with Pinal region),0 (Barren Background),Trace / Non-mineralized,Unmineralized Volcanic breccia,Tertiary Volcanics,Tertiary,Synthetic Negative Sample for ML,N/A - Non-mine location,0 meters,0% (Background Terrain),Volcanic breccia (Observed at surface),1531,1954,2576,2993,3804,3674,469.22,0.66,0
Background_9.1km_from_Teller Mine,-111.67605,32.61556,Regional Country Rock (Geology associated with Pinal region),0 (Barren Background),Trace / Non-mineralized,Unmineralized Volcanic breccia,Tertiary Volcanics,Tertiary,Synthetic Negative Sample for ML,N/A - Non-mine location,0 meters,0% (Background Terrain),Volcanic breccia (Observed at surface),1348,1787,2532,3076,4404,4170,480.42,0.34,0
Background_7.5km_from_Teller Mine,-111.79256,32.58218,Regional Country Rock (Geology associated with Pinal region),0 (Barren Background),Trace / Non-mineralized,Unmineralized Volcanic breccia,Tertiary Volcanics,Tertiary,Synthetic Negative Sample for ML,N/A - Non-mine location,0 meters,0% (Background Terrain),Volcanic breccia (Observed at surface),884,1229,1274,3599,3394,2645,481.57,0.42,0
Background_9.6km_from_Teller Mine,-111.74105,32.72930,Regional Country Rock (Geology associated with Pinal region),0 (Barren Background),Trace / Non-mineralized,Unmineralized Volcanic breccia,Tertiary Volcanics,Tertiary,Synthetic Negative Sample for ML,N/A - Non-mine location,0 meters,0% (Background Terrain),Volcanic breccia (Observed at surface),1896,2488,3269,3823,4957,4827,451.99,0.78,0
Background_9.5km_from_Swingle Claim,-110.41914,32.79718,Regional Country Rock (Geology associated with Pinal region),0 (Barren Background),Trace / Non-mineralized,Unmineralized Volcanic breccia,Tertiary Volcanics,Tertiary,Synthetic Negative Sample for ML,N/A - Non-mine location,0 meters,0% (Background Terrain),Volcanic breccia (Observed at surface),743,991,1109,2104,3023,2344,1469.31,16.46,0
Background_9.5km_from_Swingle Claim,-110.41878,32.79999,Regional Country Rock (Geology associated with Pinal region),0 (Barren Background),Trace / Non-mineralized,Unmineralized Volcanic breccia,Tertiary Volcanics,Tertiary,Synthetic Negative Sample for ML,N/A - Non-mine location,0 meters,0% (Background Terrain),Volcanic breccia (Observed at surface),816,1047,1168,2194,2737,2083,1414.78,14.69,0
Background_7.4km_from_Swingle Claim,-110.57453,32.85571,Regional Country Rock (Geology associated with Pinal region),0 (Barren Background),Trace / Non-mineralized,Unmineralized Volcanic breccia,Tertiary Volcanics,Tertiary,Synthetic Negative Sample for ML,N/A - Non-mine location,0 meters,0% (Background Terrain),Volcanic breccia (Observed at surface),776,1083,1517,1913,2363,1894,1154.94,25.72,0
Background_8.9km_from_Barbee Claims,-113.59276,34.42244,Regional Country Rock (Geology associated with Mohave region),0 (Barren Background),Trace / Non-mineralized,Unmineralized Sandstone/Conglomerate,Chapin Wash Fm,Miocene,Synthetic Negative Sample for ML,N/A - Non-mine location,0 meters,0% (Background Terrain),Sandstone/Conglomerate (Observed at surface),1364,1602,1852,2092,2513,2111,442.5,14.28,0
Background_7.0km_from_Barbee Claims,-113.62743,34.38645,Regional Country Rock (Geology associated with Mohave region),0 (Barren Background),Trace / Non-mineralized,Unmineralized Sandstone/Conglomerate,Chapin Wash Fm,Miocene,Synthetic Negative Sample for ML,N/A - Non-mine location,0 meters,0% (Background Terrain),Sandstone/Conglomerate (Observed at surface),0,0,0,0,0,0,722.23,3.66,0
Background_7.2km_from_Barbee Claims,-113.52805,34.29021,Regional Country Rock (Geology associated with Mohave region),0 (Barren Background),Trace / Non-mineralized,Unmineralized Sandstone/Conglomerate,Chapin Wash Fm,Miocene,Synthetic Negative Sample for ML,N/A - Non-mine location,0 meters,0% (Background Terrain),Sandstone/Conglomerate (Observed at surface),1130,1525,1996,2275,3285,2994,361.1,5.48,0
Background_5.0km_from_Bush Claim,-109.71195,32.40579,Regional Country Rock (Hydrothermal/Sedimentary Deposit),0 (Barren Background),Trace / Non-mineralized,Unmineralized Quartzite/Schist,Local Metamorphic/Sedimentary Sequence,Phanerozoic,Synthetic Negative Sample for ML,N/A - Non-mine location,0 meters,0% (Background Terrain),Quartzite/Schist (Observed at surface),719,1050,1487,2311,2735,2443,1399.0,4.2,0
Background_9.8km_from_Bush Claim,-109.67531,32.53079,Regional Country Rock (Hydrothermal/Sedimentary Deposit),0 (Barren Background),Trace / Non-mineralized,Unmineralized Quartzite/Schist,Local Metamorphic/Sedimentary Sequence,Phanerozoic,Synthetic Negative Sample for ML,N/A - Non-mine location,0 meters,0% (Background Terrain),Quartzite/Schist (Observed at surface),778,1104,1427,2771,2660,2111,1318.82,1.77,0
Background_7.6km_from_Bush Claim,-109.79690,32.43698,Regional Country Rock (Hydrothermal/Sedimentary Deposit),0 (Barren Background),Trace / Non-mineralized,Unmineralized Quartzite/Schist,Local Metamorphic/Sedimentary Sequence,Phanerozoic,Synthetic Negative Sample for ML,N/A - Non-mine location,0 meters,0% (Background Terrain),Quartzite/Schist (Observed at surface),0,0,0,0,0,0,1470.37,3.67,0
Background_7.4km_from_Long Valley Claim,-111.28770,34.67045,Regional Country Rock (Hydrothermal/Sedimentary Deposit),0 (Barren Background),Trace / Non-mineralized,Unmineralized Quartzite/Schist,Local Metamorphic/Sedimentary Sequence,Phanerozoic,Synthetic Negative Sample for ML,N/A - Non-mine location,0 meters,0% (Background Terrain),Quartzite/Schist (Observed at surface),432,701,798,1921,2298,1708,2142.45,1.65,0
Background_7.4km_from_Long Valley Claim,-111.22163,34.59662,Regional Country Rock (Hydrothermal/Sedimentary Deposit),0 (Barren Background),Trace / Non-mineralized,Unmineralized Quartzite/Schist,Local Metamorphic/Sedimentary Sequence,Phanerozoic,Synthetic Negative Sample for ML,N/A - Non-mine location,0 meters,0% (Background Terrain),Quartzite/Schist (Observed at surface),588,804,958,2231,2183,1647,2230.01,1.37,0
Background_7.3km_from_Long Valley Claim,-111.27826,34.54249,Regional Country Rock (Hydrothermal/Sedimentary Deposit),0 (Barren Background),Trace / Non-mineralized,Unmineralized Quartzite/Schist,Local Metamorphic/Sedimentary Sequence,Phanerozoic,Synthetic Negative Sample for ML,N/A - Non-mine location,0 meters,0% (Background Terrain),Quartzite/Schist (Observed at surface),224,362,349,1589,1242,738,2121.46,10.34,0
Background_9.4km_from_Atkins Mine,-113.12290,33.70825,Regional Country Rock (Geology associated with Aguila region),0 (Barren Background),Trace / Non-mineralized,Unmineralized Andesite/Tuff,Local Volcanics,Miocene,Synthetic Negative Sample for ML,N/A - Non-mine location,0 meters,0% (Background Terrain),Andesite/Tuff (Observed at surface),1102,1361,1772,2302,3273,2878,763.25,4.98,0
Background_7.9km_from_Atkins Mine,-113.15535,33.75094,Regional Country Rock (Geology associated with Aguila region),0 (Barren Background),Trace / Non-mineralized,Unmineralized Andesite/Tuff,Local Volcanics,Miocene,Synthetic Negative Sample for ML,N/A - Non-mine location,0 meters,0% (Background Terrain),Andesite/Tuff (Observed at surface),915,1241,1544,1912,2904,2554,753.65,9.82,0
Background_8.0km_from_Atkins Mine,-112.99299,33.78165,Regional Country Rock (Geology associated with Aguila region),0 (Barren Background),Trace / Non-mineralized,Unmineralized Andesite/Tuff,Local Volcanics,Miocene,Synthetic Negative Sample for ML,N/A - Non-mine location,0 meters,0% (Background Terrain),Andesite/Tuff (Observed at surface),1226,1663,2312,2673,3882,3432,623.72,2.84,0
Background_8.5km_from_Black Hawk Mine,-113.24006,33.65475,Regional Country Rock (Geology associated with Aguila region),0 (Barren Background),Trace / Non-mineralized,Unmineralized Andesite/Tuff,Local Volcanics,Miocene,Synthetic Negative Sample for ML,N/A - Non-mine location,0 meters,0% (Background Terrain),Andesite/Tuff (Observed at surface),1215,1554,2023,2612,3808,3412,504.48,0.74,0
Background_8.2km_from_Black Hawk Mine,-113.12351,33.76834,Regional Country Rock (Geology associated with Aguila region),0 (Barren Background),Trace / Non-mineralized,Unmineralized Andesite/Tuff,Local Volcanics,Miocene,Synthetic Negative Sample for ML,N/A - Non-mine location,0 meters,0% (Background Terrain),Andesite/Tuff (Observed at surface),1089,1346,1633,2008,3141,2847,750.22,7.85,0
Background_5.3km_from_Black Hawk Mine,-113.21851,33.67850,Regional Country Rock (Geology associated with Aguila region),0 (Barren Background),Trace / Non-mineralized,Unmineralized Andesite/Tuff,Local Volcanics,Miocene,Synthetic Negative Sample for ML,N/A - Non-mine location,0 meters,0% (Background Terrain),Andesite/Tuff (Observed at surface),1202,1536,2025,2399,3321,3074,553.48,1.59,0
Background_5.1km_from_Wisconsin Prospect,-113.22535,33.77332,Regional Country Rock (Geology associated with Aguila region),0 (Barren Background),Trace / Non-mineralized,Unmineralized Andesite/Tuff,Local Volcanics,Miocene,Synthetic Negative Sample for ML,N/A - Non-mine location,0 meters,0% (Background Terrain),Andesite/Tuff (Observed at surface),1203,1653,2131,2585,4035,3662,624.12,0.9,0
Background_7.4km_from_Wisconsin Prospect,-113.19806,33.66313,Regional Country Rock (Geology associated with Aguila region),0 (Barren Background),Trace / Non-mineralized,Unmineralized Andesite/Tuff,Local Volcanics,Miocene,Synthetic Negative Sample for ML,N/A - Non-mine location,0 meters,0% (Background Terrain),Andesite/Tuff (Observed at surface),1481,1884,2495,2891,3963,3623,549.45,0.81,0
Background_9.3km_from_Wisconsin Prospect,-113.26023,33.80340,Regional Country Rock (Geology associated with Aguila region),0 (Barren Background),Trace / Non-mineralized,Unmineralized Andesite/Tuff,Local Volcanics,Miocene,Synthetic Negative Sample for ML,N/A - Non-mine location,0 meters,0% (Background Terrain),Andesite/Tuff (Observed at surface),1207,1569,1843,2303,3304,3119,726.48,8.06,0
Background_9.1km_from_Pansy Mine,-113.23708,33.75306,Regional Country Rock (Geology associated with Aguila region),0 (Barren Background),Trace / Non-mineralized,Unmineralized Andesite/Tuff,Local Volcanics,Miocene,Synthetic Negative Sample for ML,N/A - Non-mine location,0 meters,0% (Background Terrain),Andesite/Tuff (Observed at surface),964,1268,1670,1956,2782,2489,624.45,7.3,0
Background_9.4km_from_Pansy Mine,-113.04415,33.79309,Regional Country Rock (Geology associated with Aguila region),0 (Barren Background),Trace / Non-mineralized,Unmineralized Andesite/Tuff,Local Volcanics,Miocene,Synthetic Negative Sample for ML,N/A - Non-mine location,0 meters,0% (Background Terrain),Andesite/Tuff (Observed at surface),0,0,0,0,0,0,661.12,4.28,0
Background_9.4km_from_Pansy Mine,-113.23707,33.78979,Regional Country Rock (Geology associated with Aguila region),0 (Barren Background),Trace / Non-mineralized,Unmineralized Andesite/Tuff,Local Volcanics,Miocene,Synthetic Negative Sample for ML,N/A - Non-mine location,0 meters,0% (Background Terrain),Andesite/Tuff (Observed at surface),1643,1985,2345,2639,3760,3372,647.8,3.0,0
Background_5.7km_from_Black Queen Mine,-113.23503,33.80503,Regional Country Rock (Geology associated with Aguila region),0 (Barren Background),Trace / Non-mineralized,Unmineralized Andesite/Tuff,Local Volcanics,Miocene,Synthetic Negative Sample for ML,N/A - Non-mine location,0 meters,0% (Background Terrain),Andesite/Tuff (Observed at surface),1461,1915,2566,3042,4435,3879,655.56,1.33,0
Background_8.8km_from_Black Queen Mine,-113.14512,33.73044,Regional Country Rock (Geology associated with Aguila region),0 (Barren Background),Trace / Non-mineralized,Unmineralized Andesite/Tuff,Local Volcanics,Miocene,Synthetic Negative Sample for ML,N/A - Non-mine location,0 meters,0% (Background Terrain),Andesite/Tuff (Observed at surface),1145,1390,1857,2468,3311,2823,765.02,12.15,0
Background_7.2km_from_Black Queen Mine,-113.23408,33.68938,Regional Country Rock (Geology associated with Aguila region),0 (Barren Background),Trace / Non-mineralized,Unmineralized Andesite/Tuff,Local Volcanics,Miocene,Synthetic Negative Sample for ML,N/A - Non-mine location,0 meters,0% (Background Terrain),Andesite/Tuff (Observed at surface),1234,1609,2073,2438,3346,3039,551.79,1.7,0
Background_7.4km_from_Black Rock,-113.11356,33.69954,Regional Country Rock (Geology associated with Aguila region),0 (Barren Background),Trace / Non-mineralized,Unmineralized Andesite/Tuff,Local Volcanics,Miocene,Synthetic Negative Sample for ML,N/A - Non-mine location,0 meters,0% (Background Terrain),Andesite/Tuff (Observed at surface),1065,1366,1678,2494,3166,2600,768.99,11.77,0
Background_8.5km_from_Black Rock,-113.08990,33.76394,Regional Country Rock (Geology associated with Aguila region),0 (Barren Background),Trace / Non-mineralized,Unmineralized Andesite/Tuff,Local Volcanics,Miocene,Synthetic Negative Sample for ML,N/A - Non-mine location,0 meters,0% (Background Terrain),Andesite/Tuff (Observed at surface),1041,1294,1642,1909,2641,2229,713.14,3.5,0
Background_5.5km_from_Black Rock,-113.23637,33.73451,Regional Country Rock (Geology associated with Aguila region),0 (Barren Background),Trace / Non-mineralized,Unmineralized Andesite/Tuff,Local Volcanics,Miocene,Synthetic Negative Sample for ML,N/A - Non-mine location,0 meters,0% (Background Terrain),Andesite/Tuff (Observed at surface),1472,1890,2383,2783,3880,3404,625.81,12.32,0
Background_8.8km_from_Danville and Hanchette Claim,-112.93290,33.61727,Regional Country Rock (Geology associated with Aguila region),0 (Barren Background),Trace / Non-mineralized,Unmineralized Andesite/Tuff,Local Volcanics,Miocene,Synthetic Negative Sample for ML,N/A - Non-mine location,0 meters,0% (Background Terrain),Andesite/Tuff (Observed at surface),1177,1478,1852,2068,3096,2828,489.13,5.29,0
Background_9.3km_from_Danville and Hanchette Claim,-113.05743,33.60799,Regional Country Rock (Geology associated with Aguila region),0 (Barren Background),Trace / Non-mineralized,Unmineralized Andesite/Tuff,Local Volcanics,Miocene,Synthetic Negative Sample for ML,N/A - Non-mine location,0 meters,0% (Background Terrain),Andesite/Tuff (Observed at surface),1178,1525,2006,2412,3380,3046,506.62,1.11,0
Background_5.5km_from_Danville and Hanchette Claim,-112.93796,33.67090,Regional Country Rock (Geology associated with Aguila region),0 (Barren Background),Trace / Non-mineralized,Unmineralized Andesite/Tuff,Local Volcanics,Miocene,Synthetic Negative Sample for ML,N/A - Non-mine location,0 meters,0% (Background Terrain),Andesite/Tuff (Observed at surface),1334,1625,1980,2219,3170,2819,586.93,3.01,0
Background_5.3km_from_Aguila District,-113.18572,33.82747,Regional Country Rock (Geology associated with Aguila region),0 (Barren Background),Trace / Non-mineralized,Unmineralized Andesite/Tuff,Local Volcanics,Miocene,Synthetic Negative Sample for ML,N/A - Non-mine location,0 meters,0% (Background Terrain),Andesite/Tuff (Observed at surface),1345,1947,2690,3335,4949,4394,686.08,0.98,0
Background_6.0km_from_Aguila District,-113.15704,33.77579,Regional Country Rock (Geology associated with Aguila region),0 (Barren Background),Trace / Non-mineralized,Unmineralized Andesite/Tuff,Local Volcanics,Miocene,Synthetic Negative Sample for ML,N/A - Non-mine location,0 meters,0% (Background Terrain),Andesite/Tuff (Observed at surface),1482,1921,2573,2952,4219,3848,694.08,1.66,0
Background_10.0km_from_Aguila District,-113.31968,33.82471,Regional Country Rock (Geology associated with Aguila region),0 (Barren Background),Trace / Non-mineralized,Unmineralized Andesite/Tuff,Local Volcanics,Miocene,Synthetic Negative Sample for ML,N/A - Non-mine location,0 meters,0% (Background Terrain),Andesite/Tuff (Observed at surface),1039,1283,1609,2036,3073,2563,1310.6,29.84,0
Background_5.7km_from_Maricopa County,-113.07294,33.73896,Regional Country Rock (Geology associated with Maricopa region),0 (Barren Background),Trace / Non-mineralized,Unmineralized Andesite/Tuff,Local Volcanics,Miocene,Synthetic Negative Sample for ML,N/A - Non-mine location,0 meters,0% (Background Terrain),Andesite/Tuff (Observed at surface),1203,1591,2168,2634,3470,3057,718.41,5.02,0
Background_5.4km_from_Maricopa County,-113.06419,33.75290,Regional Country Rock (Geology associated with Maricopa region),0 (Barren Background),Trace / Non-mineralized,Unmineralized Andesite/Tuff,Local Volcanics,Miocene,Synthetic Negative Sample for ML,N/A - Non-mine location,0 meters,0% (Background Terrain),Andesite/Tuff (Observed at surface),1097,1442,1812,2361,3209,2907,701.87,2.68,0
Background_7.6km_from_Maricopa County,-113.05728,33.72719,Regional Country Rock (Geology associated with Maricopa region),0 (Barren Background),Trace / Non-mineralized,Unmineralized Andesite/Tuff,Local Volcanics,Miocene,Synthetic Negative Sample for ML,N/A - Non-mine location,0 meters,0% (Background Terrain),Andesite/Tuff (Observed at surface),1089,1431,1941,2437,3407,2960,744.97,4.36,0
Background_9.8km_from_Maricopa County,-113.05100,33.84261,Regional Country Rock (Geology associated with Maricopa region),0 (Barren Background),Trace / Non-mineralized,Unmineralized Andesite/Tuff,Local Volcanics,Miocene,Synthetic Negative Sample for ML,N/A - Non-mine location,0 meters,0% (Background Terrain),Andesite/Tuff (Observed at surface),0,0,0,0,0,0,711.85,0.95,0
Background_5.0km_from_Maricopa County,-113.07637,33.73066,Regional Country Rock (Geology associated with Maricopa region),0 (Barren Background),Trace / Non-mineralized,Unmineralized Andesite/Tuff,Local Volcanics,Miocene,Synthetic Negative Sample for ML,N/A - Non-mine location,0 meters,0% (Background Terrain),Andesite/Tuff (Observed at surface),825,1143,1647,2078,3057,2630,736.79,5.47,0
Background_6.6km_from_Maricopa County,-113.11993,33.70958,Regional Country Rock (Geology associated with Maricopa region),0 (Barren Background),Trace / Non-mineralized,Unmineralized Andesite/Tuff,Local Volcanics,Miocene,Synthetic Negative Sample for ML,N/A - Non-mine location,0 meters,0% (Background Terrain),Andesite/Tuff (Observed at surface),1207,1527,1776,2671,3799,3086,815.47,17.99,0
Background_6.3km_from_Apache Mine,-110.69685,33.84289,Regional Country Rock (Geology associated with Aguila region),0 (Barren Background),Trace / Non-mineralized,Unmineralized Andesite/Tuff,Local Volcanics,Miocene,Synthetic Negative Sample for ML,N/A - Non-mine location,0 meters,0% (Background Terrain),Andesite/Tuff (Observed at surface),695,1006,1246,2629,3239,2279,1261.03,8.44,0
Background_6.3km_from_Apache Mine,-110.64320,33.74569,Regional Country Rock (Geology associated with Aguila region),0 (Barren Background),Trace / Non-mineralized,Unmineralized Andesite/Tuff,Local Volcanics,Miocene,Synthetic Negative Sample for ML,N/A - Non-mine location,0 meters,0% (Background Terrain),Andesite/Tuff (Observed at surface),551,855,1057,2253,2654,1989,1209.98,14.53,0
Background_7.4km_from_Apache Mine,-110.63759,33.83519,Regional Country Rock (Geology associated with Aguila region),0 (Barren Background),Trace / Non-mineralized,Unmineralized Andesite/Tuff,Local Volcanics,Miocene,Synthetic Negative Sample for ML,N/A - Non-mine location,0 meters,0% (Background Terrain),Andesite/Tuff (Observed at surface),1226,1522,1980,2551,3343,2741,1275.22,13.58,0
Background_7.4km_from_Black Bear Mine,-111.46532,31.96606,Regional Country Rock (Geology associated with Aguila region),0 (Barren Background),Trace / Non-mineralized,Unmineralized Andesite/Tuff,Local Volcanics,Miocene,Synthetic Negative Sample for ML,N/A - Non-mine location,0 meters,0% (Background Terrain),Andesite/Tuff (Observed at surface),1370,1937,2826,3445,4667,4292,954.84,1.5,0
Background_6.3km_from_Black Bear Mine,-111.44929,31.98561,Regional Country Rock (Geology associated with Aguila region),0 (Barren Background),Trace / Non-mineralized,Unmineralized Andesite/Tuff,Local Volcanics,Miocene,Synthetic Negative Sample for ML,N/A - Non-mine location,0 meters,0% (Background Terrain),Andesite/Tuff (Observed at surface),916,1393,2059,3025,4201,3695,916.7,1.09,0
Background_5.7km_from_Black Bear Mine,-111.44831,32.06312,Regional Country Rock (Geology associated with Aguila region),0 (Barren Background),Trace / Non-mineralized,Unmineralized Andesite/Tuff,Local Volcanics,Miocene,Synthetic Negative Sample for ML,N/A - Non-mine location,0 meters,0% (Background Terrain),Andesite/Tuff (Observed at surface),1188,1521,1863,2593,2769,2258,975.18,17.46,0
Background_7.4km_from_Valley View Claim,-113.10829,33.69909,Regional Country Rock (Geology associated with Aguila region),0 (Barren Background),Trace / Non-mineralized,Unmineralized Andesite/Tuff,Local Volcanics,Miocene,Synthetic Negative Sample for ML,N/A - Non-mine location,0 meters,0% (Background Terrain),Andesite/Tuff (Observed at surface),1080,1415,1740,2366,3386,2844,820.45,18.18,0
Background_7.9km_from_Valley View Claim,-113.12884,33.69560,Regional Country Rock (Geology associated with Aguila region),0 (Barren Background),Trace / Non-mineralized,Unmineralized Andesite/Tuff,Local Volcanics,Miocene,Synthetic Negative Sample for ML,N/A - Non-mine location,0 meters,0% (Background Terrain),Andesite/Tuff (Observed at surface),933,1217,1625,2112,2759,2405,701.01,5.05,0
Background_5.2km_from_Valley View Claim,-113.06149,33.78567,Regional Country Rock (Geology associated with Aguila region),0 (Barren Background),Trace / Non-mineralized,Unmineralized Andesite/Tuff,Local Volcanics,Miocene,Synthetic Negative Sample for ML,N/A - Non-mine location,0 meters,0% (Background Terrain),Andesite/Tuff (Observed at surface),1149,1653,2072,2537,3414,3087,672.08,1.86,0
Background_8.9km_from_Maggie 1-A-Adit,-113.59618,34.41378,Regional Country Rock (Geology associated with Artillery region),0 (Barren Background),Trace / Non-mineralized,Unmineralized Sandstone/Conglomerate,Chapin Wash Fm,Miocene,Synthetic Negative Sample for ML,N/A - Non-mine location,0 meters,0% (Background Terrain),Sandstone/Conglomerate (Observed at surface),1060,1351,1791,2302,3208,2815,423.01,14.48,0
Background_7.7km_from_Maggie 1-A-Adit,-113.62040,34.41214,Regional Country Rock (Geology associated with Artillery region),0 (Barren Background),Trace / Non-mineralized,Unmineralized Sandstone/Conglomerate,Chapin Wash Fm,Miocene,Synthetic Negative Sample for ML,N/A - Non-mine location,0 meters,0% (Background Terrain),Sandstone/Conglomerate (Observed at surface),0,0,0,0,0,0,770.51,18.02,0
Background_7.1km_from_Maggie 1-A-Adit,-113.57363,34.33918,Regional Country Rock (Geology associated with Artillery region),0 (Barren Background),Trace / Non-mineralized,Unmineralized Sandstone/Conglomerate,Chapin Wash Fm,Miocene,Synthetic Negative Sample for ML,N/A - Non-mine location,0 meters,0% (Background Terrain),Sandstone/Conglomerate (Observed at surface),1078,1367,1798,2161,3318,3267,494.28,6.63,0
Background_9.0km_from_Black Bart,-113.11899,33.80249,Regional Country Rock (Geology associated with Aguila region),0 (Barren Background),Trace / Non-mineralized,Unmineralized Andesite/Tuff,Local Volcanics,Miocene,Synthetic Negative Sample for ML,N/A - Non-mine location,0 meters,0% (Background Terrain),Andesite/Tuff (Observed at surface),1498,1991,2629,2991,4231,3854,699.78,1.36,0
Background_5.6km_from_Black Bart,-113.17436,33.68238,Regional Country Rock (Geology associated with Aguila region),0 (Barren Background),Trace / Non-mineralized,Unmineralized Andesite/Tuff,Local Volcanics,Miocene,Synthetic Negative Sample for ML,N/A - Non-mine location,0 meters,0% (Background Terrain),Andesite/Tuff (Observed at surface),1385,1757,2363,2710,3808,3531,604.5,2.46,0
Background_7.5km_from_Black Bart,-113.11536,33.78330,Regional Country Rock (Geology associated with Aguila region),0 (Barren Background),Trace / Non-mineralized,Unmineralized Andesite/Tuff,Local Volcanics,Miocene,Synthetic Negative Sample for ML,N/A - Non-mine location,0 meters,0% (Background Terrain),Andesite/Tuff (Observed at surface),1175,1569,2131,2499,3720,3465,709.97,1.97,0
Background_5.8km_from_Snowball Mine,-113.30299,33.70378,Regional Country Rock (Geology associated with Aguila region),0 (Barren Background),Trace / Non-mineralized,Unmineralized Andesite/Tuff,Local Volcanics,Miocene,Synthetic Negative Sample for ML,N/A - Non-mine location,0 meters,0% (Background Terrain),Andesite/Tuff (Observed at surface),1471,1943,2542,2874,4025,3796,525.33,0.81,0
Background_7.7km_from_Snowball Mine,-113.24411,33.61787,Regional Country Rock (Geology associated with Aguila region),0 (Barren Background),Trace / Non-mineralized,Unmineralized Andesite/Tuff,Local Volcanics,Miocene,Synthetic Negative Sample for ML,N/A - Non-mine location,0 meters,0% (Background Terrain),Andesite/Tuff (Observed at surface),1650,2153,2893,3340,4522,4275,459.54,0.75,0
Background_5.8km_from_Snowball Mine,-113.31503,33.70450,Regional Country Rock (Geology associated with Aguila region),0 (Barren Background),Trace / Non-mineralized,Unmineralized Andesite/Tuff,Local Volcanics,Miocene,Synthetic Negative Sample for ML,N/A - Non-mine location,0 meters,0% (Background Terrain),Andesite/Tuff (Observed at surface),1409,1936,2537,2981,4177,3857,521.29,0.63,0
Background_8.8km_from_Tarr and Harper Mine,-110.66568,32.89337,Regional Country Rock (Geology associated with Pinal region),0 (Barren Background),Trace / Non-mineralized,Unmineralized Volcanic breccia,Tertiary Volcanics,Tertiary,Synthetic Negative Sample for ML,N/A - Non-mine location,0 meters,0% (Background Terrain),Volcanic breccia (Observed at surface),607,928,1249,2045,2505,2021,787.44,2.89,0
Background_8.5km_from_Tarr and Harper Mine,-110.66547,32.78536,Regional Country Rock (Geology associated with Pinal region),0 (Barren Background),Trace / Non-mineralized,Unmineralized Volcanic breccia,Tertiary Volcanics,Tertiary,Synthetic Negative Sample for ML,N/A - Non-mine location,0 meters,0% (Background Terrain),Volcanic breccia (Observed at surface),1624,2013,2520,2866,3313,2894,713.51,10.0,0
Background_5.3km_from_Tarr and Harper Mine,-110.67900,32.85476,Regional Country Rock (Geology associated with Pinal region),0 (Barren Background),Trace / Non-mineralized,Unmineralized Volcanic breccia,Tertiary Volcanics,Tertiary,Synthetic Negative Sample for ML,N/A - Non-mine location,0 meters,0% (Background Terrain),Volcanic breccia (Observed at surface),1215,1676,2249,2864,3655,3287,712.46,3.23,0
Background_6.8km_from_Jolly Roger Mine,-114.03658,33.97422,Regional Country Rock (Hydrothermal/Sedimentary Deposit),0 (Barren Background),Trace / Non-mineralized,Unmineralized Quartzite/Schist,Local Metamorphic/Sedimentary Sequence,Phanerozoic,Synthetic Negative Sample for ML,N/A - Non-mine location,0 meters,0% (Background Terrain),Quartzite/Schist (Observed at surface),1525,2111,2766,3391,4575,4259,270.19,0.93,0
Background_5.6km_from_Jolly Roger Mine,-113.90644,33.98558,Regional Country Rock (Hydrothermal/Sedimentary Deposit),0 (Barren Background),Trace / Non-mineralized,Unmineralized Quartzite/Schist,Local Metamorphic/Sedimentary Sequence,Phanerozoic,Synthetic Negative Sample for ML,N/A - Non-mine location,0 meters,0% (Background Terrain),Quartzite/Schist (Observed at surface),1281,1658,2009,2437,3098,2794,388.91,1.72,0
Background_8.6km_from_Jolly Roger Mine,-113.87666,33.99649,Regional Country Rock (Hydrothermal/Sedimentary Deposit),0 (Barren Background),Trace / Non-mineralized,Unmineralized Quartzite/Schist,Local Metamorphic/Sedimentary Sequence,Phanerozoic,Synthetic Negative Sample for ML,N/A - Non-mine location,0 meters,0% (Background Terrain),Quartzite/Schist (Observed at surface),1594,2107,2556,3123,4003,3597,415.82,0.79,0
Background_5.5km_from_Luckie No.1 Fluorite Claim,-109.04758,32.79881,Regional Country Rock (Hydrothermal/Sedimentary Deposit),0 (Barren Background),Trace / Non-mineralized,Unmineralized Quartzite/Schist,Local Metamorphic/Sedimentary Sequence,Phanerozoic,Synthetic Negative Sample for ML,N/A - Non-mine location,0 meters,0% (Background Terrain),Quartzite/Schist (Observed at surface),1538,1860,2561,2942,3500,3207,1333.38,7.09,0
Background_5.4km_from_Luckie No.1 Fluorite Claim,-109.11025,32.86012,Regional Country Rock (Hydrothermal/Sedimentary Deposit),0 (Barren Background),Trace / Non-mineralized,Unmineralized Quartzite/Schist,Local Metamorphic/Sedimentary Sequence,Phanerozoic,Synthetic Negative Sample for ML,N/A - Non-mine location,0 meters,0% (Background Terrain),Quartzite/Schist (Observed at surface),889,1171,1714,2029,2578,2219,1238.55,6.37,0
Background_7.6km_from_Luckie No.1 Fluorite Claim,-109.05470,32.91580,Regional Country Rock (Hydrothermal/Sedimentary Deposit),0 (Barren Background),Trace / Non-mineralized,Unmineralized Quartzite/Schist,Local Metamorphic/Sedimentary Sequence,Phanerozoic,Synthetic Negative Sample for ML,N/A - Non-mine location,0 meters,0% (Background Terrain),Quartzite/Schist (Observed at surface),0,0,0,0,0,0,1449.68,11.38,0
Background_6.6km_from_New Dominion Mine,-110.85741,33.44312,Regional Country Rock (Geology associated with Gila region),0 (Barren Background),Trace / Non-mineralized,Unmineralized Diabase/Limestone,Apache Group,Precambrian,Synthetic Negative Sample for ML,N/A - Non-mine location,0 meters,0% (Background Terrain),Diabase/Limestone (Observed at surface),0,0,0,0,0,0,1079.3,7.07,0
Background_7.5km_from_New Dominion Mine,-110.71702,33.45725,Regional Country Rock (Geology associated with Gila region),0 (Barren Background),Trace / Non-mineralized,Unmineralized Diabase/Limestone,Apache Group,Precambrian,Synthetic Negative Sample for ML,N/A - Non-mine location,0 meters,0% (Background Terrain),Diabase/Limestone (Observed at surface),787,1115,1643,2184,3073,2526,1266.44,7.85,0
Background_5.4km_from_New Dominion Mine,-110.83111,33.45931,Regional Country Rock (Geology associated with Gila region),0 (Barren Background),Trace / Non-mineralized,Unmineralized Diabase/Limestone,Apache Group,Precambrian,Synthetic Negative Sample for ML,N/A - Non-mine location,0 meters,0% (Background Terrain),Diabase/Limestone (Observed at surface),612,948,1093,2186,2812,2068,1002.58,8.87,0
Background_9.0km_from_War Eagle Group,-113.88431,34.25211,Regional Country Rock (Hydrothermal/Sedimentary Deposit),0 (Barren Background),Trace / Non-mineralized,Unmineralized Quartzite/Schist,Local Metamorphic/Sedimentary Sequence,Phanerozoic,Synthetic Negative Sample for ML,N/A - Non-mine location,0 meters,0% (Background Terrain),Quartzite/Schist (Observed at surface),1375,1835,2396,2778,3667,3344,200.11,0.48,0
Background_7.8km_from_War Eagle Group,-113.90871,34.26307,Regional Country Rock (Hydrothermal/Sedimentary Deposit),0 (Barren Background),Trace / Non-mineralized,Unmineralized Quartzite/Schist,Local Metamorphic/Sedimentary Sequence,Phanerozoic,Synthetic Negative Sample for ML,N/A - Non-mine location,0 meters,0% (Background Terrain),Quartzite/Schist (Observed at surface),1332,1750,2231,2581,3512,3058,203.49,5.44,0
Background_7.0km_from_War Eagle Group,-114.02333,34.17142,Regional Country Rock (Hydrothermal/Sedimentary Deposit),0 (Barren Background),Trace / Non-mineralized,Unmineralized Quartzite/Schist,Local Metamorphic/Sedimentary Sequence,Phanerozoic,Synthetic Negative Sample for ML,N/A - Non-mine location,0 meters,0% (Background Terrain),Quartzite/Schist (Observed at surface),1135,1520,1887,2034,2973,2675,448.42,9.16,0
Background_5.7km_from_North Rambo Mine,-110.77184,33.40745,Regional Country Rock (Geology associated with Globe region),0 (Barren Background),Trace / Non-mineralized,Unmineralized Diabase/Limestone,Apache Group,Precambrian,Synthetic Negative Sample for ML,N/A - Non-mine location,0 meters,0% (Background Terrain),Diabase/Limestone (Observed at surface),685,1041,1560,2224,2914,2270,1174.36,10.52,0
Background_9.4km_from_North Rambo Mine,-110.83236,33.52683,Regional Country Rock (Geology associated with Globe region),0 (Barren Background),Trace / Non-mineralized,Unmineralized Diabase/Limestone,Apache Group,Precambrian,Synthetic Negative Sample for ML,N/A - Non-mine location,0 meters,0% (Background Terrain),Diabase/Limestone (Observed at surface),809,1129,1617,2183,3141,2471,1109.66,13.56,0
Background_9.4km_from_North Rambo Mine,-110.79747,33.37661,Regional Country Rock (Geology associated with Globe region),0 (Barren Background),Trace / Non-mineralized,Unmineralized Diabase/Limestone,Apache Group,Precambrian,Synthetic Negative Sample for ML,N/A - Non-mine location,0 meters,0% (Background Terrain),Diabase/Limestone (Observed at surface),722,980,1199,2249,2744,1957,1183.81,12.66,0
Background_8.3km_from_Apache Indian Reservation,-110.78498,33.80116,Regional Country Rock (Hydrothermal/Sedimentary Deposit),0 (Barren Background),Trace / Non-mineralized,Unmineralized Quartzite/Schist,Local Metamorphic/Sedimentary Sequence,Phanerozoic,Synthetic Negative Sample for ML,N/A - Non-mine location,0 meters,0% (Background Terrain),Quartzite/Schist (Observed at surface),585,912,1373,1851,2992,2478,1113.83,7.96,0
Background_8.8km_from_Apache Indian Reservation,-110.69132,33.71511,Regional Country Rock (Hydrothermal/Sedimentary Deposit),0 (Barren Background),Trace / Non-mineralized,Unmineralized Quartzite/Schist,Local Metamorphic/Sedimentary Sequence,Phanerozoic,Synthetic Negative Sample for ML,N/A - Non-mine location,0 meters,0% (Background Terrain),Quartzite/Schist (Observed at surface),567,761,1052,1489,2067,1709,1115.15,26.32,0
Background_5.6km_from_Apache Indian Reservation,-110.74507,33.82211,Regional Country Rock (Hydrothermal/Sedimentary Deposit),0 (Barren Background),Trace / Non-mineralized,Unmineralized Quartzite/Schist,Local Metamorphic/Sedimentary Sequence,Phanerozoic,Synthetic Negative Sample for ML,N/A - Non-mine location,0 meters,0% (Background Terrain),Quartzite/Schist (Observed at surface),449,692,839,2148,2521,1860,1340.69,12.49,0
Background_8.7km_from_Needle Eye Mine,-113.45792,34.29589,Regional Country Rock (Geology associated with Artillery region),0 (Barren Background),Trace / Non-mineralized,Unmineralized Sandstone/Conglomerate,Chapin Wash Fm,Miocene,Synthetic Negative Sample for ML,N/A - Non-mine location,0 meters,0% (Background Terrain),Sandstone/Conglomerate (Observed at surface),1229,1479,1809,1923,2474,2121,398.65,6.67,0
Background_8.9km_from_Needle Eye Mine,-113.61002,34.25968,Regional Country Rock (Geology associated with Artillery region),0 (Barren Background),Trace / Non-mineralized,Unmineralized Sandstone/Conglomerate,Chapin Wash Fm,Miocene,Synthetic Negative Sample for ML,N/A - Non-mine location,0 meters,0% (Background Terrain),Sandstone/Conglomerate (Observed at surface),1406,1721,2015,2206,3252,3093,472.41,9.26,0
Background_5.1km_from_Needle Eye Mine,-113.50363,34.34841,Regional Country Rock (Geology associated with Artillery region),0 (Barren Background),Trace / Non-mineralized,Unmineralized Sandstone/Conglomerate,Chapin Wash Fm,Miocene,Synthetic Negative Sample for ML,N/A - Non-mine location,0 meters,0% (Background Terrain),Sandstone/Conglomerate (Observed at surface),1576,1946,2351,2634,3731,3516,445.91,12.17,0
Background_6.9km_from_Fourth of July No.4 Claim,-109.00251,32.85891,Regional Country Rock (Hydrothermal/Sedimentary Deposit),0 (Barren Background),Trace / Non-mineralized,Unmineralized Quartzite/Schist,Local Metamorphic/Sedimentary Sequence,Phanerozoic,Synthetic Negative Sample for ML,N/A - Non-mine location,0 meters,0% (Background Terrain),Quartzite/Schist (Observed at surface),816,1041,1188,2180,2178,1668,1630.67,11.89,0
Background_5.1km_from_Fourth of July No.4 Claim,-109.04359,32.82318,Regional Country Rock (Hydrothermal/Sedimentary Deposit),0 (Barren Background),Trace / Non-mineralized,Unmineralized Quartzite/Schist,Local Metamorphic/Sedimentary Sequence,Phanerozoic,Synthetic Negative Sample for ML,N/A - Non-mine location,0 meters,0% (Background Terrain),Quartzite/Schist (Observed at surface),1115,1367,1810,2134,2739,2539,1370.93,7.53,0
Background_6.5km_from_Fourth of July No.4 Claim,-109.09995,32.80588,Regional Country Rock (Hydrothermal/Sedimentary Deposit),0 (Barren Background),Trace / Non-mineralized,Unmineralized Quartzite/Schist,Local Metamorphic/Sedimentary Sequence,Phanerozoic,Synthetic Negative Sample for ML,N/A - Non-mine location,0 meters,0% (Background Terrain),Quartzite/Schist (Observed at surface),1,1216,1738,2119,2659,2354,1228.77,5.22,0
Background_5.8km_from_Thurston and Hardy Mine,-109.30695,32.88812,Regional Country Rock (Hydrothermal/Sedimentary Deposit),0 (Barren Background),Trace / Non-mineralized,Unmineralized Quartzite/Schist,Local Metamorphic/Sedimentary Sequence,Phanerozoic,Synthetic Negative Sample for ML,N/A - Non-mine location,0 meters,0% (Background Terrain),Quartzite/Schist (Observed at surface),707,926,1079,1497,1826,1459,1655.86,21.89,0
Background_8.6km_from_Thurston and Hardy Mine,-109.17018,32.90404,Regional Country Rock (Hydrothermal/Sedimentary Deposit),0 (Barren Background),Trace / Non-mineralized,Unmineralized Quartzite/Schist,Local Metamorphic/Sedimentary Sequence,Phanerozoic,Synthetic Negative Sample for ML,N/A - Non-mine location,0 meters,0% (Background Terrain),Quartzite/Schist (Observed at surface),1049,1370,1949,2327,3111,2922,1156.4,2.96,0
Background_6.0km_from_Thurston and Hardy Mine,-109.31068,32.88462,Regional Country Rock (Hydrothermal/Sedimentary Deposit),0 (Barren Background),Trace / Non-mineralized,Unmineralized Quartzite/Schist,Local Metamorphic/Sedimentary Sequence,Phanerozoic,Synthetic Negative Sample for ML,N/A - Non-mine location,0 meters,0% (Background Terrain),Quartzite/Schist (Observed at surface),619,810,1039,1514,1750,1435,1924.8,16.4,0
Background_7.4km_from_Burmister Mine,-112.07125,34.25971,Regional Country Rock (Geology associated with Yavapai region),0 (Barren Background),Trace / Non-mineralized,Unmineralized Schist/Volcanics,Yavapai Schist,Paleoproterozoic,Synthetic Negative Sample for ML,N/A - Non-mine location,0 meters,0% (Background Terrain),Schist/Volcanics (Observed at surface),678,1031,1410,2150,3623,2831,1050.86,5.94,0
Background_9.8km_from_Burmister Mine,-111.97827,34.29883,Regional Country Rock (Geology associated with Yavapai region),0 (Barren Background),Trace / Non-mineralized,Unmineralized Schist/Volcanics,Yavapai Schist,Paleoproterozoic,Synthetic Negative Sample for ML,N/A - Non-mine location,0 meters,0% (Background Terrain),Schist/Volcanics (Observed at surface),0,0,0,0,0,0,1252.23,8.69,0
Background_9.8km_from_Burmister Mine,-112.07283,34.41349,Regional Country Rock (Geology associated with Yavapai region),0 (Barren Background),Trace / Non-mineralized,Unmineralized Schist/Volcanics,Yavapai Schist,Paleoproterozoic,Synthetic Negative Sample for ML,N/A - Non-mine location,0 meters,0% (Background Terrain),Schist/Volcanics (Observed at surface),556,855,1112,2133,2785,2239,1158.74,1.6,0
Background_5.2km_from_Globe Manganese,-110.70830,33.46088,Regional Country Rock (Geology associated with Globe region),0 (Barren Background),Trace / Non-mineralized,Unmineralized Diabase/Limestone,Apache Group,Precambrian,Synthetic Negative Sample for ML,N/A - Non-mine location,0 meters,0% (Background Terrain),Diabase/Limestone (Observed at surface),945,1420,2018,2639,3714,3192,1358.01,20.37,0
Background_9.4km_from_Globe Manganese,-110.66293,33.38001,Regional Country Rock (Geology associated with Globe region),0 (Barren Background),Trace / Non-mineralized,Unmineralized Diabase/Limestone,Apache Group,Precambrian,Synthetic Negative Sample for ML,N/A - Non-mine location,0 meters,0% (Background Terrain),Diabase/Limestone (Observed at surface),722,1101,1577,2382,2881,2198,1054.98,7.49,0
Background_8.1km_from_Globe Manganese,-110.74187,33.49911,Regional Country Rock (Geology associated with Globe region),0 (Barren Background),Trace / Non-mineralized,Unmineralized Diabase/Limestone,Apache Group,Precambrian,Synthetic Negative Sample for ML,N/A - Non-mine location,0 meters,0% (Background Terrain),Diabase/Limestone (Observed at surface),621,828,1167,1962,2519,1931,1442.17,13.29,0
Background_6.3km_from_Manganese King Mine,-112.17935,32.39186,Regional Country Rock (Hydrothermal/Sedimentary Deposit),0 (Barren Background),Trace / Non-mineralized,Unmineralized Quartzite/Schist,Local Metamorphic/Sedimentary Sequence,Phanerozoic,Synthetic Negative Sample for ML,N/A - Non-mine location,0 meters,0% (Background Terrain),Quartzite/Schist (Observed at surface),1458,1947,2612,2949,3934,3537,653.03,2.04,0
Background_6.2km_from_Manganese King Mine,-112.11597,32.37309,Regional Country Rock (Hydrothermal/Sedimentary Deposit),0 (Barren Background),Trace / Non-mineralized,Unmineralized Quartzite/Schist,Local Metamorphic/Sedimentary Sequence,Phanerozoic,Synthetic Negative Sample for ML,N/A - Non-mine location,0 meters,0% (Background Terrain),Quartzite/Schist (Observed at surface),1036,1377,1733,2180,2888,2490,606.91,0.78,0
Background_5.4km_from_Manganese King Mine,-112.08876,32.39207,Regional Country Rock (Hydrothermal/Sedimentary Deposit),0 (Barren Background),Trace / Non-mineralized,Unmineralized Quartzite/Schist,Local Metamorphic/Sedimentary Sequence,Phanerozoic,Synthetic Negative Sample for ML,N/A - Non-mine location,0 meters,0% (Background Terrain),Quartzite/Schist (Observed at surface),1236,1560,1888,2306,3203,2698,609.62,12.96,0
Background_8.7km_from_Globe Manganese Mine,-110.83289,33.39640,Regional Country Rock (Geology associated with Globe region),0 (Barren Background),Trace / Non-mineralized,Unmineralized Diabase/Limestone,Apache Group,Precambrian,Synthetic Negative Sample for ML,N/A - Non-mine location,0 meters,0% (Background Terrain),Diabase/Limestone (Observed at surface),1182,1516,1755,2979,3632,2760,1108.85,1.04,0
Background_5.7km_from_Globe Manganese Mine,-110.81107,33.47053,Regional Country Rock (Geology associated with Globe region),0 (Barren Background),Trace / Non-mineralized,Unmineralized Diabase/Limestone,Apache Group,Precambrian,Synthetic Negative Sample for ML,N/A - Non-mine location,0 meters,0% (Background Terrain),Diabase/Limestone (Observed at surface),688,931,1110,1832,2804,2232,1107.1,10.33,0
Background_7.6km_from_Globe Manganese Mine,-110.81697,33.49223,Regional Country Rock (Geology associated with Globe region),0 (Barren Background),Trace / Non-mineralized,Unmineralized Diabase/Limestone,Apache Group,Precambrian,Synthetic Negative Sample for ML,N/A - Non-mine location,0 meters,0% (Background Terrain),Diabase/Limestone (Observed at surface),692,1080,1511,2131,3067,2574,1100.43,8.2,0
Background_6.8km_from_Holy Joe Peak,-110.66299,32.75259,Regional Country Rock (Geology associated with Pinal region),0 (Barren Background),Trace / Non-mineralized,Unmineralized Volcanic breccia,Tertiary Volcanics,Tertiary,Synthetic Negative Sample for ML,N/A - Non-mine location,0 meters,0% (Background Terrain),Volcanic breccia (Observed at surface),859,1093,1423,1953,2279,1891,718.23,6.11,0
Background_5.8km_from_Holy Joe Peak,-110.56411,32.82164,Regional Country Rock (Geology associated with Pinal region),0 (Barren Background),Trace / Non-mineralized,Unmineralized Volcanic breccia,Tertiary Volcanics,Tertiary,Synthetic Negative Sample for ML,N/A - Non-mine location,0 meters,0% (Background Terrain),Volcanic breccia (Observed at surface),702,1017,1172,1829,2368,2019,1216.02,18.21,0
Background_7.5km_from_Holy Joe Peak,-110.68609,32.76227,Regional Country Rock (Geology associated with Pinal region),0 (Barren Background),Trace / Non-mineralized,Unmineralized Volcanic breccia,Tertiary Volcanics,Tertiary,Synthetic Negative Sample for ML,N/A - Non-mine location,0 meters,0% (Background Terrain),Volcanic breccia (Observed at surface),727,972,1167,1985,2409,1937,809.57,6.83,0
Background_8.7km_from_Black Tail Group,-109.99409,31.65355,Regional Country Rock (Geology associated with Tombstone region),0 (Barren Background),Trace / Non-mineralized,Unmineralized Limestone,Naco Group,Laramide,Synthetic Negative Sample for ML,N/A - Non-mine location,0 meters,0% (Background Terrain),Limestone (Observed at surface),995,1295,1563,2448,3098,2539,1476.05,16.67,0
Background_9.1km_from_Black Tail Group,-110.08490,31.61017,Regional Country Rock (Geology associated with Tombstone region),0 (Barren Background),Trace / Non-mineralized,Unmineralized Limestone,Naco Group,Laramide,Synthetic Negative Sample for ML,N/A - Non-mine location,0 meters,0% (Background Terrain),Limestone (Observed at surface),908,1140,1489,2328,3805,3208,1292.48,0.74,0
Background_8.7km_from_Black Tail Group,-110.10574,31.76530,Regional Country Rock (Geology associated with Tombstone region),0 (Barren Background),Trace / Non-mineralized,Unmineralized Limestone,Naco Group,Laramide,Synthetic Negative Sample for ML,N/A - Non-mine location,0 meters,0% (Background Terrain),Limestone (Observed at surface),732,1211,1871,2563,3064,2525,1297.31,1.0,0
Background_9.4km_from_Rattlesnake Claims,-110.94232,33.70853,Regional Country Rock (Geology associated with Gila region),0 (Barren Background),Trace / Non-mineralized,Unmineralized Diabase/Limestone,Apache Group,Precambrian,Synthetic Negative Sample for ML,N/A - Non-mine location,0 meters,0% (Background Terrain),Diabase/Limestone (Observed at surface),948,1277,1517,2411,2952,2387,951.02,11.98,0
Background_9.1km_from_Rattlesnake Claims,-110.92982,33.72216,Regional Country Rock (Geology associated with Gila region),0 (Barren Background),Trace / Non-mineralized,Unmineralized Diabase/Limestone,Apache Group,Precambrian,Synthetic Negative Sample for ML,N/A - Non-mine location,0 meters,0% (Background Terrain),Diabase/Limestone (Observed at surface),579,856,936,2524,2595,1914,1307.79,20.66,0
Background_6.8km_from_Rattlesnake Claims,-110.98509,33.83195,Regional Country Rock (Geology associated with Gila region),0 (Barren Background),Trace / Non-mineralized,Unmineralized Diabase/Limestone,Apache Group,Precambrian,Synthetic Negative Sample for ML,N/A - Non-mine location,0 meters,0% (Background Terrain),Diabase/Limestone (Observed at surface),350,529,584,2112,1941,1141,1758.76,9.45,0
Background_9.3km_from_Contact Mine,-110.06762,31.60989,Regional Country Rock (Geology associated with Tombstone region),0 (Barren Background),Trace / Non-mineralized,Unmineralized Limestone,Naco Group,Laramide,Synthetic Negative Sample for ML,N/A - Non-mine location,0 meters,0% (Background Terrain),Limestone (Observed at surface),1137,1642,2181,3125,4133,3614,1311.79,0.79,0
Background_5.9km_from_Contact Mine,-110.03032,31.71315,Regional Country Rock (Geology associated with Tombstone region),0 (Barren Background),Trace / Non-mineralized,Unmineralized Limestone,Naco Group,Laramide,Synthetic Negative Sample for ML,N/A - Non-mine location,0 meters,0% (Background Terrain),Limestone (Observed at surface),630,945,939,2324,2553,1803,1381.09,5.83,0
Background_8.6km_from_Contact Mine,-110.12573,31.62114,Regional Country Rock (Geology associated with Tombstone region),0 (Barren Background),Trace / Non-mineralized,Unmineralized Limestone,Naco Group,Laramide,Synthetic Negative Sample for ML,N/A - Non-mine location,0 meters,0% (Background Terrain),Limestone (Observed at surface),0,0,0,0,0,0,1277.7,3.16,0
Background_7.2km_from_Almino Group,-110.98626,33.06961,Regional Country Rock (Geology associated with Pinal region),0 (Barren Background),Trace / Non-mineralized,Unmineralized Volcanic breccia,Tertiary Volcanics,Tertiary,Synthetic Negative Sample for ML,N/A - Non-mine location,0 meters,0% (Background Terrain),Volcanic breccia (Observed at surface),1000,1353,1676,2505,3379,2707,793.91,11.59,0
Background_7.8km_from_Almino Group,-111.00833,33.08524,Regional Country Rock (Geology associated with Pinal region),0 (Barren Background),Trace / Non-mineralized,Unmineralized Volcanic breccia,Tertiary Volcanics,Tertiary,Synthetic Negative Sample for ML,N/A - Non-mine location,0 meters,0% (Background Terrain),Volcanic breccia (Observed at surface),1218,1638,2019,2817,3823,3265,602.79,12.54,0
Background_6.1km_from_Almino Group,-110.99759,33.12975,Regional Country Rock (Geology associated with Pinal region),0 (Barren Background),Trace / Non-mineralized,Unmineralized Volcanic breccia,Tertiary Volcanics,Tertiary,Synthetic Negative Sample for ML,N/A - Non-mine location,0 meters,0% (Background Terrain),Volcanic breccia (Observed at surface),864,1094,1306,1934,2455,2009,817.66,20.95,0
Background_9.7km_from_Cochise Group,-110.81647,33.05025,Regional Country Rock (Geology associated with Cochise region),0 (Barren Background),Trace / Non-mineralized,Unmineralized Limestone,Escabrosa Limestone,Carboniferous,Synthetic Negative Sample for ML,N/A - Non-mine location,0 meters,0% (Background Terrain),Limestone (Observed at surface),967,1233,1479,1901,2509,2135,833.88,13.15,0
Background_9.5km_from_Cochise Group,-110.78254,33.12275,Regional Country Rock (Geology associated with Cochise region),0 (Barren Background),Trace / Non-mineralized,Unmineralized Limestone,Escabrosa Limestone,Carboniferous,Synthetic Negative Sample for ML,N/A - Non-mine location,0 meters,0% (Background Terrain),Limestone (Observed at surface),789,1199,1830,2281,3184,2713,755.21,10.91,0
Background_6.7km_from_Cochise Group,-110.85952,33.05975,Regional Country Rock (Geology associated with Cochise region),0 (Barren Background),Trace / Non-mineralized,Unmineralized Limestone,Escabrosa Limestone,Carboniferous,Synthetic Negative Sample for ML,N/A - Non-mine location,0 meters,0% (Background Terrain),Limestone (Observed at surface),1458,1862,2228,2910,3705,3161,724.09,7.94,0
Background_7.7km_from_Peach Springs Manganese Mine,-113.04412,35.73904,Regional Country Rock (Hydrothermal/Sedimentary Deposit),0 (Barren Background),Trace / Non-mineralized,Unmineralized Quartzite/Schist,Local Metamorphic/Sedimentary Sequence,Phanerozoic,Synthetic Negative Sample for ML,N/A - Non-mine location,0 meters,0% (Background Terrain),Quartzite/Schist (Observed at surface),840,1135,1521,2374,3558,2823,1787.38,4.42,0
Background_7.4km_from_Peach Springs Manganese Mine,-112.94202,35.71192,Regional Country Rock (Hydrothermal/Sedimentary Deposit),0 (Barren Background),Trace / Non-mineralized,Unmineralized Quartzite/Schist,Local Metamorphic/Sedimentary Sequence,Phanerozoic,Synthetic Negative Sample for ML,N/A - Non-mine location,0 meters,0% (Background Terrain),Quartzite/Schist (Observed at surface),1165,1558,2097,3088,3663,2965,1887.83,4.06,0
Background_5.7km_from_Peach Springs Manganese Mine,-113.06828,35.65413,Regional Country Rock (Hydrothermal/Sedimentary Deposit),0 (Barren Background),Trace / Non-mineralized,Unmineralized Quartzite/Schist,Local Metamorphic/Sedimentary Sequence,Phanerozoic,Synthetic Negative Sample for ML,N/A - Non-mine location,0 meters,0% (Background Terrain),Quartzite/Schist (Observed at surface),1082,1565,2295,3052,4647,4149,1694.56,1.35,0
Background_6.1km_from_Monarch Claim,-111.13185,33.24774,Regional Country Rock (Geology associated with Pinal region),0 (Barren Background),Trace / Non-mineralized,Unmineralized Volcanic breccia,Tertiary Volcanics,Tertiary,Synthetic Negative Sample for ML,N/A - Non-mine location,0 meters,0% (Background Terrain),Volcanic breccia (Observed at surface),1593,1881,2226,3101,3163,2554,969.84,28.07,0
Background_6.6km_from_Monarch Claim,-111.12439,33.23803,Regional Country Rock (Geology associated with Pinal region),0 (Barren Background),Trace / Non-mineralized,Unmineralized Volcanic breccia,Tertiary Volcanics,Tertiary,Synthetic Negative Sample for ML,N/A - Non-mine location,0 meters,0% (Background Terrain),Volcanic breccia (Observed at surface),1071,1368,1661,2695,2767,2018,916.49,16.92,0
Background_8.3km_from_Monarch Claim,-111.17381,33.30952,Regional Country Rock (Geology associated with Pinal region),0 (Barren Background),Trace / Non-mineralized,Unmineralized Volcanic breccia,Tertiary Volcanics,Tertiary,Synthetic Negative Sample for ML,N/A - Non-mine location,0 meters,0% (Background Terrain),Volcanic breccia (Observed at surface),1030,1305,1730,2175,3057,2685,800.27,12.67,0
Background_5.3km_from_Armer Wash Mine,-111.07376,33.71546,Regional Country Rock (Geology associated with Sierra region),0 (Barren Background),Trace / Non-mineralized,Unmineralized Limestone,Lake Valley Limestone,Mississippian,Synthetic Negative Sample for ML,N/A - Non-mine location,0 meters,0% (Background Terrain),Limestone (Observed at surface),611,912,1434,1821,2615,2288,835.22,14.77,0
Background_5.0km_from_Armer Wash Mine,-110.99352,33.72033,Regional Country Rock (Geology associated with Sierra region),0 (Barren Background),Trace / Non-mineralized,Unmineralized Limestone,Lake Valley Limestone,Mississippian,Synthetic Negative Sample for ML,N/A - Non-mine location,0 meters,0% (Background Terrain),Limestone (Observed at surface),592,1006,1527,2219,2865,2335,870.28,3.27,0
Background_5.8km_from_Armer Wash Mine,-111.01479,33.79920,Regional Country Rock (Geology associated with Sierra region),0 (Barren Background),Trace / Non-mineralized,Unmineralized Limestone,Lake Valley Limestone,Mississippian,Synthetic Negative Sample for ML,N/A - Non-mine location,0 meters,0% (Background Terrain),Limestone (Observed at surface),358,613,693,2292,2250,1464,1597.25,15.89,0
"Background_6.3km_from_Kaiserdoom, Spring Mine Group",-113.46924,34.24603,Regional Country Rock (Hydrothermal/Sedimentary Deposit),0 (Barren Background),Trace / Non-mineralized,Unmineralized Quartzite/Schist,Local Metamorphic/Sedimentary Sequence,Phanerozoic,Synthetic Negative Sample for ML,N/A - Non-mine location,0 meters,0% (Background Terrain),Quartzite/Schist (Observed at surface),1501,2054,2739,3152,4719,4214,451.74,0.81,0
"Background_8.1km_from_Kaiserdoom, Spring Mine Group",-113.49993,34.32039,Regional Country Rock (Hydrothermal/Sedimentary Deposit),0 (Barren Background),Trace / Non-mineralized,Unmineralized Quartzite/Schist,Local Metamorphic/Sedimentary Sequence,Phanerozoic,Synthetic Negative Sample for ML,N/A - Non-mine location,0 meters,0% (Background Terrain),Quartzite/Schist (Observed at surface),0,0,0,0,0,0,417.51,7.18,0
"Background_7.6km_from_Kaiserdoom, Spring Mine Group",-113.46820,34.34330,Regional Country Rock (Hydrothermal/Sedimentary Deposit),0 (Barren Background),Trace / Non-mineralized,Unmineralized Quartzite/Schist,Local Metamorphic/Sedimentary Sequence,Phanerozoic,Synthetic Negative Sample for ML,N/A - Non-mine location,0 meters,0% (Background Terrain),Quartzite/Schist (Observed at surface),1214,1505,1997,2375,3120,2862,594.0,18.33,0
Background_7.0km_from_Alpine Hg Mine,-117.32282,41.25320,Regional Country Rock (Geology associated with Humboldt region),0 (Barren Background),Trace / Non-mineralized,Unmineralized Radiolarian Chert,Franciscan Complex,Jurassic-Cretaceous,Synthetic Negative Sample for ML,N/A - Non-mine location,0 meters,0% (Background Terrain),Radiolarian Chert (Observed at surface),728,888,1153,1486,2845,2567,1452.81,2.68,0
Background_7.1km_from_Alpine Hg Mine,-117.31920,41.13514,Regional Country Rock (Geology associated with Humboldt region),0 (Barren Background),Trace / Non-mineralized,Unmineralized Radiolarian Chert,Franciscan Complex,Jurassic-Cretaceous,Synthetic Negative Sample for ML,N/A - Non-mine location,0 meters,0% (Background Terrain),Radiolarian Chert (Observed at surface),817,1077,1464,2142,3216,2290,2075.41,17.01,0
Background_6.4km_from_Alpine Hg Mine,-117.33867,41.15164,Regional Country Rock (Geology associated with Humboldt region),0 (Barren Background),Trace / Non-mineralized,Unmineralized Radiolarian Chert,Franciscan Complex,Jurassic-Cretaceous,Synthetic Negative Sample for ML,N/A - Non-mine location,0 meters,0% (Background Terrain),Radiolarian Chert (Observed at surface),1015,1388,1951,2512,3731,2833,1924.26,13.32,0
Background_9.3km_from_Hidden Treasure,-115.36856,39.24200,Regional Country Rock (Geology associated with Nevada region),0 (Barren Background),Trace / Non-mineralized,Unmineralized Limestone/Dolomite,Highland Peak Fm,Cambrian,Synthetic Negative Sample for ML,N/A - Non-mine location,0 meters,0% (Background Terrain),Limestone/Dolomite (Observed at surface),870,1177,1490,2563,3236,2574,2472.58,14.84,0
Background_6.7km_from_Hidden Treasure,-115.42923,39.27859,Regional Country Rock (Geology associated with Nevada region),0 (Barren Background),Trace / Non-mineralized,Unmineralized Limestone/Dolomite,Highland Peak Fm,Cambrian,Synthetic Negative Sample for ML,N/A - Non-mine location,0 meters,0% (Background Terrain),Limestone/Dolomite (Observed at surface),967,1234,1575,2384,3532,2890,2349.06,5.44,0
Background_7.2km_from_Hidden Treasure,-115.52670,39.17974,Regional Country Rock (Geology associated with Nevada region),0 (Barren Background),Trace / Non-mineralized,Unmineralized Limestone/Dolomite,Highland Peak Fm,Cambrian,Synthetic Negative Sample for ML,N/A - Non-mine location,0 meters,0% (Background Terrain),Limestone/Dolomite (Observed at surface),885,1190,1581,2362,2961,2474,2370.07,20.64,0
Background_6.0km_from_Tonopah,-117.15729,38.05959,Regional Country Rock (Geology associated with Nevada region),0 (Barren Background),Trace / Non-mineralized,Unmineralized Limestone/Dolomite,Highland Peak Fm,Cambrian,Synthetic Negative Sample for ML,N/A - Non-mine location,0 meters,0% (Background Terrain),Limestone/Dolomite (Observed at surface),2605,3130,3828,4368,4724,3996,1745.68,2.24,0
Background_5.9km_from_Tonopah,-117.15239,38.08352,Regional Country Rock (Geology associated with Nevada region),0 (Barren Background),Trace / Non-mineralized,Unmineralized Limestone/Dolomite,Highland Peak Fm,Cambrian,Synthetic Negative Sample for ML,N/A - Non-mine location,0 meters,0% (Background Terrain),Limestone/Dolomite (Observed at surface),1114,1356,1777,2163,2717,2520,1756.95,2.72,0
Background_7.7km_from_Tonopah,-117.14094,38.05286,Regional Country Rock (Geology associated with Nevada region),0 (Barren Background),Trace / Non-mineralized,Unmineralized Limestone/Dolomite,Highland Peak Fm,Cambrian,Synthetic Negative Sample for ML,N/A - Non-mine location,0 meters,0% (Background Terrain),Limestone/Dolomite (Observed at surface),1759,2122,2688,3096,3476,3336,1706.78,1.71,0
Background_8.6km_from_Wells Cargo Mine,-114.23864,37.27667,Regional Country Rock (Geology associated with Nevada region),0 (Barren Background),Trace / Non-mineralized,Unmineralized Limestone/Dolomite,Highland Peak Fm,Cambrian,Synthetic Negative Sample for ML,N/A - Non-mine location,0 meters,0% (Background Terrain),Limestone/Dolomite (Observed at surface),1057,1439,2062,2737,3602,2810,1451.95,8.89,0
Background_6.8km_from_Wells Cargo Mine,-114.23206,37.25147,Regional Country Rock (Geology associated with Nevada region),0 (Barren Background),Trace / Non-mineralized,Unmineralized Limestone/Dolomite,Highland Peak Fm,Cambrian,Synthetic Negative Sample for ML,N/A - Non-mine location,0 meters,0% (Background Terrain),Limestone/Dolomite (Observed at surface),1312,1803,2461,3086,3837,3197,1355.97,6.09,0
Background_7.0km_from_Wells Cargo Mine,-114.33534,37.26335,Regional Country Rock (Geology associated with Nevada region),0 (Barren Background),Trace / Non-mineralized,Unmineralized Limestone/Dolomite,Highland Peak Fm,Cambrian,Synthetic Negative Sample for ML,N/A - Non-mine location,0 meters,0% (Background Terrain),Limestone/Dolomite (Observed at surface),803,1117,1461,2542,3403,2522,1735.31,12.2,0
Background_9.4km_from_Black Chief Mine,-114.01280,33.87990,Regional Country Rock (Hydrothermal/Sedimentary Deposit),0 (Barren Background),Trace / Non-mineralized,Unmineralized Quartzite/Schist,Local Metamorphic/Sedimentary Sequence,Phanerozoic,Synthetic Negative Sample for ML,N/A - Non-mine location,0 meters,0% (Background Terrain),Quartzite/Schist (Observed at surface),1345,1582,1976,2155,2872,2536,320.0,0.76,0
Background_8.9km_from_Black Chief Mine,-114.09528,34.01691,Regional Country Rock (Hydrothermal/Sedimentary Deposit),0 (Barren Background),Trace / Non-mineralized,Unmineralized Quartzite/Schist,Local Metamorphic/Sedimentary Sequence,Phanerozoic,Synthetic Negative Sample for ML,N/A - Non-mine location,0 meters,0% (Background Terrain),Quartzite/Schist (Observed at surface),1752,2372,3171,3625,4983,4605,279.53,1.79,0
Background_7.7km_from_Black Chief Mine,-114.01500,33.96901,Regional Country Rock (Hydrothermal/Sedimentary Deposit),0 (Barren Background),Trace / Non-mineralized,Unmineralized Quartzite/Schist,Local Metamorphic/Sedimentary Sequence,Phanerozoic,Synthetic Negative Sample for ML,N/A - Non-mine location,0 meters,0% (Background Terrain),Quartzite/Schist (Observed at surface),1649,2203,2988,3240,4520,4214,286.56,0.75,0
Background_8.8km_from_Black Bird Mine,-114.08698,33.95745,Regional Country Rock (Hydrothermal/Sedimentary Deposit),0 (Barren Background),Trace / Non-mineralized,Unmineralized Quartzite/Schist,Local Metamorphic/Sedimentary Sequence,Phanerozoic,Synthetic Negative Sample for ML,N/A - Non-mine location,0 meters,0% (Background Terrain),Quartzite/Schist (Observed at surface),1329,1666,2106,2166,3004,2879,298.73,3.48,0
Background_7.0km_from_Black Bird Mine,-114.01622,33.99098,Regional Country Rock (Hydrothermal/Sedimentary Deposit),0 (Barren Background),Trace / Non-mineralized,Unmineralized Quartzite/Schist,Local Metamorphic/Sedimentary Sequence,Phanerozoic,Synthetic Negative Sample for ML,N/A - Non-mine location,0 meters,0% (Background Terrain),Quartzite/Schist (Observed at surface),1630,2163,2856,3110,4431,4146,296.85,1.12,0
Background_7.0km_from_Black Bird Mine,-113.92301,33.92593,Regional Country Rock (Hydrothermal/Sedimentary Deposit),0 (Barren Background),Trace / Non-mineralized,Unmineralized Quartzite/Schist,Local Metamorphic/Sedimentary Sequence,Phanerozoic,Synthetic Negative Sample for ML,N/A - Non-mine location,0 meters,0% (Background Terrain),Quartzite/Schist (Observed at surface),1124,1415,1877,2169,3190,2903,377.65,6.05,0
Background_8.8km_from_Bouse District,-114.00282,33.88412,Regional Country Rock (Hydrothermal/Sedimentary Deposit),0 (Barren Background),Trace / Non-mineralized,Unmineralized Quartzite/Schist,Local Metamorphic/Sedimentary Sequence,Phanerozoic,Synthetic Negative Sample for ML,N/A - Non-mine location,0 meters,0% (Background Terrain),Quartzite/Schist (Observed at surface),1259,1631,2083,2291,3396,3277,311.67,0.72,0
Background_7.7km_from_Bouse District,-114.01422,33.93453,Regional Country Rock (Hydrothermal/Sedimentary Deposit),0 (Barren Background),Trace / Non-mineralized,Unmineralized Quartzite/Schist,Local Metamorphic/Sedimentary Sequence,Phanerozoic,Synthetic Negative Sample for ML,N/A - Non-mine location,0 meters,0% (Background Terrain),Quartzite/Schist (Observed at surface),1361,1724,2076,2847,3302,2862,283.63,1.62,0
Background_5.1km_from_Bouse District,-113.94211,33.89104,Regional Country Rock (Hydrothermal/Sedimentary Deposit),0 (Barren Background),Trace / Non-mineralized,Unmineralized Quartzite/Schist,Local Metamorphic/Sedimentary Sequence,Phanerozoic,Synthetic Negative Sample for ML,N/A - Non-mine location,0 meters,0% (Background Terrain),Quartzite/Schist (Observed at surface),1653,2240,3040,3440,4931,4584,332.8,0.44,0
Background_8.0km_from_Linda K. Mine,-113.79865,33.94356,Regional Country Rock (Hydrothermal/Sedimentary Deposit),0 (Barren Background),Trace / Non-mineralized,Unmineralized Quartzite/Schist,Local Metamorphic/Sedimentary Sequence,Phanerozoic,Synthetic Negative Sample for ML,N/A - Non-mine location,0 meters,0% (Background Terrain),Quartzite/Schist (Observed at surface),1891,2500,3215,3560,5135,4677,434.1,0.71,0
Background_9.1km_from_Linda K. Mine,-113.89543,33.86589,Regional Country Rock (Hydrothermal/Sedimentary Deposit),0 (Barren Background),Trace / Non-mineralized,Unmineralized Quartzite/Schist,Local Metamorphic/Sedimentary Sequence,Phanerozoic,Synthetic Negative Sample for ML,N/A - Non-mine location,0 meters,0% (Background Terrain),Quartzite/Schist (Observed at surface),1738,2433,3333,3660,5086,4827,351.25,0.6,0
Background_6.7km_from_Linda K. Mine,-113.95560,33.96407,Regional Country Rock (Hydrothermal/Sedimentary Deposit),0 (Barren Background),Trace / Non-mineralized,Unmineralized Quartzite/Schist,Local Metamorphic/Sedimentary Sequence,Phanerozoic,Synthetic Negative Sample for ML,N/A - Non-mine location,0 meters,0% (Background Terrain),Quartzite/Schist (Observed at surface),1169,1508,1965,2198,3087,2860,336.65,1.5,0
Background_9.6km_from_Pointing Cactus Group,-111.63898,32.64291,Regional Country Rock (Geology associated with Pinal region),0 (Barren Background),Trace / Non-mineralized,Unmineralized Volcanic breccia,Tertiary Volcanics,Tertiary,Synthetic Negative Sample for ML,N/A - Non-mine location,0 meters,0% (Background Terrain),Volcanic breccia (Observed at surface),434,724,475,4531,2053,1050,482.41,0.59,0
Background_7.7km_from_Pointing Cactus Group,-111.67354,32.67209,Regional Country Rock (Geology associated with Pinal region),0 (Barren Background),Trace / Non-mineralized,Unmineralized Volcanic breccia,Tertiary Volcanics,Tertiary,Synthetic Negative Sample for ML,N/A - Non-mine location,0 meters,0% (Background Terrain),Volcanic breccia (Observed at surface),1937,2493,3281,3813,5042,4881,473.06,0.98,0
Background_9.7km_from_Pointing Cactus Group,-111.84286,32.62284,Regional Country Rock (Geology associated with Pinal region),0 (Barren Background),Trace / Non-mineralized,Unmineralized Volcanic breccia,Tertiary Volcanics,Tertiary,Synthetic Negative Sample for ML,N/A - Non-mine location,0 meters,0% (Background Terrain),Volcanic breccia (Observed at surface),1898,2539,3606,4106,5141,4995,467.08,0.78,0
Background_6.3km_from_Humboldt House Springs,-118.31739,40.54888,Regional Country Rock (Geology associated with Humboldt region),0 (Barren Background),Trace / Non-mineralized,Unmineralized Radiolarian Chert,Franciscan Complex,Jurassic-Cretaceous,Synthetic Negative Sample for ML,N/A - Non-mine location,0 meters,0% (Background Terrain),Radiolarian Chert (Observed at surface),0,0,0,0,0,0,1274.21,1.13,0
Background_6.5km_from_Humboldt House Springs,-118.30939,40.63688,Regional Country Rock (Geology associated with Humboldt region),0 (Barren Background),Trace / Non-mineralized,Unmineralized Radiolarian Chert,Franciscan Complex,Jurassic-Cretaceous,Synthetic Negative Sample for ML,N/A - Non-mine location,0 meters,0% (Background Terrain),Radiolarian Chert (Observed at surface),1318,1714,2144,2556,3425,3113,1266.4,1.0,0
Background_7.9km_from_Humboldt House Springs,-118.17360,40.60319,Regional Country Rock (Geology associated with Humboldt region),0 (Barren Background),Trace / Non-mineralized,Unmineralized Radiolarian Chert,Franciscan Complex,Jurassic-Cretaceous,Synthetic Negative Sample for ML,N/A - Non-mine location,0 meters,0% (Background Terrain),Radiolarian Chert (Observed at surface),1421,1815,2271,2698,3405,2677,1624.75,12.99,0
Background_5.4km_from_Golconda Hot Spring,-117.42733,40.96466,Regional Country Rock (Geology associated with Humboldt region),0 (Barren Background),Trace / Non-mineralized,Unmineralized Radiolarian Chert,Franciscan Complex,Jurassic-Cretaceous,Synthetic Negative Sample for ML,N/A - Non-mine location,0 meters,0% (Background Terrain),Radiolarian Chert (Observed at surface),1206,1556,1897,2231,3361,3091,1367.25,7.36,0
Background_9.7km_from_Golconda Hot Spring,-117.57573,41.01298,Regional Country Rock (Geology associated with Humboldt region),0 (Barren Background),Trace / Non-mineralized,Unmineralized Radiolarian Chert,Franciscan Complex,Jurassic-Cretaceous,Synthetic Negative Sample for ML,N/A - Non-mine location,0 meters,0% (Background Terrain),Radiolarian Chert (Observed at surface),1017,1281,1582,2045,3086,2780,1359.29,2.58,0
Background_7.7km_from_Golconda Hot Spring,-117.53328,40.89298,Regional Country Rock (Geology associated with Humboldt region),0 (Barren Background),Trace / Non-mineralized,Unmineralized Radiolarian Chert,Franciscan Complex,Jurassic-Cretaceous,Synthetic Negative Sample for ML,N/A - Non-mine location,0 meters,0% (Background Terrain),Radiolarian Chert (Observed at surface),872,1120,1414,1835,2945,2611,1737.42,4.37,0
Background_7.9km_from_Treasure Hill Mine,-115.53841,39.16451,Regional Country Rock (Geology associated with Nevada region),0 (Barren Background),Trace / Non-mineralized,Unmineralized Limestone/Dolomite,Highland Peak Fm,Cambrian,Synthetic Negative Sample for ML,N/A - Non-mine location,0 meters,0% (Background Terrain),Limestone/Dolomite (Observed at surface),719,947,1112,2183,2566,1970,2199.62,16.67,0
Background_5.0km_from_Treasure Hill Mine,-115.50405,39.26378,Regional Country Rock (Geology associated with Nevada region),0 (Barren Background),Trace / Non-mineralized,Unmineralized Limestone/Dolomite,Highland Peak Fm,Cambrian,Synthetic Negative Sample for ML,N/A - Non-mine location,0 meters,0% (Background Terrain),Limestone/Dolomite (Observed at surface),903,1179,1445,2333,3139,2578,2357.04,20.13,0
Background_5.3km_from_Treasure Hill Mine,-115.51979,39.26073,Regional Country Rock (Geology associated with Nevada region),0 (Barren Background),Trace / Non-mineralized,Unmineralized Limestone/Dolomite,Highland Peak Fm,Cambrian,Synthetic Negative Sample for ML,N/A - Non-mine location,0 meters,0% (Background Terrain),Limestone/Dolomite (Observed at surface),889,1144,1458,2268,3458,2646,2446.41,15.83,0
Background_5.1km_from_Seligman Mine,-115.58359,39.22150,Regional Country Rock (Geology associated with Nevada region),0 (Barren Background),Trace / Non-mineralized,Unmineralized Limestone/Dolomite,Highland Peak Fm,Cambrian,Synthetic Negative Sample for ML,N/A - Non-mine location,0 meters,0% (Background Terrain),Limestone/Dolomite (Observed at surface),613,837,950,1844,1853,1422,2154.32,4.41,0
Background_9.4km_from_Seligman Mine,-115.44307,39.25720,Regional Country Rock (Geology associated with Nevada region),0 (Barren Background),Trace / Non-mineralized,Unmineralized Limestone/Dolomite,Highland Peak Fm,Cambrian,Synthetic Negative Sample for ML,N/A - Non-mine location,0 meters,0% (Background Terrain),Limestone/Dolomite (Observed at surface),1074,1400,1774,2769,4163,3369,2454.1,19.07,0
Background_5.5km_from_Seligman Mine,-115.61256,39.27671,Regional Country Rock (Geology associated with Nevada region),0 (Barren Background),Trace / Non-mineralized,Unmineralized Limestone/Dolomite,Highland Peak Fm,Cambrian,Synthetic Negative Sample for ML,N/A - Non-mine location,0 meters,0% (Background Terrain),Limestone/Dolomite (Observed at surface),1185,1544,1927,2450,3394,2947,1947.99,2.05,0
Background_6.6km_from_Hulse Deposit,-114.27270,38.49038,Regional Country Rock (Geology associated with Nevada region),0 (Barren Background),Trace / Non-mineralized,Unmineralized Limestone/Dolomite,Highland Peak Fm,Cambrian,Synthetic Negative Sample for ML,N/A - Non-mine location,0 meters,0% (Background Terrain),Limestone/Dolomite (Observed at surface),1315,1771,2043,0,3531,2943,2029.4,4.39,0
Background_8.0km_from_Hulse Deposit,-114.33550,38.52752,Regional Country Rock (Geology associated with Nevada region),0 (Barren Background),Trace / Non-mineralized,Unmineralized Limestone/Dolomite,Highland Peak Fm,Cambrian,Synthetic Negative Sample for ML,N/A - Non-mine location,0 meters,0% (Background Terrain),Limestone/Dolomite (Observed at surface),1047,1429,1963,2542,3443,3145,1904.17,1.13,0
Background_8.2km_from_Hulse Deposit,-114.24046,38.46224,Regional Country Rock (Geology associated with Nevada region),0 (Barren Background),Trace / Non-mineralized,Unmineralized Limestone/Dolomite,Highland Peak Fm,Cambrian,Synthetic Negative Sample for ML,N/A - Non-mine location,0 meters,0% (Background Terrain),Limestone/Dolomite (Observed at surface),1216,1577,2051,2732,3640,3032,2147.42,17.99,0
Background_6.2km_from_Maverick Springs Range,-115.50524,39.98646,Regional Country Rock (Geology associated with Nevada region),0 (Barren Background),Trace / Non-mineralized,Unmineralized Limestone/Dolomite,Highland Peak Fm,Cambrian,Synthetic Negative Sample for ML,N/A - Non-mine location,0 meters,0% (Background Terrain),Limestone/Dolomite (Observed at surface),1139,1438,1846,2505,3780,3315,2191.03,15.93,0
Background_8.3km_from_Maverick Springs Range,-115.39937,40.01094,Regional Country Rock (Geology associated with Nevada region),0 (Barren Background),Trace / Non-mineralized,Unmineralized Limestone/Dolomite,Highland Peak Fm,Cambrian,Synthetic Negative Sample for ML,N/A - Non-mine location,0 meters,0% (Background Terrain),Limestone/Dolomite (Observed at surface),742,841,984,1700,1960,1634,2025.77,9.17,0
Background_5.2km_from_Maverick Springs Range,-115.41417,39.98482,Regional Country Rock (Geology associated with Nevada region),0 (Barren Background),Trace / Non-mineralized,Unmineralized Limestone/Dolomite,Highland Peak Fm,Cambrian,Synthetic Negative Sample for ML,N/A - Non-mine location,0 meters,0% (Background Terrain),Limestone/Dolomite (Observed at surface),812,1047,1252,2103,2602,2220,2035.45,12.12,0
Background_7.1km_from_Vietti Mine,-114.80031,39.24325,Regional Country Rock (Geology associated with Nevada region),0 (Barren Background),Trace / Non-mineralized,Unmineralized Limestone/Dolomite,Highland Peak Fm,Cambrian,Synthetic Negative Sample for ML,N/A - Non-mine location,0 meters,0% (Background Terrain),Limestone/Dolomite (Observed at surface),1219,1509,1923,2474,3188,2738,2050.77,2.71,0
Background_5.8km_from_Vietti Mine,-114.82489,39.16197,Regional Country Rock (Geology associated with Nevada region),0 (Barren Background),Trace / Non-mineralized,Unmineralized Limestone/Dolomite,Highland Peak Fm,Cambrian,Synthetic Negative Sample for ML,N/A - Non-mine location,0 meters,0% (Background Terrain),Limestone/Dolomite (Observed at surface),833,1143,1456,1915,3116,2769,2023.47,1.61,0
Background_5.9km_from_Vietti Mine,-114.74095,39.23477,Regional Country Rock (Geology associated with Nevada region),0 (Barren Background),Trace / Non-mineralized,Unmineralized Limestone/Dolomite,Highland Peak Fm,Cambrian,Synthetic Negative Sample for ML,N/A - Non-mine location,0 meters,0% (Background Terrain),Limestone/Dolomite (Observed at surface),536,582,643,1405,1541,1157,2446.72,22.29,0
Background_9.9km_from_Warm Springs Prospect,-117.12823,40.42954,Regional Country Rock (Geology associated with Nevada region),0 (Barren Background),Trace / Non-mineralized,Unmineralized Limestone/Dolomite,Highland Peak Fm,Cambrian,Synthetic Negative Sample for ML,N/A - Non-mine location,0 meters,0% (Background Terrain),Limestone/Dolomite (Observed at surface),1486,1912,2252,2666,3235,2962,1415.6,0.56,0
Background_7.6km_from_Warm Springs Prospect,-117.07922,40.58193,Regional Country Rock (Geology associated with Nevada region),0 (Barren Background),Trace / Non-mineralized,Unmineralized Limestone/Dolomite,Highland Peak Fm,Cambrian,Synthetic Negative Sample for ML,N/A - Non-mine location,0 meters,0% (Background Terrain),Limestone/Dolomite (Observed at surface),865,1205,1284,2659,2966,2403,1808.9,24.03,0
Background_7.8km_from_Warm Springs Prospect,-117.00976,40.50251,Regional Country Rock (Geology associated with Nevada region),0 (Barren Background),Trace / Non-mineralized,Unmineralized Limestone/Dolomite,Highland Peak Fm,Cambrian,Synthetic Negative Sample for ML,N/A - Non-mine location,0 meters,0% (Background Terrain),Limestone/Dolomite (Observed at surface),1661,2163,2539,2949,3722,3362,1396.55,0.38,0
Background_7.5km_from_Sou Hot Spring,-117.70713,40.15229,Regional Country Rock (Geology associated with Nevada region),0 (Barren Background),Trace / Non-mineralized,Unmineralized Limestone/Dolomite,Highland Peak Fm,Cambrian,Synthetic Negative Sample for ML,N/A - Non-mine location,0 meters,0% (Background Terrain),Limestone/Dolomite (Observed at surface),938,1138,1429,1688,2191,1861,1376.72,13.3,0
Background_9.9km_from_Sou Hot Spring,-117.71270,40.17477,Regional Country Rock (Geology associated with Nevada region),0 (Barren Background),Trace / Non-mineralized,Unmineralized Limestone/Dolomite,Highland Peak Fm,Cambrian,Synthetic Negative Sample for ML,N/A - Non-mine location,0 meters,0% (Background Terrain),Limestone/Dolomite (Observed at surface),731,908,1182,1530,2584,2117,1350.44,9.25,0
Background_8.4km_from_Sou Hot Spring,-117.80072,40.04123,Regional Country Rock (Geology associated with Nevada region),0 (Barren Background),Trace / Non-mineralized,Unmineralized Limestone/Dolomite,Highland Peak Fm,Cambrian,Synthetic Negative Sample for ML,N/A - Non-mine location,0 meters,0% (Background Terrain),Limestone/Dolomite (Observed at surface),1525,1946,2321,2864,3806,3413,1061.57,0.49,0
Background_9.5km_from_Stonewall Manganese Mine,-79.06640,37.39607,Regional Country Rock (Geology associated with Virginia region),0 (Barren Background),Trace / Non-mineralized,Unmineralized Clay/Quartzite,Shady Dolomite / Antietam Fm,Cambrian,Synthetic Negative Sample for ML,N/A - Non-mine location,0 meters,0% (Background Terrain),Clay/Quartzite (Observed at surface),323,670,273,4966,2291,1024,187.81,5.72,0
Background_6.2km_from_Stonewall Manganese Mine,-78.97566,37.50253,Regional Country Rock (Geology associated with Virginia region),0 (Barren Background),Trace / Non-mineralized,Unmineralized Clay/Quartzite,Shady Dolomite / Antietam Fm,Cambrian,Synthetic Negative Sample for ML,N/A - Non-mine location,0 meters,0% (Background Terrain),Clay/Quartzite (Observed at surface),189,362,167,3771,1620,640,302.76,11.0,0
Background_6.1km_from_Stonewall Manganese Mine,-79.03728,37.41747,Regional Country Rock (Geology associated with Virginia region),0 (Barren Background),Trace / Non-mineralized,Unmineralized Clay/Quartzite,Shady Dolomite / Antietam Fm,Cambrian,Synthetic Negative Sample for ML,N/A - Non-mine location,0 meters,0% (Background Terrain),Clay/Quartzite (Observed at surface),290,474,310,2838,1593,803,194.69,19.38,0
Background_8.6km_from_Bell Mine,-79.12031,37.35139,Regional Country Rock (Geology associated with Virginia region),0 (Barren Background),Trace / Non-mineralized,Unmineralized Clay/Quartzite,Shady Dolomite / Antietam Fm,Cambrian,Synthetic Negative Sample for ML,N/A - Non-mine location,0 meters,0% (Background Terrain),Clay/Quartzite (Observed at surface),228,402,201,3430,1625,692,206.11,3.39,0
Background_6.4km_from_Bell Mine,-79.15780,37.24459,Regional Country Rock (Geology associated with Virginia region),0 (Barren Background),Trace / Non-mineralized,Unmineralized Clay/Quartzite,Shady Dolomite / Antietam Fm,Cambrian,Synthetic Negative Sample for ML,N/A - Non-mine location,0 meters,0% (Background Terrain),Clay/Quartzite (Observed at surface),303,550,328,3798,2040,990,249.97,5.3,0
Background_7.0km_from_Bell Mine,-79.25779,37.32770,Regional Country Rock (Geology associated with Virginia region),0 (Barren Background),Trace / Non-mineralized,Unmineralized Clay/Quartzite,Shady Dolomite / Antietam Fm,Cambrian,Synthetic Negative Sample for ML,N/A - Non-mine location,0 meters,0% (Background Terrain),Clay/Quartzite (Observed at surface),804,961,1287,3231,4989,4637,279.68,7.69,0
Background_7.9km_from_Leets Manganese Mine,-79.05361,37.32018,Regional Country Rock (Geology associated with Virginia region),0 (Barren Background),Trace / Non-mineralized,Unmineralized Clay/Quartzite,Shady Dolomite / Antietam Fm,Cambrian,Synthetic Negative Sample for ML,N/A - Non-mine location,0 meters,0% (Background Terrain),Clay/Quartzite (Observed at surface),461,567,536,2136,1605,860,341.81,7.94,0
Background_6.8km_from_Leets Manganese Mine,-78.99887,37.33889,Regional Country Rock (Geology associated with Virginia region),0 (Barren Background),Trace / Non-mineralized,Unmineralized Clay/Quartzite,Shady Dolomite / Antietam Fm,Cambrian,Synthetic Negative Sample for ML,N/A - Non-mine location,0 meters,0% (Background Terrain),Clay/Quartzite (Observed at surface),221,368,199,3345,1731,704,249.93,7.39,0
Background_5.7km_from_Leets Manganese Mine,-79.05524,37.44011,Regional Country Rock (Geology associated with Virginia region),0 (Barren Background),Trace / Non-mineralized,Unmineralized Clay/Quartzite,Shady Dolomite / Antietam Fm,Cambrian,Synthetic Negative Sample for ML,N/A - Non-mine location,0 meters,0% (Background Terrain),Clay/Quartzite (Observed at surface),202,335,187,2952,1760,776,227.35,5.44,0
Background_6.9km_from_Mortimer Mine,-79.31126,37.26249,Regional Country Rock (Geology associated with Virginia region),0 (Barren Background),Trace / Non-mineralized,Unmineralized Clay/Quartzite,Shady Dolomite / Antietam Fm,Cambrian,Synthetic Negative Sample for ML,N/A - Non-mine location,0 meters,0% (Background Terrain),Clay/Quartzite (Observed at surface),370,632,497,3245,2393,1200,233.97,4.26,0
Background_6.9km_from_Mortimer Mine,-79.18968,37.20671,Regional Country Rock (Geology associated with Virginia region),0 (Barren Background),Trace / Non-mineralized,Unmineralized Clay/Quartzite,Shady Dolomite / Antietam Fm,Cambrian,Synthetic Negative Sample for ML,N/A - Non-mine location,0 meters,0% (Background Terrain),Clay/Quartzite (Observed at surface),214,333,144,2256,916,382,258.91,2.97,0
Background_6.1km_from_Mortimer Mine,-79.16690,37.27315,Regional Country Rock (Geology associated with Virginia region),0 (Barren Background),Trace / Non-mineralized,Unmineralized Clay/Quartzite,Shady Dolomite / Antietam Fm,Cambrian,Synthetic Negative Sample for ML,N/A - Non-mine location,0 meters,0% (Background Terrain),Clay/Quartzite (Observed at surface),264,407,247,2531,1875,1050,300.07,4.89,0
Background_6.9km_from_Ward Beecher Deposit,-115.41208,39.20535,Regional Country Rock (Geology associated with Nevada region),0 (Barren Background),Trace / Non-mineralized,Unmineralized Limestone/Dolomite,Highland Peak Fm,Cambrian,Synthetic Negative Sample for ML,N/A - Non-mine location,0 meters,0% (Background Terrain),Limestone/Dolomite (Observed at surface),1066,1470,1770,2451,3266,2597,2505.15,13.3,0
Background_9.4km_from_Ward Beecher Deposit,-115.59566,39.21196,Regional Country Rock (Geology associated with Nevada region),0 (Barren Background),Trace / Non-mineralized,Unmineralized Limestone/Dolomite,Highland Peak Fm,Cambrian,Synthetic Negative Sample for ML,N/A - Non-mine location,0 meters,0% (Background Terrain),Limestone/Dolomite (Observed at surface),677,918,1158,1981,2242,1779,2028.8,4.02,0
Background_7.6km_from_Ward Beecher Deposit,-115.54118,39.27947,Regional Country Rock (Geology associated with Nevada region),0 (Barren Background),Trace / Non-mineralized,Unmineralized Limestone/Dolomite,Highland Peak Fm,Cambrian,Synthetic Negative Sample for ML,N/A - Non-mine location,0 meters,0% (Background Terrain),Limestone/Dolomite (Observed at surface),658,822,864,2212,1804,1270,2672.49,28.82,0
Background_8.9km_from_Aurora Deposit,-115.44130,39.14475,Regional Country Rock (Geology associated with Nevada region),0 (Barren Background),Trace / Non-mineralized,Unmineralized Limestone/Dolomite,Highland Peak Fm,Cambrian,Synthetic Negative Sample for ML,N/A - Non-mine location,0 meters,0% (Background Terrain),Limestone/Dolomite (Observed at surface),648,804,913,1829,2138,1676,2439.05,9.04,0
Background_7.1km_from_Aurora Deposit,-115.54899,39.25676,Regional Country Rock (Geology associated with Nevada region),0 (Barren Background),Trace / Non-mineralized,Unmineralized Limestone/Dolomite,Highland Peak Fm,Cambrian,Synthetic Negative Sample for ML,N/A - Non-mine location,0 meters,0% (Background Terrain),Limestone/Dolomite (Observed at surface),575,642,682,1581,1422,1179,2648.13,27.07,0
Background_9.3km_from_Aurora Deposit,-115.49372,39.13527,Regional Country Rock (Geology associated with Nevada region),0 (Barren Background),Trace / Non-mineralized,Unmineralized Limestone/Dolomite,Highland Peak Fm,Cambrian,Synthetic Negative Sample for ML,N/A - Non-mine location,0 meters,0% (Background Terrain),Limestone/Dolomite (Observed at surface),1289,1644,2073,2651,3921,3491,2076.04,7.6,0
Background_5.2km_from_Midas Elko Prince Mine,-116.73899,41.21843,Regional Country Rock (Geology associated with Nevada region),0 (Barren Background),Trace / Non-mineralized,Unmineralized Limestone/Dolomite,Highland Peak Fm,Cambrian,Synthetic Negative Sample for ML,N/A - Non-mine location,0 meters,0% (Background Terrain),Limestone/Dolomite (Observed at surface),858,1076,1442,1915,3351,2753,1634.59,4.61,0
Background_7.9km_from_Midas Elko Prince Mine,-116.77127,41.17302,Regional Country Rock (Geology associated with Nevada region),0 (Barren Background),Trace / Non-mineralized,Unmineralized Limestone/Dolomite,Highland Peak Fm,Cambrian,Synthetic Negative Sample for ML,N/A - Non-mine location,0 meters,0% (Background Terrain),Limestone/Dolomite (Observed at surface),1022,1346,1814,2292,3443,3023,1572.81,0.58,0
Background_9.8km_from_Midas Elko Prince Mine,-116.90925,41.25509,Regional Country Rock (Geology associated with Nevada region),0 (Barren Background),Trace / Non-mineralized,Unmineralized Limestone/Dolomite,Highland Peak Fm,Cambrian,Synthetic Negative Sample for ML,N/A - Non-mine location,0 meters,0% (Background Terrain),Limestone/Dolomite (Observed at surface),650,824,1122,1864,3257,2910,2176.64,12.24,0
Background_9.5km_from_Black Diablo Open Cut,-117.43899,40.68836,Regional Country Rock (Geology associated with Nevada region),0 (Barren Background),Trace / Non-mineralized,Unmineralized Limestone/Dolomite,Highland Peak Fm,Cambrian,Synthetic Negative Sample for ML,N/A - Non-mine location,0 meters,0% (Background Terrain),Limestone/Dolomite (Observed at surface),958,1301,1840,2367,3572,2823,1826.74,11.34,0
Background_6.7km_from_Black Diablo Open Cut,-117.54992,40.74149,Regional Country Rock (Geology associated with Nevada region),0 (Barren Background),Trace / Non-mineralized,Unmineralized Limestone/Dolomite,Highland Peak Fm,Cambrian,Synthetic Negative Sample for ML,N/A - Non-mine location,0 meters,0% (Background Terrain),Limestone/Dolomite (Observed at surface),960,1326,1979,2573,3731,2586,2021.56,21.6,0
Background_9.3km_from_Black Diablo Open Cut,-117.65993,40.66725,Regional Country Rock (Geology associated with Nevada region),0 (Barren Background),Trace / Non-mineralized,Unmineralized Limestone/Dolomite,Highland Peak Fm,Cambrian,Synthetic Negative Sample for ML,N/A - Non-mine location,0 meters,0% (Background Terrain),Limestone/Dolomite (Observed at surface),1014,1342,1791,2299,4118,3182,1415.28,1.62,0
Background_9.1km_from_Virgin Valley Deposits,-119.00857,41.82471,Regional Country Rock (Geology associated with Humboldt region),0 (Barren Background),Trace / Non-mineralized,Unmineralized Radiolarian Chert,Franciscan Complex,Jurassic-Cretaceous,Synthetic Negative Sample for ML,N/A - Non-mine location,0 meters,0% (Background Terrain),Radiolarian Chert (Observed at surface),926,1134,1541,1843,2410,2250,1495.91,3.43,0
Background_9.6km_from_Virgin Valley Deposits,-119.14823,41.70748,Regional Country Rock (Geology associated with Humboldt region),0 (Barren Background),Trace / Non-mineralized,Unmineralized Radiolarian Chert,Franciscan Complex,Jurassic-Cretaceous,Synthetic Negative Sample for ML,N/A - Non-mine location,0 meters,0% (Background Terrain),Radiolarian Chert (Observed at surface),975,1206,1506,2004,3533,2863,1890.84,19.43,0
Background_9.7km_from_Virgin Valley Deposits,-119.16096,41.71111,Regional Country Rock (Geology associated with Humboldt region),0 (Barren Background),Trace / Non-mineralized,Unmineralized Radiolarian Chert,Franciscan Complex,Jurassic-Cretaceous,Synthetic Negative Sample for ML,N/A - Non-mine location,0 meters,0% (Background Terrain),Radiolarian Chert (Observed at surface),717,942,1240,1587,2913,2392,1833.84,23.49,0
Background_7.8km_from_Black Devil Mine,-117.39398,39.79981,Regional Country Rock (Geology associated with Nevada region),0 (Barren Background),Trace / Non-mineralized,Unmineralized Limestone/Dolomite,Highland Peak Fm,Cambrian,Synthetic Negative Sample for ML,N/A - Non-mine location,0 meters,0% (Background Terrain),Limestone/Dolomite (Observed at surface),1055,1389,1836,2394,3475,2988,1624.94,0.5,0
Background_9.5km_from_Black Devil Mine,-117.40270,39.76225,Regional Country Rock (Geology associated with Nevada region),0 (Barren Background),Trace / Non-mineralized,Unmineralized Limestone/Dolomite,Highland Peak Fm,Cambrian,Synthetic Negative Sample for ML,N/A - Non-mine location,0 meters,0% (Background Terrain),Limestone/Dolomite (Observed at surface),1570,2064,2603,3240,3991,3596,1659.18,0.83,0
Background_5.9km_from_Black Devil Mine,-117.50342,39.87388,Regional Country Rock (Geology associated with Nevada region),0 (Barren Background),Trace / Non-mineralized,Unmineralized Limestone/Dolomite,Highland Peak Fm,Cambrian,Synthetic Negative Sample for ML,N/A - Non-mine location,0 meters,0% (Background Terrain),Limestone/Dolomite (Observed at surface),997,1234,1531,1954,3198,2676,1477.24,6.73,0
Background_8.8km_from_Three Kids Deposit,-114.88725,36.01946,Regional Country Rock (Geology associated with Nevada region),0 (Barren Background),Trace / Non-mineralized,Unmineralized Limestone/Dolomite,Highland Peak Fm,Cambrian,Synthetic Negative Sample for ML,N/A - Non-mine location,0 meters,0% (Background Terrain),Limestone/Dolomite (Observed at surface),1176,1565,2070,2362,2935,2670,812.45,2.61,0
Background_6.5km_from_Three Kids Deposit,-114.88500,36.04389,Regional Country Rock (Geology associated with Nevada region),0 (Barren Background),Trace / Non-mineralized,Unmineralized Limestone/Dolomite,Highland Peak Fm,Cambrian,Synthetic Negative Sample for ML,N/A - Non-mine location,0 meters,0% (Background Terrain),Limestone/Dolomite (Observed at surface),1267,1465,1848,2167,3533,3173,860.61,11.17,0
Background_8.3km_from_Three Kids Deposit,-115.00874,36.12642,Regional Country Rock (Geology associated with Nevada region),0 (Barren Background),Trace / Non-mineralized,Unmineralized Limestone/Dolomite,Highland Peak Fm,Cambrian,Synthetic Negative Sample for ML,N/A - Non-mine location,0 meters,0% (Background Terrain),Limestone/Dolomite (Observed at surface),1688,2229,2932,3394,4740,4163,557.63,3.1,0
Background_5.1km_from_Gibellini Manganese Mine,-116.04397,39.23732,Regional Country Rock (Geology associated with Nevada region),0 (Barren Background),Trace / Non-mineralized,Unmineralized Limestone/Dolomite,Highland Peak Fm,Cambrian,Synthetic Negative Sample for ML,N/A - Non-mine location,0 meters,0% (Background Terrain),Limestone/Dolomite (Observed at surface),1677,2260,2734,3247,4429,4156,1852.7,0.75,0
Background_6.7km_from_Gibellini Manganese Mine,-116.16673,39.21845,Regional Country Rock (Geology associated with Nevada region),0 (Barren Background),Trace / Non-mineralized,Unmineralized Limestone/Dolomite,Highland Peak Fm,Cambrian,Synthetic Negative Sample for ML,N/A - Non-mine location,0 meters,0% (Background Terrain),Limestone/Dolomite (Observed at surface),1001,1266,1555,2046,2198,2014,2135.78,2.09,0
Background_7.8km_from_Gibellini Manganese Mine,-116.07751,39.27802,Regional Country Rock (Geology associated with Nevada region),0 (Barren Background),Trace / Non-mineralized,Unmineralized Limestone/Dolomite,Highland Peak Fm,Cambrian,Synthetic Negative Sample for ML,N/A - Non-mine location,0 meters,0% (Background Terrain),Limestone/Dolomite (Observed at surface),1296,1658,1826,2717,3678,2980,2155.08,15.49,0
Background_8.5km_from_Big Mike Copper Mine,-117.61927,40.60470,Regional Country Rock (Geology associated with Nevada region),0 (Barren Background),Trace / Non-mineralized,Unmineralized Limestone/Dolomite,Highland Peak Fm,Cambrian,Synthetic Negative Sample for ML,N/A - Non-mine location,0 meters,0% (Background Terrain),Limestone/Dolomite (Observed at surface),1257,1567,1896,2317,3511,3082,1569.23,3.87,0
Background_9.4km_from_Big Mike Copper Mine,-117.53178,40.62469,Regional Country Rock (Geology associated with Nevada region),0 (Barren Background),Trace / Non-mineralized,Unmineralized Limestone/Dolomite,Highland Peak Fm,Cambrian,Synthetic Negative Sample for ML,N/A - Non-mine location,0 meters,0% (Background Terrain),Limestone/Dolomite (Observed at surface),1170,1460,1842,2336,3493,3060,1631.93,5.41,0
Background_7.0km_from_Big Mike Copper Mine,-117.62314,40.50288,Regional Country Rock (Geology associated with Nevada region),0 (Barren Background),Trace / Non-mineralized,Unmineralized Limestone/Dolomite,Highland Peak Fm,Cambrian,Synthetic Negative Sample for ML,N/A - Non-mine location,0 meters,0% (Background Terrain),Limestone/Dolomite (Observed at surface),875,1100,1406,1827,3112,2678,1478.6,1.4,0
Background_9.6km_from_True Fissure Mine,-113.30878,46.41621,Regional Country Rock (Hydrothermal/Sedimentary Deposit),0 (Barren Background),Trace / Non-mineralized,Unmineralized Quartzite/Schist,Local Metamorphic/Sedimentary Sequence,Phanerozoic,Synthetic Negative Sample for ML,N/A - Non-mine location,0 meters,0% (Background Terrain),Quartzite/Schist (Observed at surface),135,210,163,1194,829,449,1609.46,19.92,0
Background_7.8km_from_True Fissure Mine,-113.19573,46.28441,Regional Country Rock (Hydrothermal/Sedimentary Deposit),0 (Barren Background),Trace / Non-mineralized,Unmineralized Quartzite/Schist,Local Metamorphic/Sedimentary Sequence,Phanerozoic,Synthetic Negative Sample for ML,N/A - Non-mine location,0 meters,0% (Background Terrain),Quartzite/Schist (Observed at surface),224,393,331,1490,1114,683,2460.29,15.32,0
Background_6.6km_from_True Fissure Mine,-113.18679,46.35883,Regional Country Rock (Hydrothermal/Sedimentary Deposit),0 (Barren Background),Trace / Non-mineralized,Unmineralized Quartzite/Schist,Local Metamorphic/Sedimentary Sequence,Phanerozoic,Synthetic Negative Sample for ML,N/A - Non-mine location,0 meters,0% (Background Terrain),Quartzite/Schist (Observed at surface),155,226,179,999,668,404,2165.34,7.26,0
Background_7.0km_from_Wigwam Creek Prospect,-111.72357,45.13538,Regional Country Rock (Hydrothermal/Sedimentary Deposit),0 (Barren Background),Trace / Non-mineralized,Unmineralized Quartzite/Schist,Local Metamorphic/Sedimentary Sequence,Phanerozoic,Synthetic Negative Sample for ML,N/A - Non-mine location,0 meters,0% (Background Terrain),Quartzite/Schist (Observed at surface),913,1054,1262,1781,3177,2692,1677.85,0.68,0
Background_9.3km_from_Wigwam Creek Prospect,-111.66948,45.15293,Regional Country Rock (Hydrothermal/Sedimentary Deposit),0 (Barren Background),Trace / Non-mineralized,Unmineralized Quartzite/Schist,Local Metamorphic/Sedimentary Sequence,Phanerozoic,Synthetic Negative Sample for ML,N/A - Non-mine location,0 meters,0% (Background Terrain),Quartzite/Schist (Observed at surface),0,0,0,0,0,0,1675.25,0.67,0
Background_5.4km_from_Wigwam Creek Prospect,-111.71226,45.19478,Regional Country Rock (Hydrothermal/Sedimentary Deposit),0 (Barren Background),Trace / Non-mineralized,Unmineralized Quartzite/Schist,Local Metamorphic/Sedimentary Sequence,Phanerozoic,Synthetic Negative Sample for ML,N/A - Non-mine location,0 meters,0% (Background Terrain),Quartzite/Schist (Observed at surface),861,1189,1498,2336,3357,2837,1643.19,0.75,0
Background_7.1km_from_Lava Hot Springs,-112.04812,42.55861,Regional Country Rock (Hydrothermal/Sedimentary Deposit),0 (Barren Background),Trace / Non-mineralized,Unmineralized Quartzite/Schist,Local Metamorphic/Sedimentary Sequence,Phanerozoic,Synthetic Negative Sample for ML,N/A - Non-mine location,0 meters,0% (Background Terrain),Quartzite/Schist (Observed at surface),245,355,264,2441,1041,0,1969.2,21.87,0
Background_5.6km_from_Lava Hot Springs,-112.07600,42.62138,Regional Country Rock (Hydrothermal/Sedimentary Deposit),0 (Barren Background),Trace / Non-mineralized,Unmineralized Quartzite/Schist,Local Metamorphic/Sedimentary Sequence,Phanerozoic,Synthetic Negative Sample for ML,N/A - Non-mine location,0 meters,0% (Background Terrain),Quartzite/Schist (Observed at surface),986,1296,1848,2952,4376,3248,1504.61,1.59,0
Background_9.4km_from_Lava Hot Springs,-111.93290,42.55151,Regional Country Rock (Hydrothermal/Sedimentary Deposit),0 (Barren Background),Trace / Non-mineralized,Unmineralized Quartzite/Schist,Local Metamorphic/Sedimentary Sequence,Phanerozoic,Synthetic Negative Sample for ML,N/A - Non-mine location,0 meters,0% (Background Terrain),Quartzite/Schist (Observed at surface),347,474,450,2203,1382,778,2248.34,20.02,0
Background_5.4km_from_Triple Trip Mine,-123.37599,47.53557,Regional Country Rock (Geology associated with Mason region),0 (Barren Background),Trace / Non-mineralized,Unmineralized Basalt/Red Limestone,Crescent Formation,Eocene,Synthetic Negative Sample for ML,N/A - Non-mine location,0 meters,0% (Background Terrain),Basalt/Red Limestone (Observed at surface),330,485,521,2002,1697,1034,390.67,30.86,0
Background_8.5km_from_Triple Trip Mine,-123.37552,47.57105,Regional Country Rock (Geology associated with Mason region),0 (Barren Background),Trace / Non-mineralized,Unmineralized Basalt/Red Limestone,Crescent Formation,Eocene,Synthetic Negative Sample for ML,N/A - Non-mine location,0 meters,0% (Background Terrain),Basalt/Red Limestone (Observed at surface),243,277,427,744,1605,1346,507.32,16.24,0
Background_9.1km_from_Triple Trip Mine,-123.30875,47.42238,Regional Country Rock (Geology associated with Mason region),0 (Barren Background),Trace / Non-mineralized,Unmineralized Basalt/Red Limestone,Crescent Formation,Eocene,Synthetic Negative Sample for ML,N/A - Non-mine location,0 meters,0% (Background Terrain),Basalt/Red Limestone (Observed at surface),413,658,444,3373,1440,685,275.33,20.92,0
Background_5.6km_from_Ed. B Claim,-123.97657,48.06579,Regional Country Rock (Geology associated with Clallam region),0 (Barren Background),Trace / Non-mineralized,Unmineralized Basalt/Red Limestone,Crescent Formation,Eocene,Synthetic Negative Sample for ML,N/A - Non-mine location,0 meters,0% (Background Terrain),Basalt/Red Limestone (Observed at surface),128,363,138,3066,833,0,550.44,28.14,0
Background_7.2km_from_Ed. B Claim,-124.10612,48.02528,Regional Country Rock (Geology associated with Clallam region),0 (Barren Background),Trace / Non-mineralized,Unmineralized Basalt/Red Limestone,Crescent Formation,Eocene,Synthetic Negative Sample for ML,N/A - Non-mine location,0 meters,0% (Background Terrain),Basalt/Red Limestone (Observed at surface),89,230,101,3083,833,292,272.03,7.23,0
Background_8.1km_from_Ed. B Claim,-123.94764,48.05380,Regional Country Rock (Geology associated with Clallam region),0 (Barren Background),Trace / Non-mineralized,Unmineralized Basalt/Red Limestone,Crescent Formation,Eocene,Synthetic Negative Sample for ML,N/A - Non-mine location,0 meters,0% (Background Terrain),Basalt/Red Limestone (Observed at surface),155,282,146,2128,696,286,730.31,25.71,0
Background_9.9km_from_Shamrock Manganese,-123.09075,42.62694,Regional Country Rock (Hydrothermal/Sedimentary Deposit),0 (Barren Background),Trace / Non-mineralized,Unmineralized Quartzite/Schist,Local Metamorphic/Sedimentary Sequence,Phanerozoic,Synthetic Negative Sample for ML,N/A - Non-mine location,0 meters,0% (Background Terrain),Quartzite/Schist (Observed at surface),117,250,124,2140,969,375,892.35,22.47,0
Background_7.0km_from_Shamrock Manganese,-122.93670,42.65271,Regional Country Rock (Hydrothermal/Sedimentary Deposit),0 (Barren Background),Trace / Non-mineralized,Unmineralized Quartzite/Schist,Local Metamorphic/Sedimentary Sequence,Phanerozoic,Synthetic Negative Sample for ML,N/A - Non-mine location,0 meters,0% (Background Terrain),Quartzite/Schist (Observed at surface),437,528,650,1300,1910,1748,666.76,12.93,0
Background_7.7km_from_Shamrock Manganese,-123.07113,42.59373,Regional Country Rock (Hydrothermal/Sedimentary Deposit),0 (Barren Background),Trace / Non-mineralized,Unmineralized Quartzite/Schist,Local Metamorphic/Sedimentary Sequence,Phanerozoic,Synthetic Negative Sample for ML,N/A - Non-mine location,0 meters,0% (Background Terrain),Quartzite/Schist (Observed at surface),148,367,198,2448,1137,470,897.93,27.47,0
Background_7.8km_from_Long Ridge Prospect,-124.14315,42.31067,Regional Country Rock (Hydrothermal/Sedimentary Deposit),0 (Barren Background),Trace / Non-mineralized,Unmineralized Quartzite/Schist,Local Metamorphic/Sedimentary Sequence,Phanerozoic,Synthetic Negative Sample for ML,N/A - Non-mine location,0 meters,0% (Background Terrain),Quartzite/Schist (Observed at surface),250,303,273,1736,1374,930,885.75,10.24,0
Background_6.8km_from_Long Ridge Prospect,-124.01680,42.21995,Regional Country Rock (Hydrothermal/Sedimentary Deposit),0 (Barren Background),Trace / Non-mineralized,Unmineralized Quartzite/Schist,Local Metamorphic/Sedimentary Sequence,Phanerozoic,Synthetic Negative Sample for ML,N/A - Non-mine location,0 meters,0% (Background Terrain),Quartzite/Schist (Observed at surface),91,130,77,1368,687,289,494.58,13.33,0
Background_8.1km_from_Long Ridge Prospect,-124.12121,42.20401,Regional Country Rock (Hydrothermal/Sedimentary Deposit),0 (Barren Background),Trace / Non-mineralized,Unmineralized Quartzite/Schist,Local Metamorphic/Sedimentary Sequence,Phanerozoic,Synthetic Negative Sample for ML,N/A - Non-mine location,0 meters,0% (Background Terrain),Quartzite/Schist (Observed at surface),116,198,84,1982,1344,736,400.98,12.98,0
Background_8.2km_from_North Pole Mine,-118.31242,44.79599,Regional Country Rock (Hydrothermal/Sedimentary Deposit),0 (Barren Background),Trace / Non-mineralized,Unmineralized Quartzite/Schist,Local Metamorphic/Sedimentary Sequence,Phanerozoic,Synthetic Negative Sample for ML,N/A - Non-mine location,0 meters,0% (Background Terrain),Quartzite/Schist (Observed at surface),177,359,371,1920,1294,689,1832.69,16.2,0
Background_6.2km_from_North Pole Mine,-118.28170,44.79307,Regional Country Rock (Hydrothermal/Sedimentary Deposit),0 (Barren Background),Trace / Non-mineralized,Unmineralized Quartzite/Schist,Local Metamorphic/Sedimentary Sequence,Phanerozoic,Synthetic Negative Sample for ML,N/A - Non-mine location,0 meters,0% (Background Terrain),Quartzite/Schist (Observed at surface),79,184,115,1324,566,263,1787.52,11.61,0
Background_7.0km_from_North Pole Mine,-118.27069,44.77481,Regional Country Rock (Hydrothermal/Sedimentary Deposit),0 (Barren Background),Trace / Non-mineralized,Unmineralized Quartzite/Schist,Local Metamorphic/Sedimentary Sequence,Phanerozoic,Synthetic Negative Sample for ML,N/A - Non-mine location,0 meters,0% (Background Terrain),Quartzite/Schist (Observed at surface),151,234,235,1215,858,494,1631.2,22.17,0
Background_9.2km_from_Spiller Mine,-99.18562,30.88262,Regional Country Rock (Geology associated with Mason region),0 (Barren Background),Trace / Non-mineralized,Unmineralized Basalt/Red Limestone,Crescent Formation,Eocene,Synthetic Negative Sample for ML,N/A - Non-mine location,0 meters,0% (Background Terrain),Basalt/Red Limestone (Observed at surface),659,900,1083,2649,3188,2009,544.29,1.84,0
Background_5.7km_from_Spiller Mine,-99.06469,30.86050,Regional Country Rock (Geology associated with Mason region),0 (Barren Background),Trace / Non-mineralized,Unmineralized Basalt/Red Limestone,Crescent Formation,Eocene,Synthetic Negative Sample for ML,N/A - Non-mine location,0 meters,0% (Background Terrain),Basalt/Red Limestone (Observed at surface),407,613,575,2754,2827,1692,495.38,3.43,0
Background_9.1km_from_Spiller Mine,-99.15718,30.84394,Regional Country Rock (Geology associated with Mason region),0 (Barren Background),Trace / Non-mineralized,Unmineralized Basalt/Red Limestone,Crescent Formation,Eocene,Synthetic Negative Sample for ML,N/A - Non-mine location,0 meters,0% (Background Terrain),Basalt/Red Limestone (Observed at surface),617,864,980,2336,3162,2123,498.09,2.31,0
Background_9.6km_from_Mayfield Mine,-104.87628,30.72175,Regional Country Rock (Hydrothermal/Sedimentary Deposit),0 (Barren Background),Trace / Non-mineralized,Unmineralized Quartzite/Schist,Local Metamorphic/Sedimentary Sequence,Phanerozoic,Synthetic Negative Sample for ML,N/A - Non-mine location,0 meters,0% (Background Terrain),Quartzite/Schist (Observed at surface),1371,1591,2072,2563,3226,2718,1220.91,2.33,0
Background_7.5km_from_Mayfield Mine,-104.73936,30.66281,Regional Country Rock (Hydrothermal/Sedimentary Deposit),0 (Barren Background),Trace / Non-mineralized,Unmineralized Quartzite/Schist,Local Metamorphic/Sedimentary Sequence,Phanerozoic,Synthetic Negative Sample for ML,N/A - Non-mine location,0 meters,0% (Background Terrain),Quartzite/Schist (Observed at surface),912,1158,1641,2000,2338,2191,1272.76,9.4,0
Background_9.7km_from_Mayfield Mine,-104.76110,30.63631,Regional Country Rock (Hydrothermal/Sedimentary Deposit),0 (Barren Background),Trace / Non-mineralized,Unmineralized Quartzite/Schist,Local Metamorphic/Sedimentary Sequence,Phanerozoic,Synthetic Negative Sample for ML,N/A - Non-mine location,0 meters,0% (Background Terrain),Quartzite/Schist (Observed at surface),959,1199,1547,2192,2737,2433,1162.48,3.34,0
Background_9.5km_from_Klondike Ridge,-108.65044,37.93851,Regional Country Rock (Geology associated with Colorado region),0 (Barren Background),Trace / Non-mineralized,Unmineralized Rhyolite/Travertine,Browns Canyon Volcanics,Oligocene,Synthetic Negative Sample for ML,N/A - Non-mine location,0 meters,0% (Background Terrain),Rhyolite/Travertine (Observed at surface),0,0,0,0,0,0,1886.35,2.47,0
Background_7.7km_from_Klondike Ridge,-108.60906,37.99632,Regional Country Rock (Geology associated with Colorado region),0 (Barren Background),Trace / Non-mineralized,Unmineralized Rhyolite/Travertine,Browns Canyon Volcanics,Oligocene,Synthetic Negative Sample for ML,N/A - Non-mine location,0 meters,0% (Background Terrain),Rhyolite/Travertine (Observed at surface),534,773,885,1998,2307,1793,2202.73,14.5,0
Background_7.7km_from_Klondike Ridge,-108.77462,37.99119,Regional Country Rock (Geology associated with Colorado region),0 (Barren Background),Trace / Non-mineralized,Unmineralized Rhyolite/Travertine,Browns Canyon Volcanics,Oligocene,Synthetic Negative Sample for ML,N/A - Non-mine location,0 meters,0% (Background Terrain),Rhyolite/Travertine (Observed at surface),1133,1429,2103,2612,3897,3677,1741.34,1.27,0
Background_7.4km_from_Fremont County,-105.38298,38.28383,Regional Country Rock (Geology associated with Colorado region),0 (Barren Background),Trace / Non-mineralized,Unmineralized Rhyolite/Travertine,Browns Canyon Volcanics,Oligocene,Synthetic Negative Sample for ML,N/A - Non-mine location,0 meters,0% (Background Terrain),Rhyolite/Travertine (Observed at surface),504,815,825,2551,2619,1851,2337.35,8.1,0
Background_5.7km_from_Fremont County,-105.36763,38.31399,Regional Country Rock (Geology associated with Colorado region),0 (Barren Background),Trace / Non-mineralized,Unmineralized Rhyolite/Travertine,Browns Canyon Volcanics,Oligocene,Synthetic Negative Sample for ML,N/A - Non-mine location,0 meters,0% (Background Terrain),Rhyolite/Travertine (Observed at surface),672,880,933,2002,2333,1879,2279.49,25.83,0
Background_9.2km_from_Fremont County,-105.42673,38.25955,Regional Country Rock (Geology associated with Colorado region),0 (Barren Background),Trace / Non-mineralized,Unmineralized Rhyolite/Travertine,Browns Canyon Volcanics,Oligocene,Synthetic Negative Sample for ML,N/A - Non-mine location,0 meters,0% (Background Terrain),Rhyolite/Travertine (Observed at surface),534,813,1052,2184,2495,1997,2333.96,8.81,0
Background_5.6km_from_Alderman Deposit,-106.02696,38.58496,Regional Country Rock (Geology associated with Chaffee region),0 (Barren Background),Trace / Non-mineralized,Unmineralized Rhyolite/Travertine,Browns Canyon Volcanics,Oligocene,Synthetic Negative Sample for ML,N/A - Non-mine location,0 meters,0% (Background Terrain),Rhyolite/Travertine (Observed at surface),0,0,0,0,0,0,2251.42,2.69,0
Background_8.3km_from_Alderman Deposit,-106.08502,38.55199,Regional Country Rock (Geology associated with Chaffee region),0 (Barren Background),Trace / Non-mineralized,Unmineralized Rhyolite/Travertine,Browns Canyon Volcanics,Oligocene,Synthetic Negative Sample for ML,N/A - Non-mine location,0 meters,0% (Background Terrain),Rhyolite/Travertine (Observed at surface),289,535,414,2642,1602,929,2325.32,11.46,0
Background_8.7km_from_Alderman Deposit,-106.03513,38.69950,Regional Country Rock (Geology associated with Chaffee region),0 (Barren Background),Trace / Non-mineralized,Unmineralized Rhyolite/Travertine,Browns Canyon Volcanics,Oligocene,Synthetic Negative Sample for ML,N/A - Non-mine location,0 meters,0% (Background Terrain),Rhyolite/Travertine (Observed at surface),0,0,0,0,0,0,2474.73,15.42,0
Background_9.9km_from_Shaw Claim,-106.47631,37.89701,Regional Country Rock (Geology associated with Colorado region),0 (Barren Background),Trace / Non-mineralized,Unmineralized Rhyolite/Travertine,Browns Canyon Volcanics,Oligocene,Synthetic Negative Sample for ML,N/A - Non-mine location,0 meters,0% (Background Terrain),Rhyolite/Travertine (Observed at surface),602,825,938,2362,2647,1759,2933.37,11.49,0
Background_5.4km_from_Shaw Claim,-106.49199,37.84338,Regional Country Rock (Geology associated with Colorado region),0 (Barren Background),Trace / Non-mineralized,Unmineralized Rhyolite/Travertine,Browns Canyon Volcanics,Oligocene,Synthetic Negative Sample for ML,N/A - Non-mine location,0 meters,0% (Background Terrain),Rhyolite/Travertine (Observed at surface),506,627,760,1604,2005,1494,3348.2,12.38,0
Background_9.0km_from_Shaw Claim,-106.37607,37.87147,Regional Country Rock (Geology associated with Colorado region),0 (Barren Background),Trace / Non-mineralized,Unmineralized Rhyolite/Travertine,Browns Canyon Volcanics,Oligocene,Synthetic Negative Sample for ML,N/A - Non-mine location,0 meters,0% (Background Terrain),Rhyolite/Travertine (Observed at surface),677,865,1083,1937,2356,1771,2746.3,22.29,0
Background_7.7km_from_Fairview Claim,-107.59665,37.82504,Regional Country Rock (Geology associated with Colorado region),0 (Barren Background),Trace / Non-mineralized,Unmineralized Rhyolite/Travertine,Browns Canyon Volcanics,Oligocene,Synthetic Negative Sample for ML,N/A - Non-mine location,0 meters,0% (Background Terrain),Rhyolite/Travertine (Observed at surface),392,598,744,1471,2198,1725,3384.35,23.77,0
Background_7.5km_from_Fairview Claim,-107.73098,37.83728,Regional Country Rock (Geology associated with Colorado region),0 (Barren Background),Trace / Non-mineralized,Unmineralized Rhyolite/Travertine,Browns Canyon Volcanics,Oligocene,Synthetic Negative Sample for ML,N/A - Non-mine location,0 meters,0% (Background Terrain),Rhyolite/Travertine (Observed at surface),278,375,437,1168,1309,881,3096.3,25.75,0
Background_6.9km_from_Fairview Claim,-107.73125,37.74821,Regional Country Rock (Geology associated with Colorado region),0 (Barren Background),Trace / Non-mineralized,Unmineralized Rhyolite/Travertine,Browns Canyon Volcanics,Oligocene,Synthetic Negative Sample for ML,N/A - Non-mine location,0 meters,0% (Background Terrain),Rhyolite/Travertine (Observed at surface),167,332,294,1637,1492,955,3390.24,5.96,0
Background_6.4km_from_Van Horn,-114.23824,34.26884,Regional Country Rock (Geology associated with San Bernardino region),0 (Barren Background),Trace / Non-mineralized,Unmineralized Fanglomerate/Volcanics,Local Tertiary Volcanics,Miocene,Synthetic Negative Sample for ML,N/A - Non-mine location,0 meters,0% (Background Terrain),Fanglomerate/Volcanics (Observed at surface),753,944,1396,1543,2154,2109,424.2,20.79,0
Background_8.0km_from_Van Horn,-114.38539,34.31224,Regional Country Rock (Geology associated with San Bernardino region),0 (Barren Background),Trace / Non-mineralized,Unmineralized Fanglomerate/Volcanics,Local Tertiary Volcanics,Miocene,Synthetic Negative Sample for ML,N/A - Non-mine location,0 meters,0% (Background Terrain),Fanglomerate/Volcanics (Observed at surface),1239,1633,1951,2206,3625,3681,937.79,13.4,0
Background_7.5km_from_Van Horn,-114.26076,34.34806,Regional Country Rock (Geology associated with San Bernardino region),0 (Barren Background),Trace / Non-mineralized,Unmineralized Fanglomerate/Volcanics,Local Tertiary Volcanics,Miocene,Synthetic Negative Sample for ML,N/A - Non-mine location,0 meters,0% (Background Terrain),Fanglomerate/Volcanics (Observed at surface),1035,1322,1931,2112,3358,3111,285.28,7.14,0
Background_7.3km_from_Heber,-111.52533,40.58857,Regional Country Rock (Geology associated with Utah region),0 (Barren Background),Trace / Non-mineralized,Unmineralized Limestone/Dolomite,Oquirrh Group,Pennsylvanian-Permian,Synthetic Negative Sample for ML,N/A - Non-mine location,0 meters,0% (Background Terrain),Limestone/Dolomite (Observed at surface),232,339,291,2765,1396,746,2738.93,19.81,0
Background_9.1km_from_Heber,-111.37725,40.57456,Regional Country Rock (Geology associated with Utah region),0 (Barren Background),Trace / Non-mineralized,Unmineralized Limestone/Dolomite,Oquirrh Group,Pennsylvanian-Permian,Synthetic Negative Sample for ML,N/A - Non-mine location,0 meters,0% (Background Terrain),Limestone/Dolomite (Observed at surface),588,803,1078,1656,2715,2351,2172.15,5.34,0
Background_5.4km_from_Heber,-111.48816,40.58357,Regional Country Rock (Geology associated with Utah region),0 (Barren Background),Trace / Non-mineralized,Unmineralized Limestone/Dolomite,Oquirrh Group,Pennsylvanian-Permian,Synthetic Negative Sample for ML,N/A - Non-mine location,0 meters,0% (Background Terrain),Limestone/Dolomite (Observed at surface),635,806,908,2334,2570,1767,2686.97,12.74,0
Background_9.8km_from_Deuel Manganese Mines,-111.35328,37.66723,Regional Country Rock (Geology associated with Utah region),0 (Barren Background),Trace / Non-mineralized,Unmineralized Limestone/Dolomite,Oquirrh Group,Pennsylvanian-Permian,Synthetic Negative Sample for ML,N/A - Non-mine location,0 meters,0% (Background Terrain),Limestone/Dolomite (Observed at surface),648,1001,2072,2737,3730,3524,1689.31,8.73,0
Background_6.9km_from_Deuel Manganese Mines,-111.21576,37.57781,Regional Country Rock (Geology associated with Utah region),0 (Barren Background),Trace / Non-mineralized,Unmineralized Limestone/Dolomite,Oquirrh Group,Pennsylvanian-Permian,Synthetic Negative Sample for ML,N/A - Non-mine location,0 meters,0% (Background Terrain),Limestone/Dolomite (Observed at surface),1093,1663,2810,3748,4980,4774,1510.84,9.53,0
Background_8.2km_from_Deuel Manganese Mines,-111.16016,37.64731,Regional Country Rock (Geology associated with Utah region),0 (Barren Background),Trace / Non-mineralized,Unmineralized Limestone/Dolomite,Oquirrh Group,Pennsylvanian-Permian,Synthetic Negative Sample for ML,N/A - Non-mine location,0 meters,0% (Background Terrain),Limestone/Dolomite (Observed at surface),892,1327,2305,3076,4589,4296,1616.96,18.0,0
Background_8.5km_from_Black Beauty Claim No.1,-113.73719,37.33545,Regional Country Rock (Geology associated with Utah region),0 (Barren Background),Trace / Non-mineralized,Unmineralized Limestone/Dolomite,Oquirrh Group,Pennsylvanian-Permian,Synthetic Negative Sample for ML,N/A - Non-mine location,0 meters,0% (Background Terrain),Limestone/Dolomite (Observed at surface),1090,1479,1948,2524,3426,2900,1280.21,4.01,0
Background_9.3km_from_Black Beauty Claim No.1,-113.68008,37.24768,Regional Country Rock (Geology associated with Utah region),0 (Barren Background),Trace / Non-mineralized,Unmineralized Limestone/Dolomite,Oquirrh Group,Pennsylvanian-Permian,Synthetic Negative Sample for ML,N/A - Non-mine location,0 meters,0% (Background Terrain),Limestone/Dolomite (Observed at surface),664,1028,1567,2410,3405,2827,1555.9,4.65,0
Background_8.1km_from_Black Beauty Claim No.1,-113.79079,37.19508,Regional Country Rock (Geology associated with Utah region),0 (Barren Background),Trace / Non-mineralized,Unmineralized Limestone/Dolomite,Oquirrh Group,Pennsylvanian-Permian,Synthetic Negative Sample for ML,N/A - Non-mine location,0 meters,0% (Background Terrain),Limestone/Dolomite (Observed at surface),1064,1506,2335,3088,4132,3424,1046.53,5.64,0
Background_5.3km_from_Monroe Hot Springs,-112.06797,38.67383,Regional Country Rock (Geology associated with Utah region),0 (Barren Background),Trace / Non-mineralized,Unmineralized Limestone/Dolomite,Oquirrh Group,Pennsylvanian-Permian,Synthetic Negative Sample for ML,N/A - Non-mine location,0 meters,0% (Background Terrain),Limestone/Dolomite (Observed at surface),835,1047,1348,1971,2632,2315,1872.68,11.45,0
Background_5.7km_from_Monroe Hot Springs,-112.11777,38.69161,Regional Country Rock (Geology associated with Utah region),0 (Barren Background),Trace / Non-mineralized,Unmineralized Limestone/Dolomite,Oquirrh Group,Pennsylvanian-Permian,Synthetic Negative Sample for ML,N/A - Non-mine location,0 meters,0% (Background Terrain),Limestone/Dolomite (Observed at surface),1630,2076,2791,3503,4572,4364,1627.48,0.86,0
Background_6.8km_from_Monroe Hot Springs,-112.06269,38.59335,Regional Country Rock (Geology associated with Utah region),0 (Barren Background),Trace / Non-mineralized,Unmineralized Limestone/Dolomite,Oquirrh Group,Pennsylvanian-Permian,Synthetic Negative Sample for ML,N/A - Non-mine location,0 meters,0% (Background Terrain),Limestone/Dolomite (Observed at surface),674,787,952,2195,2446,1777,2209.9,27.69,0
Background_8.9km_from_Monarch Mine,-113.68168,38.22829,Regional Country Rock (Geology associated with Utah region),0 (Barren Background),Trace / Non-mineralized,Unmineralized Limestone/Dolomite,Oquirrh Group,Pennsylvanian-Permian,Synthetic Negative Sample for ML,N/A - Non-mine location,0 meters,0% (Background Terrain),Limestone/Dolomite (Observed at surface),1030,1483,1869,2549,3775,3356,1866.18,1.56,0
Background_6.9km_from_Monarch Mine,-113.61862,38.19371,Regional Country Rock (Geology associated with Utah region),0 (Barren Background),Trace / Non-mineralized,Unmineralized Limestone/Dolomite,Oquirrh Group,Pennsylvanian-Permian,Synthetic Negative Sample for ML,N/A - Non-mine location,0 meters,0% (Background Terrain),Limestone/Dolomite (Observed at surface),878,1215,1543,2186,2775,2446,1972.41,1.87,0
Background_5.9km_from_Monarch Mine,-113.59796,38.30207,Regional Country Rock (Geology associated with Utah region),0 (Barren Background),Trace / Non-mineralized,Unmineralized Limestone/Dolomite,Oquirrh Group,Pennsylvanian-Permian,Synthetic Negative Sample for ML,N/A - Non-mine location,0 meters,0% (Background Terrain),Limestone/Dolomite (Observed at surface),481,609,715,1807,2126,1500,2441.05,21.72,0
Background_6.2km_from_Abraham Hot Spring,-112.69464,39.66577,Regional Country Rock (Geology associated with Utah region),0 (Barren Background),Trace / Non-mineralized,Unmineralized Limestone/Dolomite,Oquirrh Group,Pennsylvanian-Permian,Synthetic Negative Sample for ML,N/A - Non-mine location,0 meters,0% (Background Terrain),Limestone/Dolomite (Observed at surface),1332,0,1931,2861,3747,3348,1399.54,0.31,0
Background_6.7km_from_Abraham Hot Spring,-112.68722,39.56427,Regional Country Rock (Geology associated with Utah region),0 (Barren Background),Trace / Non-mineralized,Unmineralized Limestone/Dolomite,Oquirrh Group,Pennsylvanian-Permian,Synthetic Negative Sample for ML,N/A - Non-mine location,0 meters,0% (Background Terrain),Limestone/Dolomite (Observed at surface),3191,3794,4421,4849,5214,4684,1394.76,0.44,0
Background_5.2km_from_Abraham Hot Spring,-112.78803,39.61990,Regional Country Rock (Geology associated with Utah region),0 (Barren Background),Trace / Non-mineralized,Unmineralized Limestone/Dolomite,Oquirrh Group,Pennsylvanian-Permian,Synthetic Negative Sample for ML,N/A - Non-mine location,0 meters,0% (Background Terrain),Limestone/Dolomite (Observed at surface),1081,1348,1610,2087,2794,2411,1535.17,6.25,0
Background_8.7km_from_Lakeview Manganese Mine,-111.23870,41.72695,Regional Country Rock (Geology associated with Utah region),0 (Barren Background),Trace / Non-mineralized,Unmineralized Limestone/Dolomite,Oquirrh Group,Pennsylvanian-Permian,Synthetic Negative Sample for ML,N/A - Non-mine location,0 meters,0% (Background Terrain),Limestone/Dolomite (Observed at surface),665,1014,1438,2007,3060,2606,2029.21,8.83,0
Background_5.1km_from_Lakeview Manganese Mine,-111.31881,41.76178,Regional Country Rock (Geology associated with Utah region),0 (Barren Background),Trace / Non-mineralized,Unmineralized Limestone/Dolomite,Oquirrh Group,Pennsylvanian-Permian,Synthetic Negative Sample for ML,N/A - Non-mine location,0 meters,0% (Background Terrain),Limestone/Dolomite (Observed at surface),479,732,1042,1910,3068,2338,2170.9,3.98,0
Background_6.5km_from_Lakeview Manganese Mine,-111.20262,41.79981,Regional Country Rock (Geology associated with Utah region),0 (Barren Background),Trace / Non-mineralized,Unmineralized Limestone/Dolomite,Oquirrh Group,Pennsylvanian-Permian,Synthetic Negative Sample for ML,N/A - Non-mine location,0 meters,0% (Background Terrain),Limestone/Dolomite (Observed at surface),508,702,912,1531,2885,2312,2097.44,5.99,0
Background_7.9km_from_Jim Fisk Mine,-112.16222,40.34249,Regional Country Rock (Geology associated with Utah region),0 (Barren Background),Trace / Non-mineralized,Unmineralized Limestone/Dolomite,Oquirrh Group,Pennsylvanian-Permian,Synthetic Negative Sample for ML,N/A - Non-mine location,0 meters,0% (Background Terrain),Limestone/Dolomite (Observed at surface),301,527,476,3286,2422,1317,2125.36,16.06,0
Background_8.0km_from_Jim Fisk Mine,-112.32862,40.40972,Regional Country Rock (Geology associated with Utah region),0 (Barren Background),Trace / Non-mineralized,Unmineralized Limestone/Dolomite,Oquirrh Group,Pennsylvanian-Permian,Synthetic Negative Sample for ML,N/A - Non-mine location,0 meters,0% (Background Terrain),Limestone/Dolomite (Observed at surface),902,1178,1428,2358,3016,2590,1716.3,4.69,0
Background_7.1km_from_Jim Fisk Mine,-112.20554,40.31994,Regional Country Rock (Geology associated with Utah region),0 (Barren Background),Trace / Non-mineralized,Unmineralized Limestone/Dolomite,Oquirrh Group,Pennsylvanian-Permian,Synthetic Negative Sample for ML,N/A - Non-mine location,0 meters,0% (Background Terrain),Limestone/Dolomite (Observed at surface),1121,1438,1765,2319,2865,2496,2089.36,11.14,0
Background_7.6km_from_Payday Mine,-111.60584,41.23402,Regional Country Rock (Geology associated with Utah region),0 (Barren Background),Trace / Non-mineralized,Unmineralized Limestone/Dolomite,Oquirrh Group,Pennsylvanian-Permian,Synthetic Negative Sample for ML,N/A - Non-mine location,0 meters,0% (Background Terrain),Limestone/Dolomite (Observed at surface),235,440,383,2220,1862,1037,2477.35,7.46,0
Background_8.3km_from_Payday Mine,-111.60351,41.22690,Regional Country Rock (Geology associated with Utah region),0 (Barren Background),Trace / Non-mineralized,Unmineralized Limestone/Dolomite,Oquirrh Group,Pennsylvanian-Permian,Synthetic Negative Sample for ML,N/A - Non-mine location,0 meters,0% (Background Terrain),Limestone/Dolomite (Observed at surface),771,1179,1733,2578,3711,2831,2491.74,3.88,0
Background_8.4km_from_Payday Mine,-111.53026,41.23759,Regional Country Rock (Geology associated with Utah region),0 (Barren Background),Trace / Non-mineralized,Unmineralized Limestone/Dolomite,Oquirrh Group,Pennsylvanian-Permian,Synthetic Negative Sample for ML,N/A - Non-mine location,0 meters,0% (Background Terrain),Limestone/Dolomite (Observed at surface),128,287,285,1573,1225,700,2442.88,13.99,0
Background_5.3km_from_Hooper Hot Springs,-112.14581,41.08601,Regional Country Rock (Geology associated with Utah region),0 (Barren Background),Trace / Non-mineralized,Unmineralized Limestone/Dolomite,Oquirrh Group,Pennsylvanian-Permian,Synthetic Negative Sample for ML,N/A - Non-mine location,0 meters,0% (Background Terrain),Limestone/Dolomite (Observed at surface),1938,2162,2257,2443,2610,1909,1279.25,0.56,0
Background_8.4km_from_Hooper Hot Springs,-112.07380,41.15505,Regional Country Rock (Geology associated with Utah region),0 (Barren Background),Trace / Non-mineralized,Unmineralized Limestone/Dolomite,Oquirrh Group,Pennsylvanian-Permian,Synthetic Negative Sample for ML,N/A - Non-mine location,0 meters,0% (Background Terrain),Limestone/Dolomite (Observed at surface),0,0,0,0,0,0,1304.06,1.57,0
Background_9.4km_from_Hooper Hot Springs,-112.07918,41.18053,Regional Country Rock (Geology associated with Utah region),0 (Barren Background),Trace / Non-mineralized,Unmineralized Limestone/Dolomite,Oquirrh Group,Pennsylvanian-Permian,Synthetic Negative Sample for ML,N/A - Non-mine location,0 meters,0% (Background Terrain),Limestone/Dolomite (Observed at surface),668,1072,1262,2913,2666,1742,1295.84,1.36,0
Background_7.5km_from_Millard County,-113.69402,39.22666,Regional Country Rock (Geology associated with Utah region),0 (Barren Background),Trace / Non-mineralized,Unmineralized Limestone/Dolomite,Oquirrh Group,Pennsylvanian-Permian,Synthetic Negative Sample for ML,N/A - Non-mine location,0 meters,0% (Background Terrain),Limestone/Dolomite (Observed at surface),1599,1949,2369,3018,4071,3497,2249.52,19.06,0
Background_6.2km_from_Millard County,-113.83390,39.19354,Regional Country Rock (Geology associated with Utah region),0 (Barren Background),Trace / Non-mineralized,Unmineralized Limestone/Dolomite,Oquirrh Group,Pennsylvanian-Permian,Synthetic Negative Sample for ML,N/A - Non-mine location,0 meters,0% (Background Terrain),Limestone/Dolomite (Observed at surface),2002,2671,3376,4036,5297,4619,1713.56,2.57,0
Background_6.8km_from_Millard County,-113.72353,39.23809,Regional Country Rock (Geology associated with Utah region),0 (Barren Background),Trace / Non-mineralized,Unmineralized Limestone/Dolomite,Oquirrh Group,Pennsylvanian-Permian,Synthetic Negative Sample for ML,N/A - Non-mine location,0 meters,0% (Background Terrain),Limestone/Dolomite (Observed at surface),1033,1428,1583,2690,2693,2198,2279.77,15.19,0
Background_5.1km_from_Millard County,-113.90671,39.16880,Regional Country Rock (Geology associated with Utah region),0 (Barren Background),Trace / Non-mineralized,Unmineralized Limestone/Dolomite,Oquirrh Group,Pennsylvanian-Permian,Synthetic Negative Sample for ML,N/A - Non-mine location,0 meters,0% (Background Terrain),Limestone/Dolomite (Observed at surface),2021,2595,3298,3770,4941,4388,1566.15,1.55,0
Background_6.3km_from_Millard County,-113.80423,39.10400,Regional Country Rock (Geology associated with Utah region),0 (Barren Background),Trace / Non-mineralized,Unmineralized Limestone/Dolomite,Oquirrh Group,Pennsylvanian-Permian,Synthetic Negative Sample for ML,N/A - Non-mine location,0 meters,0% (Background Terrain),Limestone/Dolomite (Observed at surface),2073,2568,3198,3662,4643,4002,1813.45,5.7,0
Background_5.6km_from_Millard County,-113.91211,39.11176,Regional Country Rock (Geology associated with Utah region),0 (Barren Background),Trace / Non-mineralized,Unmineralized Limestone/Dolomite,Oquirrh Group,Pennsylvanian-Permian,Synthetic Negative Sample for ML,N/A - Non-mine location,0 meters,0% (Background Terrain),Limestone/Dolomite (Observed at surface),2065,2505,3027,3423,4233,3683,1614.94,4.02,0
Background_6.7km_from_Heber Hot Spa,-111.43055,40.48278,Regional Country Rock (Geology associated with Utah region),0 (Barren Background),Trace / Non-mineralized,Unmineralized Limestone/Dolomite,Oquirrh Group,Pennsylvanian-Permian,Synthetic Negative Sample for ML,N/A - Non-mine location,0 meters,0% (Background Terrain),Limestone/Dolomite (Observed at surface),653,951,1152,3198,2902,1992,1705.9,0.97,0
Background_7.0km_from_Heber Hot Spa,-111.56193,40.51408,Regional Country Rock (Geology associated with Utah region),0 (Barren Background),Trace / Non-mineralized,Unmineralized Limestone/Dolomite,Oquirrh Group,Pennsylvanian-Permian,Synthetic Negative Sample for ML,N/A - Non-mine location,0 meters,0% (Background Terrain),Limestone/Dolomite (Observed at surface),341,488,434,2678,1561,803,2513.92,20.05,0
Background_7.9km_from_Heber Hot Spa,-111.56667,40.50021,Regional Country Rock (Geology associated with Utah region),0 (Barren Background),Trace / Non-mineralized,Unmineralized Limestone/Dolomite,Oquirrh Group,Pennsylvanian-Permian,Synthetic Negative Sample for ML,N/A - Non-mine location,0 meters,0% (Background Terrain),Limestone/Dolomite (Observed at surface),355,603,446,3552,2038,1024,2725.32,20.33,0
Background_6.7km_from_Millard County,-113.90066,39.11204,Regional Country Rock (Geology associated with Utah region),0 (Barren Background),Trace / Non-mineralized,Unmineralized Limestone/Dolomite,Oquirrh Group,Pennsylvanian-Permian,Synthetic Negative Sample for ML,N/A - Non-mine location,0 meters,0% (Background Terrain),Limestone/Dolomite (Observed at surface),1945,2368,2756,3086,4016,3521,1664.02,5.58,0
Background_6.1km_from_Millard County,-113.90178,39.22205,Regional Country Rock (Geology associated with Utah region),0 (Barren Background),Trace / Non-mineralized,Unmineralized Limestone/Dolomite,Oquirrh Group,Pennsylvanian-Permian,Synthetic Negative Sample for ML,N/A - Non-mine location,0 meters,0% (Background Terrain),Limestone/Dolomite (Observed at surface),1581,2002,2563,3132,4389,3931,1497.78,1.1,0
Background_9.8km_from_Millard County,-113.97864,39.21145,Regional Country Rock (Geology associated with Utah region),0 (Barren Background),Trace / Non-mineralized,Unmineralized Limestone/Dolomite,Oquirrh Group,Pennsylvanian-Permian,Synthetic Negative Sample for ML,N/A - Non-mine location,0 meters,0% (Background Terrain),Limestone/Dolomite (Observed at surface),2352,3044,3672,4148,5138,4642,1495.49,0.36,0
Background_6.2km_from_Oxen Mine,-112.11282,40.02108,Regional Country Rock (Geology associated with Utah region),0 (Barren Background),Trace / Non-mineralized,Unmineralized Limestone/Dolomite,Oquirrh Group,Pennsylvanian-Permian,Synthetic Negative Sample for ML,N/A - Non-mine location,0 meters,0% (Background Terrain),Limestone/Dolomite (Observed at surface),1437,1846,2307,2805,4378,4168,1981.18,23.8,0
Background_8.3km_from_Oxen Mine,-112.12227,39.90717,Regional Country Rock (Geology associated with Utah region),0 (Barren Background),Trace / Non-mineralized,Unmineralized Limestone/Dolomite,Oquirrh Group,Pennsylvanian-Permian,Synthetic Negative Sample for ML,N/A - Non-mine location,0 meters,0% (Background Terrain),Limestone/Dolomite (Observed at surface),878,1185,1505,1931,2748,2461,1911.92,10.88,0
Background_5.2km_from_Oxen Mine,-112.07553,40.01983,Regional Country Rock (Geology associated with Utah region),0 (Barren Background),Trace / Non-mineralized,Unmineralized Limestone/Dolomite,Oquirrh Group,Pennsylvanian-Permian,Synthetic Negative Sample for ML,N/A - Non-mine location,0 meters,0% (Background Terrain),Limestone/Dolomite (Observed at surface),844,1061,1343,1755,2955,2751,1699.05,4.19,0
Background_5.1km_from_Cliff Roy Mine,-108.81088,32.65306,Regional Country Rock (Geology associated with Grant region),0 (Barren Background),Trace / Non-mineralized,Unmineralized Limestone,Lake Valley Limestone,Mississippian,Synthetic Negative Sample for ML,N/A - Non-mine location,0 meters,0% (Background Terrain),Limestone (Observed at surface),1237,1617,2136,2313,2728,2468,1240.19,5.27,0
Background_7.5km_from_Cliff Roy Mine,-108.89158,32.59805,Regional Country Rock (Geology associated with Grant region),0 (Barren Background),Trace / Non-mineralized,Unmineralized Limestone,Lake Valley Limestone,Mississippian,Synthetic Negative Sample for ML,N/A - Non-mine location,0 meters,0% (Background Terrain),Limestone (Observed at surface),1220,1526,1967,2291,2612,2440,1260.74,4.6,0
Background_9.3km_from_Cliff Roy Mine,-108.71400,32.59580,Regional Country Rock (Geology associated with Grant region),0 (Barren Background),Trace / Non-mineralized,Unmineralized Limestone,Lake Valley Limestone,Mississippian,Synthetic Negative Sample for ML,N/A - Non-mine location,0 meters,0% (Background Terrain),Limestone (Observed at surface),1240,1769,2759,3455,4880,4505,1402.83,1.31,0
Background_5.5km_from_Ellis Deposit 1910's,-107.28385,33.09013,Regional Country Rock (Geology associated with Sierra region),0 (Barren Background),Trace / Non-mineralized,Unmineralized Limestone,Lake Valley Limestone,Mississippian,Synthetic Negative Sample for ML,N/A - Non-mine location,0 meters,0% (Background Terrain),Limestone (Observed at surface),565,815,1022,2554,2261,1571,1286.04,1.98,0
Background_7.1km_from_Ellis Deposit 1910's,-107.33213,33.12841,Regional Country Rock (Geology associated with Sierra region),0 (Barren Background),Trace / Non-mineralized,Unmineralized Limestone,Lake Valley Limestone,Mississippian,Synthetic Negative Sample for ML,N/A - Non-mine location,0 meters,0% (Background Terrain),Limestone (Observed at surface),1423,1812,2354,2759,2862,2514,1435.18,9.0,0
Background_7.1km_from_Ellis Deposit 1910's,-107.31846,33.09759,Regional Country Rock (Geology associated with Sierra region),0 (Barren Background),Trace / Non-mineralized,Unmineralized Limestone,Lake Valley Limestone,Mississippian,Synthetic Negative Sample for ML,N/A - Non-mine location,0 meters,0% (Background Terrain),Limestone (Observed at surface),1471,1880,2303,2590,2731,2347,1379.15,8.47,0
Background_7.5km_from_Consolidation Group,-108.86698,32.70271,Regional Country Rock (Geology associated with Grant region),0 (Barren Background),Trace / Non-mineralized,Unmineralized Limestone,Lake Valley Limestone,Mississippian,Synthetic Negative Sample for ML,N/A - Non-mine location,0 meters,0% (Background Terrain),Limestone (Observed at surface),0,0,0,0,0,0,1391.8,4.48,0
Background_8.1km_from_Consolidation Group,-108.75992,32.63139,Regional Country Rock (Geology associated with Grant region),0 (Barren Background),Trace / Non-mineralized,Unmineralized Limestone,Lake Valley Limestone,Mississippian,Synthetic Negative Sample for ML,N/A - Non-mine location,0 meters,0% (Background Terrain),Limestone (Observed at surface),1240,1685,2255,2800,3536,3095,1339.61,2.05,0
Background_6.9km_from_Consolidation Group,-108.91002,32.60691,Regional Country Rock (Geology associated with Grant region),0 (Barren Background),Trace / Non-mineralized,Unmineralized Limestone,Lake Valley Limestone,Mississippian,Synthetic Negative Sample for ML,N/A - Non-mine location,0 meters,0% (Background Terrain),Limestone (Observed at surface),1488,1864,2369,2778,3267,3121,1229.2,3.34,0
Background_8.6km_from_Manganese Hill Group,-107.26583,32.75509,Regional Country Rock (Geology associated with Sierra region),0 (Barren Background),Trace / Non-mineralized,Unmineralized Limestone,Lake Valley Limestone,Mississippian,Synthetic Negative Sample for ML,N/A - Non-mine location,0 meters,0% (Background Terrain),Limestone (Observed at surface),798,1155,1615,2856,3105,2593,1250.79,1.21,0
Background_5.2km_from_Manganese Hill Group,-107.28194,32.87317,Regional Country Rock (Geology associated with Sierra region),0 (Barren Background),Trace / Non-mineralized,Unmineralized Limestone,Lake Valley Limestone,Mississippian,Synthetic Negative Sample for ML,N/A - Non-mine location,0 meters,0% (Background Terrain),Limestone (Observed at surface),865,1318,1978,2556,3729,3175,1315.38,2.79,0
Background_9.3km_from_Manganese Hill Group,-107.30990,32.90222,Regional Country Rock (Geology associated with Sierra region),0 (Barren Background),Trace / Non-mineralized,Unmineralized Limestone,Lake Valley Limestone,Mississippian,Synthetic Negative Sample for ML,N/A - Non-mine location,0 meters,0% (Background Terrain),Limestone (Observed at surface),992,1409,1970,2410,3050,2712,1297.14,0.98,0
Background_5.0km_from_Dona Ana County,-107.17574,32.72980,Regional Country Rock (Hydrothermal/Sedimentary Deposit),0 (Barren Background),Trace / Non-mineralized,Unmineralized Quartzite/Schist,Local Metamorphic/Sedimentary Sequence,Phanerozoic,Synthetic Negative Sample for ML,N/A - Non-mine location,0 meters,0% (Background Terrain),Quartzite/Schist (Observed at surface),806,1172,1776,2107,2800,2519,1334.19,3.96,0
Background_5.6km_from_Dona Ana County,-107.16898,32.80734,Regional Country Rock (Hydrothermal/Sedimentary Deposit),0 (Barren Background),Trace / Non-mineralized,Unmineralized Quartzite/Schist,Local Metamorphic/Sedimentary Sequence,Phanerozoic,Synthetic Negative Sample for ML,N/A - Non-mine location,0 meters,0% (Background Terrain),Quartzite/Schist (Observed at surface),1027,1464,1953,2467,3309,2909,1483.97,8.01,0
Background_9.4km_from_Dona Ana County,-107.04040,32.75467,Regional Country Rock (Hydrothermal/Sedimentary Deposit),0 (Barren Background),Trace / Non-mineralized,Unmineralized Quartzite/Schist,Local Metamorphic/Sedimentary Sequence,Phanerozoic,Synthetic Negative Sample for ML,N/A - Non-mine location,0 meters,0% (Background Terrain),Quartzite/Schist (Observed at surface),1295,1829,2617,3364,4091,3736,1338.27,0.88,0
Background_9.7km_from_Sierra County,-107.18280,33.16050,Regional Country Rock (Geology associated with Sierra region),0 (Barren Background),Trace / Non-mineralized,Unmineralized Limestone,Lake Valley Limestone,Mississippian,Synthetic Negative Sample for ML,N/A - Non-mine location,0 meters,0% (Background Terrain),Limestone (Observed at surface),1,134,22,1,69,115,1326.0,0.0,0
Background_5.1km_from_Sierra County,-107.19280,33.10581,Regional Country Rock (Geology associated with Sierra region),0 (Barren Background),Trace / Non-mineralized,Unmineralized Limestone,Lake Valley Limestone,Mississippian,Synthetic Negative Sample for ML,N/A - Non-mine location,0 meters,0% (Background Terrain),Limestone (Observed at surface),782,1250,1563,1910,3221,2797,1444.57,6.97,0
Background_6.9km_from_Sierra County,-107.20793,33.14419,Regional Country Rock (Geology associated with Sierra region),0 (Barren Background),Trace / Non-mineralized,Unmineralized Limestone,Lake Valley Limestone,Mississippian,Synthetic Negative Sample for ML,N/A - Non-mine location,0 meters,0% (Background Terrain),Limestone (Observed at surface),1589,2307,2554,2803,3893,3422,1309.61,9.86,0
Background_8.5km_from_Lucky Strike No.2,-106.91091,34.00086,Regional Country Rock (Geology associated with Socorro region),0 (Barren Background),Trace / Non-mineralized,Unmineralized Rhyolite/Andesite,Popotosa Formation,Miocene,Synthetic Negative Sample for ML,N/A - Non-mine location,0 meters,0% (Background Terrain),Rhyolite/Andesite (Observed at surface),1000,1202,1582,2095,2692,2523,1466.55,6.59,0
Background_7.1km_from_Lucky Strike No.2,-107.06863,33.95407,Regional Country Rock (Geology associated with Socorro region),0 (Barren Background),Trace / Non-mineralized,Unmineralized Rhyolite/Andesite,Popotosa Formation,Miocene,Synthetic Negative Sample for ML,N/A - Non-mine location,0 meters,0% (Background Terrain),Rhyolite/Andesite (Observed at surface),948,1130,1482,2208,3286,2792,2130.0,20.91,0
Background_6.8km_from_Lucky Strike No.2,-107.06702,34.01213,Regional Country Rock (Geology associated with Socorro region),0 (Barren Background),Trace / Non-mineralized,Unmineralized Rhyolite/Andesite,Popotosa Formation,Miocene,Synthetic Negative Sample for ML,N/A - Non-mine location,0 meters,0% (Background Terrain),Rhyolite/Andesite (Observed at surface),775,1042,1470,2021,3039,2620,1959.03,6.32,0
Background_5.9km_from_Cliff Roy Mine,-108.85637,32.57906,Regional Country Rock (Geology associated with Grant region),0 (Barren Background),Trace / Non-mineralized,Unmineralized Limestone,Lake Valley Limestone,Mississippian,Synthetic Negative Sample for ML,N/A - Non-mine location,0 meters,0% (Background Terrain),Limestone (Observed at surface),1327,1725,2131,2498,2957,2587,1306.94,5.8,0
Background_8.0km_from_Cliff Roy Mine,-108.89316,32.60138,Regional Country Rock (Geology associated with Grant region),0 (Barren Background),Trace / Non-mineralized,Unmineralized Limestone,Lake Valley Limestone,Mississippian,Synthetic Negative Sample for ML,N/A - Non-mine location,0 meters,0% (Background Terrain),Limestone (Observed at surface),1300,1583,2145,2467,2762,2718,1264.69,6.07,0
Background_8.0km_from_Cliff Roy Mine,-108.89432,32.60705,Regional Country Rock (Geology associated with Grant region),0 (Barren Background),Trace / Non-mineralized,Unmineralized Limestone,Lake Valley Limestone,Mississippian,Synthetic Negative Sample for ML,N/A - Non-mine location,0 meters,0% (Background Terrain),Limestone (Observed at surface),1495,1838,2307,2673,3150,2960,1250.09,2.46,0
"Background_6.5km_from_Cliff Roy Mine sample collected in Grant County, New Mexico.",-107.18228,33.08065,Regional Country Rock (Geology associated with Sierra region),0 (Barren Background),Trace / Non-mineralized,Unmineralized Limestone,Lake Valley Limestone,Mississippian,Synthetic Negative Sample for ML,N/A - Non-mine location,0 meters,0% (Background Terrain),Limestone (Observed at surface),615,986,1367,1921,3379,3066,1467.7,5.76,0
"Background_8.2km_from_Cliff Roy Mine sample collected in Grant County, New Mexico.",-107.17387,33.06697,Regional Country Rock (Geology associated with Sierra region),0 (Barren Background),Trace / Non-mineralized,Unmineralized Limestone,Lake Valley Limestone,Mississippian,Synthetic Negative Sample for ML,N/A - Non-mine location,0 meters,0% (Background Terrain),Limestone (Observed at surface),743,1276,1544,1782,3209,2867,1509.22,4.94,0
"Background_5.7km_from_Cliff Roy Mine sample collected in Grant County, New Mexico.",-107.28106,33.11428,Regional Country Rock (Geology associated with Sierra region),0 (Barren Background),Trace / Non-mineralized,Unmineralized Limestone,Lake Valley Limestone,Mississippian,Synthetic Negative Sample for ML,N/A - Non-mine location,0 meters,0% (Background Terrain),Limestone (Observed at surface),563,1075,1655,3013,3082,2043,1289.91,2.24,0
Background_7.2km_from_Dawson Manganese Claims,-107.25164,32.95341,Regional Country Rock (Geology associated with Sierra region),0 (Barren Background),Trace / Non-mineralized,Unmineralized Limestone,Lake Valley Limestone,Mississippian,Synthetic Negative Sample for ML,N/A - Non-mine location,0 meters,0% (Background Terrain),Limestone (Observed at surface),780,1121,1407,1970,2829,2395,1575.4,13.23,0
Background_6.6km_from_Dawson Manganese Claims,-107.18435,32.95515,Regional Country Rock (Geology associated with Sierra region),0 (Barren Background),Trace / Non-mineralized,Unmineralized Limestone,Lake Valley Limestone,Mississippian,Synthetic Negative Sample for ML,N/A - Non-mine location,0 meters,0% (Background Terrain),Limestone (Observed at surface),331,548,1285,1624,1762,1779,1733.88,18.32,0
Background_6.7km_from_Dawson Manganese Claims,-107.26702,32.93591,Regional Country Rock (Geology associated with Sierra region),0 (Barren Background),Trace / Non-mineralized,Unmineralized Limestone,Lake Valley Limestone,Mississippian,Synthetic Negative Sample for ML,N/A - Non-mine location,0 meters,0% (Background Terrain),Limestone (Observed at surface),771,1130,1382,1978,2975,2489,1397.97,9.67,0
Background_9.6km_from_Hoggett Manganese Deposits,-108.62616,31.68742,Regional Country Rock (Geology associated with Hidalgo region),0 (Barren Background),Trace / Non-mineralized,Unmineralized Limestone,Lake Valley Limestone,Mississippian,Synthetic Negative Sample for ML,N/A - Non-mine location,0 meters,0% (Background Terrain),Limestone (Observed at surface),1270,1537,2136,2725,3479,3164,1475.79,1.42,0
Background_9.9km_from_Hoggett Manganese Deposits,-108.70765,31.83235,Regional Country Rock (Geology associated with Hidalgo region),0 (Barren Background),Trace / Non-mineralized,Unmineralized Limestone,Lake Valley Limestone,Mississippian,Synthetic Negative Sample for ML,N/A - Non-mine location,0 meters,0% (Background Terrain),Limestone (Observed at surface),1248,1565,1976,2610,3463,3171,1598.74,17.16,0
Background_8.5km_from_Hoggett Manganese Deposits,-108.63113,31.78860,Regional Country Rock (Geology associated with Hidalgo region),0 (Barren Background),Trace / Non-mineralized,Unmineralized Limestone,Lake Valley Limestone,Mississippian,Synthetic Negative Sample for ML,N/A - Non-mine location,0 meters,0% (Background Terrain),Limestone (Observed at surface),1564,1934,2598,3188,4039,3672,1387.0,1.54,0
Background_9.9km_from_Dona Ana County,-107.08893,32.76851,Regional Country Rock (Hydrothermal/Sedimentary Deposit),0 (Barren Background),Trace / Non-mineralized,Unmineralized Quartzite/Schist,Local Metamorphic/Sedimentary Sequence,Phanerozoic,Synthetic Negative Sample for ML,N/A - Non-mine location,0 meters,0% (Background Terrain),Quartzite/Schist (Observed at surface),1536,2117,2957,3452,4365,4060,1426.23,1.06,0
Background_9.7km_from_Dona Ana County,-106.96489,32.65243,Regional Country Rock (Hydrothermal/Sedimentary Deposit),0 (Barren Background),Trace / Non-mineralized,Unmineralized Quartzite/Schist,Local Metamorphic/Sedimentary Sequence,Phanerozoic,Synthetic Negative Sample for ML,N/A - Non-mine location,0 meters,0% (Background Terrain),Quartzite/Schist (Observed at surface),1338,1857,2651,3276,4349,4215,1335.82,0.52,0
Background_7.4km_from_Dona Ana County,-107.04391,32.61787,Regional Country Rock (Hydrothermal/Sedimentary Deposit),0 (Barren Background),Trace / Non-mineralized,Unmineralized Quartzite/Schist,Local Metamorphic/Sedimentary Sequence,Phanerozoic,Synthetic Negative Sample for ML,N/A - Non-mine location,0 meters,0% (Background Terrain),Quartzite/Schist (Observed at surface),1207,1538,1975,2299,2990,2732,1272.57,1.18,0
Background_6.7km_from_Pribble Mine,-79.26583,37.19998,Regional Country Rock (Geology associated with Virginia region),0 (Barren Background),Trace / Non-mineralized,Unmineralized Clay/Quartzite,Shady Dolomite / Antietam Fm,Cambrian,Synthetic Negative Sample for ML,N/A - Non-mine location,0 meters,0% (Background Terrain),Clay/Quartzite (Observed at surface),218,417,206,3707,1863,829,199.04,5.47,0
Background_7.8km_from_Pribble Mine,-79.23603,37.18473,Regional Country Rock (Geology associated with Virginia region),0 (Barren Background),Trace / Non-mineralized,Unmineralized Clay/Quartzite,Shady Dolomite / Antietam Fm,Cambrian,Synthetic Negative Sample for ML,N/A - Non-mine location,0 meters,0% (Background Terrain),Clay/Quartzite (Observed at surface),303,521,360,2885,2012,995,224.2,5.49,0
Background_6.5km_from_Pribble Mine,-79.22535,37.31240,Regional Country Rock (Geology associated with Virginia region),0 (Barren Background),Trace / Non-mineralized,Unmineralized Clay/Quartzite,Shady Dolomite / Antietam Fm,Cambrian,Synthetic Negative Sample for ML,N/A - Non-mine location,0 meters,0% (Background Terrain),Clay/Quartzite (Observed at surface),189,374,173,3942,1639,632,290.8,8.26,0
Background_6.7km_from_Stowe Mine,-80.94294,37.33689,Regional Country Rock (Geology associated with Virginia region),0 (Barren Background),Trace / Non-mineralized,Unmineralized Clay/Quartzite,Shady Dolomite / Antietam Fm,Cambrian,Synthetic Negative Sample for ML,N/A - Non-mine location,0 meters,0% (Background Terrain),Clay/Quartzite (Observed at surface),196,350,203,2881,1460,634,614.01,18.49,0
Background_8.9km_from_Stowe Mine,-80.82172,37.24878,Regional Country Rock (Geology associated with Virginia region),0 (Barren Background),Trace / Non-mineralized,Unmineralized Clay/Quartzite,Shady Dolomite / Antietam Fm,Cambrian,Synthetic Negative Sample for ML,N/A - Non-mine location,0 meters,0% (Background Terrain),Clay/Quartzite (Observed at surface),204,389,177,4038,1697,679,904.93,16.35,0
Background_9.6km_from_Stowe Mine,-80.77961,37.36412,Regional Country Rock (Geology associated with Virginia region),0 (Barren Background),Trace / Non-mineralized,Unmineralized Clay/Quartzite,Shady Dolomite / Antietam Fm,Cambrian,Synthetic Negative Sample for ML,N/A - Non-mine location,0 meters,0% (Background Terrain),Clay/Quartzite (Observed at surface),155,317,155,3550,1436,527,896.4,19.75,0
Background_7.2km_from_Higgins Farm,-68.01064,46.70770,Regional Country Rock (Geology associated with Maine region),0 (Barren Background),Trace / Non-mineralized,Unmineralized Slate/Phyllite,Aroostook-Matapedia Belt,Silurian,Synthetic Negative Sample for ML,N/A - Non-mine location,0 meters,0% (Background Terrain),Slate/Phyllite (Observed at surface),321,654,314,4563,1899,844,143.91,4.19,0
Background_8.6km_from_Higgins Farm,-68.09565,46.75344,Regional Country Rock (Geology associated with Maine region),0 (Barren Background),Trace / Non-mineralized,Unmineralized Slate/Phyllite,Aroostook-Matapedia Belt,Silurian,Synthetic Negative Sample for ML,N/A - Non-mine location,0 meters,0% (Background Terrain),Slate/Phyllite (Observed at surface),892,1108,797,4587,2398,1344,132.43,1.82,0
Background_6.3km_from_Higgins Farm,-68.17436,46.66588,Regional Country Rock (Geology associated with Maine region),0 (Barren Background),Trace / Non-mineralized,Unmineralized Slate/Phyllite,Aroostook-Matapedia Belt,Silurian,Synthetic Negative Sample for ML,N/A - Non-mine location,0 meters,0% (Background Terrain),Slate/Phyllite (Observed at surface),222,420,203,3408,1683,698,192.97,2.97,0
Background_8.7km_from_Brule County,-99.44121,43.78678,Regional Country Rock (Hydrothermal/Sedimentary Deposit),0 (Barren Background),Trace / Non-mineralized,Unmineralized Quartzite/Schist,Local Metamorphic/Sedimentary Sequence,Phanerozoic,Synthetic Negative Sample for ML,N/A - Non-mine location,0 meters,0% (Background Terrain),Quartzite/Schist (Observed at surface),481,743,733,2622,2661,1670,514.65,8.55,0
Background_6.2km_from_Brule County,-99.26427,43.77931,Regional Country Rock (Hydrothermal/Sedimentary Deposit),0 (Barren Background),Trace / Non-mineralized,Unmineralized Quartzite/Schist,Local Metamorphic/Sedimentary Sequence,Phanerozoic,Synthetic Negative Sample for ML,N/A - Non-mine location,0 meters,0% (Background Terrain),Quartzite/Schist (Observed at surface),273,439,279,3936,1695,768,509.59,0.74,0
Background_10.0km_from_Brule County,-99.25666,43.73331,Regional Country Rock (Hydrothermal/Sedimentary Deposit),0 (Barren Background),Trace / Non-mineralized,Unmineralized Quartzite/Schist,Local Metamorphic/Sedimentary Sequence,Phanerozoic,Synthetic Negative Sample for ML,N/A - Non-mine location,0 meters,0% (Background Terrain),Quartzite/Schist (Observed at surface),292,512,282,4695,1876,798,488.66,1.44,0
Background_8.4km_from_Rutledge Mine,-83.44949,36.32206,Regional Country Rock (Geology associated with Tennessee region),0 (Barren Background),Trace / Non-mineralized,Unmineralized Chert/Clay,Shady Dolomite,Cambrian,Synthetic Negative Sample for ML,N/A - Non-mine location,0 meters,0% (Background Terrain),Chert/Clay (Observed at surface),234,362,175,4201,1869,741,441.08,23.65,0
Background_8.2km_from_Rutledge Mine,-83.47197,36.32601,Regional Country Rock (Geology associated with Tennessee region),0 (Barren Background),Trace / Non-mineralized,Unmineralized Chert/Clay,Shady Dolomite,Cambrian,Synthetic Negative Sample for ML,N/A - Non-mine location,0 meters,0% (Background Terrain),Chert/Clay (Observed at surface),210,370,177,3716,1736,724,678.17,25.29,0
Background_7.2km_from_Rutledge Mine,-83.56585,36.24645,Regional Country Rock (Geology associated with Tennessee region),0 (Barren Background),Trace / Non-mineralized,Unmineralized Chert/Clay,Shady Dolomite,Cambrian,Synthetic Negative Sample for ML,N/A - Non-mine location,0 meters,0% (Background Terrain),Chert/Clay (Observed at surface),257,445,261,3372,1821,745,469.42,10.33,0
Background_7.8km_from_Haskell Prospect,-67.95126,46.05277,Regional Country Rock (Geology associated with Maine region),0 (Barren Background),Trace / Non-mineralized,Unmineralized Slate/Phyllite,Aroostook-Matapedia Belt,Silurian,Synthetic Negative Sample for ML,N/A - Non-mine location,0 meters,0% (Background Terrain),Slate/Phyllite (Observed at surface),0,0,0,0,0,0,168.36,3.94,0
Background_7.5km_from_Haskell Prospect,-67.89960,45.98016,Regional Country Rock (Geology associated with Maine region),0 (Barren Background),Trace / Non-mineralized,Unmineralized Slate/Phyllite,Aroostook-Matapedia Belt,Silurian,Synthetic Negative Sample for ML,N/A - Non-mine location,0 meters,0% (Background Terrain),Slate/Phyllite (Observed at surface),317,521,308,2871,1330,631,149.65,2.05,0
Background_5.1km_from_Haskell Prospect,-67.84366,46.08421,Regional Country Rock (Geology associated with Maine region),0 (Barren Background),Trace / Non-mineralized,Unmineralized Slate/Phyllite,Aroostook-Matapedia Belt,Silurian,Synthetic Negative Sample for ML,N/A - Non-mine location,0 meters,0% (Background Terrain),Slate/Phyllite (Observed at surface),1624,1960,2026,3333,3020,2265,181.1,1.98,0
Background_6.4km_from_Benn Manganese Prospect,-67.84414,46.02106,Regional Country Rock (Geology associated with Maine region),0 (Barren Background),Trace / Non-mineralized,Unmineralized Slate/Phyllite,Aroostook-Matapedia Belt,Silurian,Synthetic Negative Sample for ML,N/A - Non-mine location,0 meters,0% (Background Terrain),Slate/Phyllite (Observed at surface),267,443,262,2583,1219,534,161.27,4.48,0
Background_8.2km_from_Benn Manganese Prospect,-67.85735,45.99935,Regional Country Rock (Geology associated with Maine region),0 (Barren Background),Trace / Non-mineralized,Unmineralized Slate/Phyllite,Aroostook-Matapedia Belt,Silurian,Synthetic Negative Sample for ML,N/A - Non-mine location,0 meters,0% (Background Terrain),Slate/Phyllite (Observed at surface),641,801,774,2346,1971,1086,140.96,3.28,0
Background_7.6km_from_Benn Manganese Prospect,-67.79011,46.07081,Regional Country Rock (Geology associated with Maine region),0 (Barren Background),Trace / Non-mineralized,Unmineralized Slate/Phyllite,Aroostook-Matapedia Belt,Silurian,Synthetic Negative Sample for ML,N/A - Non-mine location,0 meters,0% (Background Terrain),Slate/Phyllite (Observed at surface),162,326,146,3762,1497,606,208.47,3.11,0
Background_8.6km_from_Stanley Mine,-78.56027,38.62711,Regional Country Rock (Geology associated with Virginia region),0 (Barren Background),Trace / Non-mineralized,Unmineralized Clay/Quartzite,Shady Dolomite / Antietam Fm,Cambrian,Synthetic Negative Sample for ML,N/A - Non-mine location,0 meters,0% (Background Terrain),Clay/Quartzite (Observed at surface),325,659,355,4297,2265,1130,247.28,1.93,0
Background_8.6km_from_Stanley Mine,-78.60791,38.57538,Regional Country Rock (Geology associated with Virginia region),0 (Barren Background),Trace / Non-mineralized,Unmineralized Clay/Quartzite,Shady Dolomite / Antietam Fm,Cambrian,Synthetic Negative Sample for ML,N/A - Non-mine location,0 meters,0% (Background Terrain),Clay/Quartzite (Observed at surface),238,422,228,3165,1538,665,312.61,5.65,0
Background_7.1km_from_Stanley Mine,-78.43501,38.53656,Regional Country Rock (Geology associated with Virginia region),0 (Barren Background),Trace / Non-mineralized,Unmineralized Clay/Quartzite,Shady Dolomite / Antietam Fm,Cambrian,Synthetic Negative Sample for ML,N/A - Non-mine location,0 meters,0% (Background Terrain),Clay/Quartzite (Observed at surface),316,491,289,3848,1784,726,919.58,19.28,0
Background_8.0km_from_Hart Mine,-82.88470,33.62335,Regional Country Rock (Hydrothermal/Sedimentary Deposit),0 (Barren Background),Trace / Non-mineralized,Unmineralized Quartzite/Schist,Local Metamorphic/Sedimentary Sequence,Phanerozoic,Synthetic Negative Sample for ML,N/A - Non-mine location,0 meters,0% (Background Terrain),Quartzite/Schist (Observed at surface),236,414,212,3110,1485,675,136.8,2.13,0
Background_7.1km_from_Hart Mine,-82.88749,33.63533,Regional Country Rock (Hydrothermal/Sedimentary Deposit),0 (Barren Background),Trace / Non-mineralized,Unmineralized Quartzite/Schist,Local Metamorphic/Sedimentary Sequence,Phanerozoic,Synthetic Negative Sample for ML,N/A - Non-mine location,0 meters,0% (Background Terrain),Quartzite/Schist (Observed at surface),298,649,213,4531,1839,799,150.99,6.67,0
Background_8.6km_from_Hart Mine,-83.04202,33.69442,Regional Country Rock (Hydrothermal/Sedimentary Deposit),0 (Barren Background),Trace / Non-mineralized,Unmineralized Quartzite/Schist,Local Metamorphic/Sedimentary Sequence,Phanerozoic,Synthetic Negative Sample for ML,N/A - Non-mine location,0 meters,0% (Background Terrain),Quartzite/Schist (Observed at surface),0,0,0,0,0,0,190.08,3.66,0
Background_5.3km_from_Overbeck Mine,-80.13469,37.52055,Regional Country Rock (Geology associated with Virginia region),0 (Barren Background),Trace / Non-mineralized,Unmineralized Clay/Quartzite,Shady Dolomite / Antietam Fm,Cambrian,Synthetic Negative Sample for ML,N/A - Non-mine location,0 meters,0% (Background Terrain),Clay/Quartzite (Observed at surface),152,326,205,2957,1365,504,704.9,16.54,0
Background_9.8km_from_Overbeck Mine,-80.00370,37.48771,Regional Country Rock (Geology associated with Virginia region),0 (Barren Background),Trace / Non-mineralized,Unmineralized Clay/Quartzite,Shady Dolomite / Antietam Fm,Cambrian,Synthetic Negative Sample for ML,N/A - Non-mine location,0 meters,0% (Background Terrain),Clay/Quartzite (Observed at surface),162,318,162,3167,1458,524,496.52,6.49,0
Background_7.4km_from_Overbeck Mine,-80.18129,37.51458,Regional Country Rock (Geology associated with Virginia region),0 (Barren Background),Trace / Non-mineralized,Unmineralized Clay/Quartzite,Shady Dolomite / Antietam Fm,Cambrian,Synthetic Negative Sample for ML,N/A - Non-mine location,0 meters,0% (Background Terrain),Clay/Quartzite (Observed at surface),165,334,194,2406,1543,586,502.05,5.52,0
Background_5.7km_from_East Fork Mine,-83.33458,35.86046,Regional Country Rock (Geology associated with Tennessee region),0 (Barren Background),Trace / Non-mineralized,Unmineralized Chert/Clay,Shady Dolomite,Cambrian,Synthetic Negative Sample for ML,N/A - Non-mine location,0 meters,0% (Background Terrain),Chert/Clay (Observed at surface),267,510,278,2925,1497,679,431.63,17.45,0
Background_8.9km_from_East Fork Mine,-83.35251,35.75284,Regional Country Rock (Geology associated with Tennessee region),0 (Barren Background),Trace / Non-mineralized,Unmineralized Chert/Clay,Shady Dolomite,Cambrian,Synthetic Negative Sample for ML,N/A - Non-mine location,0 meters,0% (Background Terrain),Chert/Clay (Observed at surface),234,508,245,3174,1765,721,540.96,7.16,0
Background_7.8km_from_East Fork Mine,-83.37746,35.75809,Regional Country Rock (Geology associated with Tennessee region),0 (Barren Background),Trace / Non-mineralized,Unmineralized Chert/Clay,Shady Dolomite,Cambrian,Synthetic Negative Sample for ML,N/A - Non-mine location,0 meters,0% (Background Terrain),Chert/Clay (Observed at surface),212,447,225,3015,1659,703,463.58,16.94,0
Background_7.7km_from_Jerrys Creek Mine,-81.66437,36.69474,Regional Country Rock (Geology associated with Virginia region),0 (Barren Background),Trace / Non-mineralized,Unmineralized Clay/Quartzite,Shady Dolomite / Antietam Fm,Cambrian,Synthetic Negative Sample for ML,N/A - Non-mine location,0 meters,0% (Background Terrain),Clay/Quartzite (Observed at surface),1496,1060,732,824,457,243,929.75,31.33,0
Background_8.0km_from_Jerrys Creek Mine,-81.52363,36.77847,Regional Country Rock (Geology associated with Virginia region),0 (Barren Background),Trace / Non-mineralized,Unmineralized Clay/Quartzite,Shady Dolomite / Antietam Fm,Cambrian,Synthetic Negative Sample for ML,N/A - Non-mine location,0 meters,0% (Background Terrain),Clay/Quartzite (Observed at surface),1451,1223,961,1531,1337,892,1047.25,21.78,0
Background_6.7km_from_Jerrys Creek Mine,-81.52925,36.69052,Regional Country Rock (Geology associated with Virginia region),0 (Barren Background),Trace / Non-mineralized,Unmineralized Clay/Quartzite,Shady Dolomite / Antietam Fm,Cambrian,Synthetic Negative Sample for ML,N/A - Non-mine location,0 meters,0% (Background Terrain),Clay/Quartzite (Observed at surface),560,764,925,1953,906,661,1154.48,9.8,0
Background_8.8km_from_Morefield Mine,-77.98462,37.41628,Regional Country Rock (Geology associated with Virginia region),0 (Barren Background),Trace / Non-mineralized,Unmineralized Clay/Quartzite,Shady Dolomite / Antietam Fm,Cambrian,Synthetic Negative Sample for ML,N/A - Non-mine location,0 meters,0% (Background Terrain),Clay/Quartzite (Observed at surface),311,436,277,2600,1886,1000,90.12,10.67,0
Background_9.9km_from_Morefield Mine,-77.85083,37.28694,Regional Country Rock (Geology associated with Virginia region),0 (Barren Background),Trace / Non-mineralized,Unmineralized Clay/Quartzite,Shady Dolomite / Antietam Fm,Cambrian,Synthetic Negative Sample for ML,N/A - Non-mine location,0 meters,0% (Background Terrain),Clay/Quartzite (Observed at surface),214,285,181,1980,1407,568,76.9,6.41,0
Background_6.8km_from_Morefield Mine,-77.83765,37.35114,Regional Country Rock (Geology associated with Virginia region),0 (Barren Background),Trace / Non-mineralized,Unmineralized Clay/Quartzite,Shady Dolomite / Antietam Fm,Cambrian,Synthetic Negative Sample for ML,N/A - Non-mine location,0 meters,0% (Background Terrain),Clay/Quartzite (Observed at surface),211,330,179,2380,1116,426,103.31,3.7,0
Background_6.0km_from_Betts Manganese Mines,-72.89717,42.53502,Regional Country Rock (Geology associated with Massachusetts region),0 (Barren Background),Trace / Non-mineralized,Unmineralized Schist,Hawley Formation,Ordovician,Synthetic Negative Sample for ML,N/A - Non-mine location,0 meters,0% (Background Terrain),Schist (Observed at surface),423,729,557,3240,2383,1297,536.04,5.41,0
Background_6.8km_from_Betts Manganese Mines,-72.89835,42.54466,Regional Country Rock (Geology associated with Massachusetts region),0 (Barren Background),Trace / Non-mineralized,Unmineralized Schist,Hawley Formation,Ordovician,Synthetic Negative Sample for ML,N/A - Non-mine location,0 meters,0% (Background Terrain),Schist (Observed at surface),191,405,182,3679,1494,594,532.76,3.51,0
Background_7.4km_from_Betts Manganese Mines,-73.03724,42.48642,Regional Country Rock (Geology associated with Massachusetts region),0 (Barren Background),Trace / Non-mineralized,Unmineralized Schist,Hawley Formation,Ordovician,Synthetic Negative Sample for ML,N/A - Non-mine location,0 meters,0% (Background Terrain),Schist (Observed at surface),510,739,509,4341,2034,961,577.99,6.68,0
Background_8.7km_from_Moseley Creek No.2,-96.57428,34.43917,Regional Country Rock (Geology associated with Oklahoma region),0 (Barren Background),Trace / Non-mineralized,Unmineralized Limestone/Shale,Hunton Group,Silurian-Devonian,Synthetic Negative Sample for ML,N/A - Non-mine location,0 meters,0% (Background Terrain),Limestone/Shale (Observed at surface),362,584,518,2700,2450,1241,290.46,4.44,0
Background_6.0km_from_Moseley Creek No.2,-96.53937,34.43143,Regional Country Rock (Geology associated with Oklahoma region),0 (Barren Background),Trace / Non-mineralized,Unmineralized Limestone/Shale,Hunton Group,Silurian-Devonian,Synthetic Negative Sample for ML,N/A - Non-mine location,0 meters,0% (Background Terrain),Limestone/Shale (Observed at surface),283,508,275,3669,2204,1048,275.4,4.02,0
Background_5.7km_from_Moseley Creek No.2,-96.54573,34.46098,Regional Country Rock (Geology associated with Oklahoma region),0 (Barren Background),Trace / Non-mineralized,Unmineralized Limestone/Shale,Hunton Group,Silurian-Devonian,Synthetic Negative Sample for ML,N/A - Non-mine location,0 meters,0% (Background Terrain),Limestone/Shale (Observed at surface),304,486,387,2435,2140,1232,281.45,6.3,0
Background_7.4km_from_Woodpecker Hollow Mine,-91.83197,35.88034,Regional Country Rock (Geology associated with Izard region),0 (Barren Background),Trace / Non-mineralized,Unmineralized Shale/Limestone,Cason Shale / Fernvale Fm,Ordovician,Synthetic Negative Sample for ML,N/A - Non-mine location,0 meters,0% (Background Terrain),Shale/Limestone (Observed at surface),161,366,330,2372,2065,862,149.82,16.63,0
Background_5.0km_from_Woodpecker Hollow Mine,-91.90221,35.89990,Regional Country Rock (Geology associated with Izard region),0 (Barren Background),Trace / Non-mineralized,Unmineralized Shale/Limestone,Cason Shale / Fernvale Fm,Ordovician,Synthetic Negative Sample for ML,N/A - Non-mine location,0 meters,0% (Background Terrain),Shale/Limestone (Observed at surface),170,410,213,3176,1674,626,196.11,13.27,0
Background_5.5km_from_Woodpecker Hollow Mine,-91.91387,35.97521,Regional Country Rock (Geology associated with Izard region),0 (Barren Background),Trace / Non-mineralized,Unmineralized Shale/Limestone,Cason Shale / Fernvale Fm,Ordovician,Synthetic Negative Sample for ML,N/A - Non-mine location,0 meters,0% (Background Terrain),Shale/Limestone (Observed at surface),183,345,228,2274,1889,904,134.28,7.56,0
Background_8.8km_from_Manganese Cave Mine,-91.92715,35.90226,Regional Country Rock (Geology associated with Independence region),0 (Barren Background),Trace / Non-mineralized,Unmineralized Shale/Limestone,Cason Shale / Fernvale Fm,Ordovician,Synthetic Negative Sample for ML,N/A - Non-mine location,0 meters,0% (Background Terrain),Shale/Limestone (Observed at surface),209,534,356,3141,2630,1234,129.2,18.46,0
Background_6.6km_from_Manganese Cave Mine,-91.86171,35.92533,Regional Country Rock (Geology associated with Independence region),0 (Barren Background),Trace / Non-mineralized,Unmineralized Shale/Limestone,Cason Shale / Fernvale Fm,Ordovician,Synthetic Negative Sample for ML,N/A - Non-mine location,0 meters,0% (Background Terrain),Shale/Limestone (Observed at surface),248,428,562,2317,2210,1160,245.18,10.05,0
Background_7.1km_from_Manganese Cave Mine,-91.91706,35.85823,Regional Country Rock (Geology associated with Independence region),0 (Barren Background),Trace / Non-mineralized,Unmineralized Shale/Limestone,Cason Shale / Fernvale Fm,Ordovician,Synthetic Negative Sample for ML,N/A - Non-mine location,0 meters,0% (Background Terrain),Shale/Limestone (Observed at surface),175,429,247,3029,1820,704,206.74,6.8,0
Background_9.1km_from_Cuthbertson Mountain Mine,-90.60517,37.45428,Regional Country Rock (Geology associated with Missouri region),0 (Barren Background),Trace / Non-mineralized,Unmineralized Rhyolite,St. Francois Mountains Volcanics,Mesoproterozoic,Synthetic Negative Sample for ML,N/A - Non-mine location,0 meters,0% (Background Terrain),Rhyolite (Observed at surface),170,349,176,2561,1539,594,305.88,8.76,0
Background_7.3km_from_Cuthbertson Mountain Mine,-90.71675,37.50314,Regional Country Rock (Geology associated with Missouri region),0 (Barren Background),Trace / Non-mineralized,Unmineralized Rhyolite,St. Francois Mountains Volcanics,Mesoproterozoic,Synthetic Negative Sample for ML,N/A - Non-mine location,0 meters,0% (Background Terrain),Rhyolite (Observed at surface),200,367,196,3005,1607,583,341.53,10.11,0
Background_5.9km_from_Cuthbertson Mountain Mine,-90.70620,37.54502,Regional Country Rock (Geology associated with Missouri region),0 (Barren Background),Trace / Non-mineralized,Unmineralized Rhyolite,St. Francois Mountains Volcanics,Mesoproterozoic,Synthetic Negative Sample for ML,N/A - Non-mine location,0 meters,0% (Background Terrain),Rhyolite (Observed at surface),165,279,173,2135,1637,638,341.43,5.91,0
Background_5.9km_from_Miller-Rinehart Mine,-91.71838,35.83808,Regional Country Rock (Geology associated with Independence region),0 (Barren Background),Trace / Non-mineralized,Unmineralized Shale/Limestone,Cason Shale / Fernvale Fm,Ordovician,Synthetic Negative Sample for ML,N/A - Non-mine location,0 meters,0% (Background Terrain),Shale/Limestone (Observed at surface),365,563,328,4026,1999,842,177.5,12.57,0
Background_6.2km_from_Miller-Rinehart Mine,-91.60551,35.78702,Regional Country Rock (Geology associated with Independence region),0 (Barren Background),Trace / Non-mineralized,Unmineralized Shale/Limestone,Cason Shale / Fernvale Fm,Ordovician,Synthetic Negative Sample for ML,N/A - Non-mine location,0 meters,0% (Background Terrain),Shale/Limestone (Observed at surface),326,509,457,2554,2272,1188,93.07,6.72,0
Background_7.7km_from_Miller-Rinehart Mine,-91.62857,35.75945,Regional Country Rock (Geology associated with Independence region),0 (Barren Background),Trace / Non-mineralized,Unmineralized Shale/Limestone,Cason Shale / Fernvale Fm,Ordovician,Synthetic Negative Sample for ML,N/A - Non-mine location,0 meters,0% (Background Terrain),Shale/Limestone (Observed at surface),214,415,287,3047,1587,759,91.34,4.27,0
Background_9.6km_from_Clubhouse Mine,-91.86374,35.85709,Regional Country Rock (Geology associated with Batesville region),0 (Barren Background),Trace / Non-mineralized,Unmineralized Shale/Limestone,Cason Shale / Fernvale Fm,Ordovician,Synthetic Negative Sample for ML,N/A - Non-mine location,0 meters,0% (Background Terrain),Shale/Limestone (Observed at surface),213,423,414,2816,2081,894,166.29,7.98,0
Background_7.6km_from_Clubhouse Mine,-91.81485,35.92523,Regional Country Rock (Geology associated with Batesville region),0 (Barren Background),Trace / Non-mineralized,Unmineralized Shale/Limestone,Cason Shale / Fernvale Fm,Ordovician,Synthetic Negative Sample for ML,N/A - Non-mine location,0 meters,0% (Background Terrain),Shale/Limestone (Observed at surface),153,374,301,2171,2254,1082,173.65,7.72,0
Background_7.1km_from_Clubhouse Mine,-91.82163,35.83580,Regional Country Rock (Geology associated with Batesville region),0 (Barren Background),Trace / Non-mineralized,Unmineralized Shale/Limestone,Cason Shale / Fernvale Fm,Ordovician,Synthetic Negative Sample for ML,N/A - Non-mine location,0 meters,0% (Background Terrain),Shale/Limestone (Observed at surface),164,377,234,2923,1687,697,169.64,6.56,0
Background_7.0km_from_A.R. Chinn Prospect,-91.69878,35.80071,Regional Country Rock (Geology associated with Independence region),0 (Barren Background),Trace / Non-mineralized,Unmineralized Shale/Limestone,Cason Shale / Fernvale Fm,Ordovician,Synthetic Negative Sample for ML,N/A - Non-mine location,0 meters,0% (Background Terrain),Shale/Limestone (Observed at surface),318,460,665,2343,2418,1177,171.25,5.91,0
Background_9.7km_from_A.R. Chinn Prospect,-91.53122,35.84374,Regional Country Rock (Geology associated with Independence region),0 (Barren Background),Trace / Non-mineralized,Unmineralized Shale/Limestone,Cason Shale / Fernvale Fm,Ordovician,Synthetic Negative Sample for ML,N/A - Non-mine location,0 meters,0% (Background Terrain),Shale/Limestone (Observed at surface),279,430,414,2656,2137,1036,182.51,5.61,0
Background_8.3km_from_A.R. Chinn Prospect,-91.68747,35.77643,Regional Country Rock (Geology associated with Independence region),0 (Barren Background),Trace / Non-mineralized,Unmineralized Shale/Limestone,Cason Shale / Fernvale Fm,Ordovician,Synthetic Negative Sample for ML,N/A - Non-mine location,0 meters,0% (Background Terrain),Shale/Limestone (Observed at surface),346,516,388,2839,1831,877,157.76,5.29,0
Background_7.9km_from_Manganita Mine,-102.41007,23.60960,Regional Country Rock (Hydrothermal/Sedimentary Deposit),0 (Barren Background),Trace / Non-mineralized,Unmineralized Quartzite/Schist,Local Metamorphic/Sedimentary Sequence,Phanerozoic,Synthetic Negative Sample for ML,N/A - Non-mine location,0 meters,0% (Background Terrain),Quartzite/Schist (Observed at surface),899,1355,2157,2803,4505,3883,1988.81,1.29,0
Background_6.6km_from_Manganita Mine,-102.37260,23.56998,Regional Country Rock (Hydrothermal/Sedimentary Deposit),0 (Barren Background),Trace / Non-mineralized,Unmineralized Quartzite/Schist,Local Metamorphic/Sedimentary Sequence,Phanerozoic,Synthetic Negative Sample for ML,N/A - Non-mine location,0 meters,0% (Background Terrain),Quartzite/Schist (Observed at surface),1503,1968,2578,3457,5146,4330,1987.24,0.79,0
Background_8.3km_from_Manganita Mine,-102.27321,23.66631,Regional Country Rock (Hydrothermal/Sedimentary Deposit),0 (Barren Background),Trace / Non-mineralized,Unmineralized Quartzite/Schist,Local Metamorphic/Sedimentary Sequence,Phanerozoic,Synthetic Negative Sample for ML,N/A - Non-mine location,0 meters,0% (Background Terrain),Quartzite/Schist (Observed at surface),679,900,1088,1771,3375,2667,2057.87,1.72,0
Background_9.0km_from_San Luis Mine,-105.91675,24.17564,Regional Country Rock (Geology associated with Durango region),0 (Barren Background),Trace / Non-mineralized,Unmineralized Andesite/Rhyolite,Lower Volcanic Supergroup,Eocene-Oligocene,Synthetic Negative Sample for ML,N/A - Non-mine location,0 meters,0% (Background Terrain),Andesite/Rhyolite (Observed at surface),879,0,1166,3950,3836,2432,1600.33,44.12,0
Background_7.0km_from_San Luis Mine,-105.85560,24.13889,Regional Country Rock (Geology associated with Durango region),0 (Barren Background),Trace / Non-mineralized,Unmineralized Andesite/Rhyolite,Lower Volcanic Supergroup,Eocene-Oligocene,Synthetic Negative Sample for ML,N/A - Non-mine location,0 meters,0% (Background Terrain),Andesite/Rhyolite (Observed at surface),454,689,1068,2212,3389,2217,1383.81,19.8,0
Background_5.2km_from_San Luis Mine,-105.85742,24.07941,Regional Country Rock (Geology associated with Durango region),0 (Barren Background),Trace / Non-mineralized,Unmineralized Andesite/Rhyolite,Lower Volcanic Supergroup,Eocene-Oligocene,Synthetic Negative Sample for ML,N/A - Non-mine location,0 meters,0% (Background Terrain),Andesite/Rhyolite (Observed at surface),534,870,1110,3059,3516,2207,1621.2,35.21,0
Background_6.1km_from_Acoxcatlan Deposit,-98.77578,20.79629,Regional Country Rock (Geology associated with Hidalgo region),0 (Barren Background),Trace / Non-mineralized,Unmineralized Limestone,Lake Valley Limestone,Mississippian,Synthetic Negative Sample for ML,N/A - Non-mine location,0 meters,0% (Background Terrain),Limestone (Observed at surface),331,639,309,4512,2254,932,972.7,38.84,0
Background_7.1km_from_Acoxcatlan Deposit,-98.79574,20.80686,Regional Country Rock (Geology associated with Hidalgo region),0 (Barren Background),Trace / Non-mineralized,Unmineralized Limestone,Lake Valley Limestone,Mississippian,Synthetic Negative Sample for ML,N/A - Non-mine location,0 meters,0% (Background Terrain),Limestone (Observed at surface),403,707,449,3695,2415,1156,1571.21,22.8,0
Background_6.6km_from_Acoxcatlan Deposit,-98.76441,20.88548,Regional Country Rock (Geology associated with Hidalgo region),0 (Barren Background),Trace / Non-mineralized,Unmineralized Limestone,Lake Valley Limestone,Mississippian,Synthetic Negative Sample for ML,N/A - Non-mine location,0 meters,0% (Background Terrain),Limestone (Observed at surface),513,742,624,3433,2822,1642,1034.8,32.6,0
Background_7.0km_from_Lucifer Mine,-112.39553,27.29752,Regional Country Rock (Hydrothermal/Sedimentary Deposit),0 (Barren Background),Trace / Non-mineralized,Unmineralized Quartzite/Schist,Local Metamorphic/Sedimentary Sequence,Phanerozoic,Synthetic Negative Sample for ML,N/A - Non-mine location,0 meters,0% (Background Terrain),Quartzite/Schist (Observed at surface),660,850,1053,1952,2001,1425,331.51,9.16,0
Background_9.2km_from_Lucifer Mine,-112.47904,27.34399,Regional Country Rock (Hydrothermal/Sedimentary Deposit),0 (Barren Background),Trace / Non-mineralized,Unmineralized Quartzite/Schist,Local Metamorphic/Sedimentary Sequence,Phanerozoic,Synthetic Negative Sample for ML,N/A - Non-mine location,0 meters,0% (Background Terrain),Quartzite/Schist (Observed at surface),791,1003,1396,1671,2237,1903,709.4,22.69,0
Background_9.3km_from_Lucifer Mine,-112.29383,27.35695,Regional Country Rock (Hydrothermal/Sedimentary Deposit),0 (Barren Background),Trace / Non-mineralized,Unmineralized Quartzite/Schist,Local Metamorphic/Sedimentary Sequence,Phanerozoic,Synthetic Negative Sample for ML,N/A - Non-mine location,0 meters,0% (Background Terrain),Quartzite/Schist (Observed at surface),1069,1466,2085,2482,3144,2621,63.7,5.66,0
Background_7.0km_from_Inyo County,-116.76520,35.85370,Regional Country Rock (Hydrothermal/Sedimentary Deposit),0 (Barren Background),Trace / Non-mineralized,Unmineralized Quartzite/Schist,Local Metamorphic/Sedimentary Sequence,Phanerozoic,Synthetic Negative Sample for ML,N/A - Non-mine location,0 meters,0% (Background Terrain),Quartzite/Schist (Observed at surface),685,847,1028,1260,1191,1037,698.17,27.16,0
Background_7.7km_from_Inyo County,-116.72052,35.85855,Regional Country Rock (Hydrothermal/Sedimentary Deposit),0 (Barren Background),Trace / Non-mineralized,Unmineralized Quartzite/Schist,Local Metamorphic/Sedimentary Sequence,Phanerozoic,Synthetic Negative Sample for ML,N/A - Non-mine location,0 meters,0% (Background Terrain),Quartzite/Schist (Observed at surface),1215,1501,2039,2407,2959,2701,602.93,21.06,0
Background_6.4km_from_Inyo County,-116.69703,35.92540,Regional Country Rock (Hydrothermal/Sedimentary Deposit),0 (Barren Background),Trace / Non-mineralized,Unmineralized Quartzite/Schist,Local Metamorphic/Sedimentary Sequence,Phanerozoic,Synthetic Negative Sample for ML,N/A - Non-mine location,0 meters,0% (Background Terrain),Quartzite/Schist (Observed at surface),1632,2058,2568,3076,3512,3112,-36.13,2.41,0
Background_9.8km_from_Buenaventura,-106.80239,29.80390,Regional Country Rock (Geology associated with Chihuahua region),0 (Barren Background),Trace / Non-mineralized,Unmineralized Rhyolite,Tertiary Volcanics,Oligocene,Synthetic Negative Sample for ML,N/A - Non-mine location,0 meters,0% (Background Terrain),Rhyolite (Observed at surface),1019,1290,1823,2334,2985,2807,1545.65,3.26,0
Background_6.2km_from_Buenaventura,-106.79296,29.77221,Regional Country Rock (Geology associated with Chihuahua region),0 (Barren Background),Trace / Non-mineralized,Unmineralized Rhyolite,Tertiary Volcanics,Oligocene,Synthetic Negative Sample for ML,N/A - Non-mine location,0 meters,0% (Background Terrain),Rhyolite (Observed at surface),871,1208,1958,2712,3512,3238,1572.97,1.18,0
Background_9.7km_from_Buenaventura,-106.86907,29.69601,Regional Country Rock (Geology associated with Chihuahua region),0 (Barren Background),Trace / Non-mineralized,Unmineralized Rhyolite,Tertiary Volcanics,Oligocene,Synthetic Negative Sample for ML,N/A - Non-mine location,0 meters,0% (Background Terrain),Rhyolite (Observed at surface),749,995,1415,2053,2989,2715,1714.69,9.02,0
Background_6.2km_from_Montaña de Manganeso Mine,-101.85972,23.34382,Regional Country Rock (Hydrothermal/Sedimentary Deposit),0 (Barren Background),Trace / Non-mineralized,Unmineralized Quartzite/Schist,Local Metamorphic/Sedimentary Sequence,Phanerozoic,Synthetic Negative Sample for ML,N/A - Non-mine location,0 meters,0% (Background Terrain),Quartzite/Schist (Observed at surface),641,923,1202,2163,3116,2350,1971.16,0.41,0
Background_6.1km_from_Montaña de Manganeso Mine,-101.77666,23.38411,Regional Country Rock (Hydrothermal/Sedimentary Deposit),0 (Barren Background),Trace / Non-mineralized,Unmineralized Quartzite/Schist,Local Metamorphic/Sedimentary Sequence,Phanerozoic,Synthetic Negative Sample for ML,N/A - Non-mine location,0 meters,0% (Background Terrain),Quartzite/Schist (Observed at surface),0,0,0,0,0,0,2021.72,1.57,0
Background_8.4km_from_Montaña de Manganeso Mine,-101.81987,23.40612,Regional Country Rock (Hydrothermal/Sedimentary Deposit),0 (Barren Background),Trace / Non-mineralized,Unmineralized Quartzite/Schist,Local Metamorphic/Sedimentary Sequence,Phanerozoic,Synthetic Negative Sample for ML,N/A - Non-mine location,0 meters,0% (Background Terrain),Quartzite/Schist (Observed at surface),519,701,820,1580,2601,1750,2000.32,0.72,0
Background_9.7km_from_Anti-Mussilini Lode,-122.69889,39.92371,Regional Country Rock (Hydrothermal/Sedimentary Deposit),0 (Barren Background),Trace / Non-mineralized,Unmineralized Quartzite/Schist,Local Metamorphic/Sedimentary Sequence,Phanerozoic,Synthetic Negative Sample for ML,N/A - Non-mine location,0 meters,0% (Background Terrain),Quartzite/Schist (Observed at surface),444,643,719,2101,1738,1248,1502.49,18.96,0
Background_6.9km_from_Anti-Mussilini Lode,-122.64013,39.78235,Regional Country Rock (Hydrothermal/Sedimentary Deposit),0 (Barren Background),Trace / Non-mineralized,Unmineralized Quartzite/Schist,Local Metamorphic/Sedimentary Sequence,Phanerozoic,Synthetic Negative Sample for ML,N/A - Non-mine location,0 meters,0% (Background Terrain),Quartzite/Schist (Observed at surface),463,698,789,2932,2217,1440,827.88,18.12,0
Background_6.1km_from_Anti-Mussilini Lode,-122.74285,39.82701,Regional Country Rock (Hydrothermal/Sedimentary Deposit),0 (Barren Background),Trace / Non-mineralized,Unmineralized Quartzite/Schist,Local Metamorphic/Sedimentary Sequence,Phanerozoic,Synthetic Negative Sample for ML,N/A - Non-mine location,0 meters,0% (Background Terrain),Quartzite/Schist (Observed at surface),775,1255,1371,2397,2440,1839,1724.26,15.24,0
Background_6.7km_from_Paine Bros. Mine,-120.99000,39.38856,Regional Country Rock (Geology associated with Nevada region),0 (Barren Background),Trace / Non-mineralized,Unmineralized Limestone/Dolomite,Highland Peak Fm,Cambrian,Synthetic Negative Sample for ML,N/A - Non-mine location,0 meters,0% (Background Terrain),Limestone/Dolomite (Observed at surface),270,456,378,2726,1319,602,923.89,6.41,0
Background_6.4km_from_Paine Bros. Mine,-121.02842,39.31959,Regional Country Rock (Geology associated with Nevada region),0 (Barren Background),Trace / Non-mineralized,Unmineralized Limestone/Dolomite,Highland Peak Fm,Cambrian,Synthetic Negative Sample for ML,N/A - Non-mine location,0 meters,0% (Background Terrain),Limestone/Dolomite (Observed at surface),311,479,518,2284,1892,981,801.85,12.15,0
Background_6.8km_from_Paine Bros. Mine,-120.92900,39.27723,Regional Country Rock (Geology associated with Nevada region),0 (Barren Background),Trace / Non-mineralized,Unmineralized Limestone/Dolomite,Highland Peak Fm,Cambrian,Synthetic Negative Sample for ML,N/A - Non-mine location,0 meters,0% (Background Terrain),Limestone/Dolomite (Observed at surface),376,336,173,106,164,145,936.0,0.0,0
Background_5.4km_from_Black Brothers Mine,-118.13177,34.59967,Regional Country Rock (Hydrothermal/Sedimentary Deposit),0 (Barren Background),Trace / Non-mineralized,Unmineralized Quartzite/Schist,Local Metamorphic/Sedimentary Sequence,Phanerozoic,Synthetic Negative Sample for ML,N/A - Non-mine location,0 meters,0% (Background Terrain),Quartzite/Schist (Observed at surface),978,1478,2122,2915,3913,2952,805.2,1.36,0
Background_8.9km_from_Black Brothers Mine,-118.14425,34.51080,Regional Country Rock (Hydrothermal/Sedimentary Deposit),0 (Barren Background),Trace / Non-mineralized,Unmineralized Quartzite/Schist,Local Metamorphic/Sedimentary Sequence,Phanerozoic,Synthetic Negative Sample for ML,N/A - Non-mine location,0 meters,0% (Background Terrain),Quartzite/Schist (Observed at surface),673,1024,1613,2460,3697,2655,1083.69,5.61,0
Background_5.4km_from_Black Brothers Mine,-118.18989,34.63110,Regional Country Rock (Hydrothermal/Sedimentary Deposit),0 (Barren Background),Trace / Non-mineralized,Unmineralized Quartzite/Schist,Local Metamorphic/Sedimentary Sequence,Phanerozoic,Synthetic Negative Sample for ML,N/A - Non-mine location,0 meters,0% (Background Terrain),Quartzite/Schist (Observed at surface),1584,1948,2390,2883,3482,2810,786.98,1.49,0
Background_9.9km_from_Mono Manganese No.7 Prospect,-119.20736,38.23695,Regional Country Rock (Hydrothermal/Sedimentary Deposit),0 (Barren Background),Trace / Non-mineralized,Unmineralized Quartzite/Schist,Local Metamorphic/Sedimentary Sequence,Phanerozoic,Synthetic Negative Sample for ML,N/A - Non-mine location,0 meters,0% (Background Terrain),Quartzite/Schist (Observed at surface),356,524,659,1469,1588,1166,2111.46,8.45,0
Background_8.5km_from_Mono Manganese No.7 Prospect,-119.20390,38.08309,Regional Country Rock (Hydrothermal/Sedimentary Deposit),0 (Barren Background),Trace / Non-mineralized,Unmineralized Quartzite/Schist,Local Metamorphic/Sedimentary Sequence,Phanerozoic,Synthetic Negative Sample for ML,N/A - Non-mine location,0 meters,0% (Background Terrain),Quartzite/Schist (Observed at surface),199,469,417,2419,1865,1161,2653.07,8.83,0
Background_7.7km_from_Mono Manganese No.7 Prospect,-119.09935,38.10968,Regional Country Rock (Hydrothermal/Sedimentary Deposit),0 (Barren Background),Trace / Non-mineralized,Unmineralized Quartzite/Schist,Local Metamorphic/Sedimentary Sequence,Phanerozoic,Synthetic Negative Sample for ML,N/A - Non-mine location,0 meters,0% (Background Terrain),Quartzite/Schist (Observed at surface),881,1135,1422,2135,2816,2241,2317.82,4.02,0
Background_9.9km_from_Soapstone Mine,-120.57823,38.16103,Regional Country Rock (Geology associated with Calaveras region),0 (Barren Background),Trace / Non-mineralized,Unmineralized Metachert/Slate,Calaveras Complex,Paleozoic,Synthetic Negative Sample for ML,N/A - Non-mine location,0 meters,0% (Background Terrain),Metachert/Slate (Observed at surface),253,464,429,2257,1680,945,444.12,21.97,0
Background_9.7km_from_Soapstone Mine,-120.38461,38.24753,Regional Country Rock (Geology associated with Calaveras region),0 (Barren Background),Trace / Non-mineralized,Unmineralized Metachert/Slate,Calaveras Complex,Paleozoic,Synthetic Negative Sample for ML,N/A - Non-mine location,0 meters,0% (Background Terrain),Metachert/Slate (Observed at surface),220,458,361,2712,1661,786,1266.41,15.18,0
Background_8.4km_from_Soapstone Mine,-120.56987,38.20672,Regional Country Rock (Geology associated with Calaveras region),0 (Barren Background),Trace / Non-mineralized,Unmineralized Metachert/Slate,Calaveras Complex,Paleozoic,Synthetic Negative Sample for ML,N/A - Non-mine location,0 meters,0% (Background Terrain),Metachert/Slate (Observed at surface),363,645,854,2520,2241,1365,654.31,15.79,0
Background_6.5km_from_Carley Prospect,-120.48948,38.06535,Regional Country Rock (Geology associated with Calaveras region),0 (Barren Background),Trace / Non-mineralized,Unmineralized Metachert/Slate,Calaveras Complex,Paleozoic,Synthetic Negative Sample for ML,N/A - Non-mine location,0 meters,0% (Background Terrain),Metachert/Slate (Observed at surface),248,407,522,1832,1964,1391,656.95,16.76,0
Background_6.4km_from_Carley Prospect,-120.54783,38.15909,Regional Country Rock (Geology associated with Calaveras region),0 (Barren Background),Trace / Non-mineralized,Unmineralized Metachert/Slate,Calaveras Complex,Paleozoic,Synthetic Negative Sample for ML,N/A - Non-mine location,0 meters,0% (Background Terrain),Metachert/Slate (Observed at surface),334,620,542,2961,1800,915,400.65,23.05,0
Background_8.2km_from_Carley Prospect,-120.44136,38.18728,Regional Country Rock (Geology associated with Calaveras region),0 (Barren Background),Trace / Non-mineralized,Unmineralized Metachert/Slate,Calaveras Complex,Paleozoic,Synthetic Negative Sample for ML,N/A - Non-mine location,0 meters,0% (Background Terrain),Metachert/Slate (Observed at surface),394,636,788,3020,2267,1264,804.12,19.93,0
Background_9.7km_from_Smith Mine,-121.17832,39.08751,Regional Country Rock (Geology associated with Nevada region),0 (Barren Background),Trace / Non-mineralized,Unmineralized Limestone/Dolomite,Highland Peak Fm,Cambrian,Synthetic Negative Sample for ML,N/A - Non-mine location,0 meters,0% (Background Terrain),Limestone/Dolomite (Observed at surface),345,528,561,2208,1919,993,420.13,13.27,0
Background_8.4km_from_Smith Mine,-121.17482,39.07440,Regional Country Rock (Geology associated with Nevada region),0 (Barren Background),Trace / Non-mineralized,Unmineralized Limestone/Dolomite,Highland Peak Fm,Cambrian,Synthetic Negative Sample for ML,N/A - Non-mine location,0 meters,0% (Background Terrain),Limestone/Dolomite (Observed at surface),807,1069,1407,2615,2765,1786,415.35,7.84,0
Background_5.7km_from_Smith Mine,-121.17045,39.02631,Regional Country Rock (Geology associated with Nevada region),0 (Barren Background),Trace / Non-mineralized,Unmineralized Limestone/Dolomite,Highland Peak Fm,Cambrian,Synthetic Negative Sample for ML,N/A - Non-mine location,0 meters,0% (Background Terrain),Limestone/Dolomite (Observed at surface),995,1317,1998,2914,3708,2414,316.86,9.95,0
Background_9.2km_from_Blackies Hill Claims,-122.80648,40.39266,Regional Country Rock (Hydrothermal/Sedimentary Deposit),0 (Barren Background),Trace / Non-mineralized,Unmineralized Quartzite/Schist,Local Metamorphic/Sedimentary Sequence,Phanerozoic,Synthetic Negative Sample for ML,N/A - Non-mine location,0 meters,0% (Background Terrain),Quartzite/Schist (Observed at surface),611,773,1024,2021,3121,2130,566.29,16.29,0
Background_7.5km_from_Blackies Hill Claims,-122.71556,40.51874,Regional Country Rock (Hydrothermal/Sedimentary Deposit),0 (Barren Background),Trace / Non-mineralized,Unmineralized Quartzite/Schist,Local Metamorphic/Sedimentary Sequence,Phanerozoic,Synthetic Negative Sample for ML,N/A - Non-mine location,0 meters,0% (Background Terrain),Quartzite/Schist (Observed at surface),117,294,161,2052,1027,445,749.62,12.62,0
Background_5.3km_from_Blackies Hill Claims,-122.78302,40.42495,Regional Country Rock (Hydrothermal/Sedimentary Deposit),0 (Barren Background),Trace / Non-mineralized,Unmineralized Quartzite/Schist,Local Metamorphic/Sedimentary Sequence,Phanerozoic,Synthetic Negative Sample for ML,N/A - Non-mine location,0 meters,0% (Background Terrain),Quartzite/Schist (Observed at surface),423,512,674,1759,1812,1210,589.01,12.27,0
Background_6.3km_from_Cuddy Canyon Prospect,-118.94752,34.77269,Regional Country Rock (Hydrothermal/Sedimentary Deposit),0 (Barren Background),Trace / Non-mineralized,Unmineralized Quartzite/Schist,Local Metamorphic/Sedimentary Sequence,Phanerozoic,Synthetic Negative Sample for ML,N/A - Non-mine location,0 meters,0% (Background Terrain),Quartzite/Schist (Observed at surface),192,408,280,2761,1564,947,1879.6,23.92,0
Background_5.8km_from_Cuddy Canyon Prospect,-118.93455,34.84962,Regional Country Rock (Hydrothermal/Sedimentary Deposit),0 (Barren Background),Trace / Non-mineralized,Unmineralized Quartzite/Schist,Local Metamorphic/Sedimentary Sequence,Phanerozoic,Synthetic Negative Sample for ML,N/A - Non-mine location,0 meters,0% (Background Terrain),Quartzite/Schist (Observed at surface),758,1161,1547,3147,2670,1649,1680.54,23.73,0
Background_7.4km_from_Cuddy Canyon Prospect,-119.04903,34.77848,Regional Country Rock (Hydrothermal/Sedimentary Deposit),0 (Barren Background),Trace / Non-mineralized,Unmineralized Quartzite/Schist,Local Metamorphic/Sedimentary Sequence,Phanerozoic,Synthetic Negative Sample for ML,N/A - Non-mine location,0 meters,0% (Background Terrain),Quartzite/Schist (Observed at surface),720,894,1168,2225,2781,2030,1642.57,7.98,0
Background_5.8km_from_O.K. Claim,-118.29372,35.59075,Regional Country Rock (Hydrothermal/Sedimentary Deposit),0 (Barren Background),Trace / Non-mineralized,Unmineralized Quartzite/Schist,Local Metamorphic/Sedimentary Sequence,Phanerozoic,Synthetic Negative Sample for ML,N/A - Non-mine location,0 meters,0% (Background Terrain),Quartzite/Schist (Observed at surface),0,0,0,0,0,0,1409.33,13.68,0
Background_6.5km_from_O.K. Claim,-118.35934,35.59003,Regional Country Rock (Hydrothermal/Sedimentary Deposit),0 (Barren Background),Trace / Non-mineralized,Unmineralized Quartzite/Schist,Local Metamorphic/Sedimentary Sequence,Phanerozoic,Synthetic Negative Sample for ML,N/A - Non-mine location,0 meters,0% (Background Terrain),Quartzite/Schist (Observed at surface),956,1076,1260,2207,2368,1727,1581.07,18.56,0
Background_8.5km_from_O.K. Claim,-118.41200,35.62675,Regional Country Rock (Hydrothermal/Sedimentary Deposit),0 (Barren Background),Trace / Non-mineralized,Unmineralized Quartzite/Schist,Local Metamorphic/Sedimentary Sequence,Phanerozoic,Synthetic Negative Sample for ML,N/A - Non-mine location,0 meters,0% (Background Terrain),Quartzite/Schist (Observed at surface),1569,2067,2585,3052,3673,3513,876.62,4.53,0
Background_6.9km_from_Wonder Mine,-120.11312,37.80969,Regional Country Rock (Hydrothermal/Sedimentary Deposit),0 (Barren Background),Trace / Non-mineralized,Unmineralized Quartzite/Schist,Local Metamorphic/Sedimentary Sequence,Phanerozoic,Synthetic Negative Sample for ML,N/A - Non-mine location,0 meters,0% (Background Terrain),Quartzite/Schist (Observed at surface),184,323,432,1191,1532,980,931.48,6.14,0
Background_6.2km_from_Wonder Mine,-120.17411,37.73521,Regional Country Rock (Hydrothermal/Sedimentary Deposit),0 (Barren Background),Trace / Non-mineralized,Unmineralized Quartzite/Schist,Local Metamorphic/Sedimentary Sequence,Phanerozoic,Synthetic Negative Sample for ML,N/A - Non-mine location,0 meters,0% (Background Terrain),Quartzite/Schist (Observed at surface),285,476,409,2256,1508,854,749.27,16.28,0
Background_8.8km_from_Wonder Mine,-120.12045,37.73167,Regional Country Rock (Hydrothermal/Sedimentary Deposit),0 (Barren Background),Trace / Non-mineralized,Unmineralized Quartzite/Schist,Local Metamorphic/Sedimentary Sequence,Phanerozoic,Synthetic Negative Sample for ML,N/A - Non-mine location,0 meters,0% (Background Terrain),Quartzite/Schist (Observed at surface),0,0,0,0,0,0,1010.58,4.18,0
Background_9.4km_from_Logan Mine,-116.45178,34.87922,Regional Country Rock (Geology associated with San Bernardino region),0 (Barren Background),Trace / Non-mineralized,Unmineralized Fanglomerate/Volcanics,Local Tertiary Volcanics,Miocene,Synthetic Negative Sample for ML,N/A - Non-mine location,0 meters,0% (Background Terrain),Fanglomerate/Volcanics (Observed at surface),1692,2183,2861,3320,3735,3348,745.79,2.5,0
Background_7.4km_from_Logan Mine,-116.28283,34.85531,Regional Country Rock (Geology associated with San Bernardino region),0 (Barren Background),Trace / Non-mineralized,Unmineralized Fanglomerate/Volcanics,Local Tertiary Volcanics,Miocene,Synthetic Negative Sample for ML,N/A - Non-mine location,0 meters,0% (Background Terrain),Fanglomerate/Volcanics (Observed at surface),1570,1974,2499,2854,2998,2776,673.96,3.38,0
Background_10.0km_from_Logan Mine,-116.30275,34.91494,Regional Country Rock (Geology associated with San Bernardino region),0 (Barren Background),Trace / Non-mineralized,Unmineralized Fanglomerate/Volcanics,Local Tertiary Volcanics,Miocene,Synthetic Negative Sample for ML,N/A - Non-mine location,0 meters,0% (Background Terrain),Fanglomerate/Volcanics (Observed at surface),1042,1498,2295,2656,3487,3150,795.51,12.35,0
Background_6.9km_from_Red Feather Claim,-118.14337,34.61151,Regional Country Rock (Hydrothermal/Sedimentary Deposit),0 (Barren Background),Trace / Non-mineralized,Unmineralized Quartzite/Schist,Local Metamorphic/Sedimentary Sequence,Phanerozoic,Synthetic Negative Sample for ML,N/A - Non-mine location,0 meters,0% (Background Terrain),Quartzite/Schist (Observed at surface),1570,1758,2059,2869,2913,2179,808.18,3.91,0
Background_6.9km_from_Red Feather Claim,-118.28315,34.62726,Regional Country Rock (Hydrothermal/Sedimentary Deposit),0 (Barren Background),Trace / Non-mineralized,Unmineralized Quartzite/Schist,Local Metamorphic/Sedimentary Sequence,Phanerozoic,Synthetic Negative Sample for ML,N/A - Non-mine location,0 meters,0% (Background Terrain),Quartzite/Schist (Observed at surface),578,872,1122,2461,2518,1667,1148.08,19.58,0
Background_5.9km_from_Red Feather Claim,-118.26012,34.63810,Regional Country Rock (Hydrothermal/Sedimentary Deposit),0 (Barren Background),Trace / Non-mineralized,Unmineralized Quartzite/Schist,Local Metamorphic/Sedimentary Sequence,Phanerozoic,Synthetic Negative Sample for ML,N/A - Non-mine location,0 meters,0% (Background Terrain),Quartzite/Schist (Observed at surface),1548,2344,3018,3474,3850,2984,858.43,5.56,0
Background_5.3km_from_War Baby Prospect,-116.92695,35.81573,Regional Country Rock (Hydrothermal/Sedimentary Deposit),0 (Barren Background),Trace / Non-mineralized,Unmineralized Quartzite/Schist,Local Metamorphic/Sedimentary Sequence,Phanerozoic,Synthetic Negative Sample for ML,N/A - Non-mine location,0 meters,0% (Background Terrain),Quartzite/Schist (Observed at surface),803,1069,1521,1892,2035,1715,628.05,3.32,0
Background_6.0km_from_War Baby Prospect,-116.81255,35.85587,Regional Country Rock (Hydrothermal/Sedimentary Deposit),0 (Barren Background),Trace / Non-mineralized,Unmineralized Quartzite/Schist,Local Metamorphic/Sedimentary Sequence,Phanerozoic,Synthetic Negative Sample for ML,N/A - Non-mine location,0 meters,0% (Background Terrain),Quartzite/Schist (Observed at surface),801,1069,1448,1820,1966,1642,399.52,14.14,0
Background_9.5km_from_War Baby Prospect,-116.93200,35.75963,Regional Country Rock (Hydrothermal/Sedimentary Deposit),0 (Barren Background),Trace / Non-mineralized,Unmineralized Quartzite/Schist,Local Metamorphic/Sedimentary Sequence,Phanerozoic,Synthetic Negative Sample for ML,N/A - Non-mine location,0 meters,0% (Background Terrain),Quartzite/Schist (Observed at surface),1261,1697,2124,2539,3108,2588,564.75,2.24,0
Background_5.6km_from_Glory Hole Mine,-114.86742,33.81627,Regional Country Rock (Geology associated with Riverside region),0 (Barren Background),Trace / Non-mineralized,Unmineralized Fanglomerate/Volcanics,Local Tertiary Volcanics,Miocene,Synthetic Negative Sample for ML,N/A - Non-mine location,0 meters,0% (Background Terrain),Fanglomerate/Volcanics (Observed at surface),1302,1682,2203,2483,3933,3952,278.36,1.17,0
Background_7.3km_from_Glory Hole Mine,-114.85798,33.78647,Regional Country Rock (Geology associated with Riverside region),0 (Barren Background),Trace / Non-mineralized,Unmineralized Fanglomerate/Volcanics,Local Tertiary Volcanics,Miocene,Synthetic Negative Sample for ML,N/A - Non-mine location,0 meters,0% (Background Terrain),Fanglomerate/Volcanics (Observed at surface),1619,1912,2212,2405,2871,2528,266.68,1.02,0
Background_7.3km_from_Glory Hole Mine,-114.88815,33.87343,Regional Country Rock (Geology associated with Riverside region),0 (Barren Background),Trace / Non-mineralized,Unmineralized Fanglomerate/Volcanics,Local Tertiary Volcanics,Miocene,Synthetic Negative Sample for ML,N/A - Non-mine location,0 meters,0% (Background Terrain),Fanglomerate/Volcanics (Observed at surface),841,1140,1512,1727,2767,2982,437.0,17.79,0
Background_7.7km_from_Inyo County,-116.53800,36.35929,Regional Country Rock (Hydrothermal/Sedimentary Deposit),0 (Barren Background),Trace / Non-mineralized,Unmineralized Quartzite/Schist,Local Metamorphic/Sedimentary Sequence,Phanerozoic,Synthetic Negative Sample for ML,N/A - Non-mine location,0 meters,0% (Background Terrain),Quartzite/Schist (Observed at surface),1542,1775,2078,2280,2385,2123,1260.02,34.22,0
Background_8.1km_from_Inyo County,-116.65271,36.26636,Regional Country Rock (Hydrothermal/Sedimentary Deposit),0 (Barren Background),Trace / Non-mineralized,Unmineralized Quartzite/Schist,Local Metamorphic/Sedimentary Sequence,Phanerozoic,Synthetic Negative Sample for ML,N/A - Non-mine location,0 meters,0% (Background Terrain),Quartzite/Schist (Observed at surface),1040,1306,1663,1949,2313,1923,1017.53,5.89,0
Background_7.7km_from_Inyo County,-116.63919,36.26621,Regional Country Rock (Hydrothermal/Sedimentary Deposit),0 (Barren Background),Trace / Non-mineralized,Unmineralized Quartzite/Schist,Local Metamorphic/Sedimentary Sequence,Phanerozoic,Synthetic Negative Sample for ML,N/A - Non-mine location,0 meters,0% (Background Terrain),Quartzite/Schist (Observed at surface),1201,1532,2052,2471,2784,2371,1110.65,16.23,0
Background_5.5km_from_Black Horse Claim,-119.31297,38.39537,Regional Country Rock (Hydrothermal/Sedimentary Deposit),0 (Barren Background),Trace / Non-mineralized,Unmineralized Quartzite/Schist,Local Metamorphic/Sedimentary Sequence,Phanerozoic,Synthetic Negative Sample for ML,N/A - Non-mine location,0 meters,0% (Background Terrain),Quartzite/Schist (Observed at surface),1049,1345,1532,2267,2770,2092,2891.32,28.19,0
Background_5.5km_from_Black Horse Claim,-119.21556,38.34552,Regional Country Rock (Hydrothermal/Sedimentary Deposit),0 (Barren Background),Trace / Non-mineralized,Unmineralized Quartzite/Schist,Local Metamorphic/Sedimentary Sequence,Phanerozoic,Synthetic Negative Sample for ML,N/A - Non-mine location,0 meters,0% (Background Terrain),Quartzite/Schist (Observed at surface),499,720,909,1792,1919,1479,2043.13,11.38,0
Background_8.1km_from_Black Horse Claim,-119.16895,38.42000,Regional Country Rock (Hydrothermal/Sedimentary Deposit),0 (Barren Background),Trace / Non-mineralized,Unmineralized Quartzite/Schist,Local Metamorphic/Sedimentary Sequence,Phanerozoic,Synthetic Negative Sample for ML,N/A - Non-mine location,0 meters,0% (Background Terrain),Quartzite/Schist (Observed at surface),0,0,0,0,0,0,1933.99,16.61,0
Background_5.0km_from_Fortner Ranch Prospect,-120.63247,38.18817,Regional Country Rock (Geology associated with Calaveras region),0 (Barren Background),Trace / Non-mineralized,Unmineralized Metachert/Slate,Calaveras Complex,Paleozoic,Synthetic Negative Sample for ML,N/A - Non-mine location,0 meters,0% (Background Terrain),Metachert/Slate (Observed at surface),155,401,320,2322,1454,684,430.82,13.4,0
Background_8.0km_from_Fortner Ranch Prospect,-120.58300,38.25830,Regional Country Rock (Geology associated with Calaveras region),0 (Barren Background),Trace / Non-mineralized,Unmineralized Metachert/Slate,Calaveras Complex,Paleozoic,Synthetic Negative Sample for ML,N/A - Non-mine location,0 meters,0% (Background Terrain),Metachert/Slate (Observed at surface),191,380,373,2334,1701,845,539.79,13.34,0
Background_6.9km_from_Fortner Ranch Prospect,-120.61244,38.17908,Regional Country Rock (Geology associated with Calaveras region),0 (Barren Background),Trace / Non-mineralized,Unmineralized Metachert/Slate,Calaveras Complex,Paleozoic,Synthetic Negative Sample for ML,N/A - Non-mine location,0 meters,0% (Background Terrain),Metachert/Slate (Observed at surface),628,952,1505,2607,3106,1922,526.64,4.9,0
Background_5.5km_from_Martinez Gold Mine,-120.76235,38.62795,Regional Country Rock (Hydrothermal/Sedimentary Deposit),0 (Barren Background),Trace / Non-mineralized,Unmineralized Quartzite/Schist,Local Metamorphic/Sedimentary Sequence,Phanerozoic,Synthetic Negative Sample for ML,N/A - Non-mine location,0 meters,0% (Background Terrain),Quartzite/Schist (Observed at surface),211,492,308,3259,1827,755,509.87,19.7,0
Background_9.4km_from_Martinez Gold Mine,-120.73079,38.67396,Regional Country Rock (Hydrothermal/Sedimentary Deposit),0 (Barren Background),Trace / Non-mineralized,Unmineralized Quartzite/Schist,Local Metamorphic/Sedimentary Sequence,Phanerozoic,Synthetic Negative Sample for ML,N/A - Non-mine location,0 meters,0% (Background Terrain),Quartzite/Schist (Observed at surface),124,302,257,2090,1696,820,710.96,11.42,0
Background_6.3km_from_Martinez Gold Mine,-120.84155,38.57862,Regional Country Rock (Hydrothermal/Sedimentary Deposit),0 (Barren Background),Trace / Non-mineralized,Unmineralized Quartzite/Schist,Local Metamorphic/Sedimentary Sequence,Phanerozoic,Synthetic Negative Sample for ML,N/A - Non-mine location,0 meters,0% (Background Terrain),Quartzite/Schist (Observed at surface),289,418,475,1985,1797,1021,307.87,17.34,0
Background_7.5km_from_Callahan Mine,-122.88504,41.33804,Regional Country Rock (Hydrothermal/Sedimentary Deposit),0 (Barren Background),Trace / Non-mineralized,Unmineralized Quartzite/Schist,Local Metamorphic/Sedimentary Sequence,Phanerozoic,Synthetic Negative Sample for ML,N/A - Non-mine location,0 meters,0% (Background Terrain),Quartzite/Schist (Observed at surface),520,662,764,2168,1920,1264,1253.8,11.91,0
Background_6.2km_from_Callahan Mine,-122.75531,41.35587,Regional Country Rock (Hydrothermal/Sedimentary Deposit),0 (Barren Background),Trace / Non-mineralized,Unmineralized Quartzite/Schist,Local Metamorphic/Sedimentary Sequence,Phanerozoic,Synthetic Negative Sample for ML,N/A - Non-mine location,0 meters,0% (Background Terrain),Quartzite/Schist (Observed at surface),181,277,341,1019,2013,1241,1080.9,3.37,0
Background_8.6km_from_Callahan Mine,-122.90173,41.29630,Regional Country Rock (Hydrothermal/Sedimentary Deposit),0 (Barren Background),Trace / Non-mineralized,Unmineralized Quartzite/Schist,Local Metamorphic/Sedimentary Sequence,Phanerozoic,Synthetic Negative Sample for ML,N/A - Non-mine location,0 meters,0% (Background Terrain),Quartzite/Schist (Observed at surface),182,213,182,1964,821,372,1672.81,23.82,0
Background_9.3km_from_Lloyd Mine,-120.88180,39.06470,Regional Country Rock (Hydrothermal/Sedimentary Deposit),0 (Barren Background),Trace / Non-mineralized,Unmineralized Quartzite/Schist,Local Metamorphic/Sedimentary Sequence,Phanerozoic,Synthetic Negative Sample for ML,N/A - Non-mine location,0 meters,0% (Background Terrain),Quartzite/Schist (Observed at surface),212,386,283,2407,1276,654,807.69,5.21,0
Background_9.3km_from_Lloyd Mine,-120.96213,39.12464,Regional Country Rock (Hydrothermal/Sedimentary Deposit),0 (Barren Background),Trace / Non-mineralized,Unmineralized Quartzite/Schist,Local Metamorphic/Sedimentary Sequence,Phanerozoic,Synthetic Negative Sample for ML,N/A - Non-mine location,0 meters,0% (Background Terrain),Quartzite/Schist (Observed at surface),322,462,444,2876,1900,927,672.17,14.43,0
Background_7.6km_from_Lloyd Mine,-120.95230,38.97997,Regional Country Rock (Hydrothermal/Sedimentary Deposit),0 (Barren Background),Trace / Non-mineralized,Unmineralized Quartzite/Schist,Local Metamorphic/Sedimentary Sequence,Phanerozoic,Synthetic Negative Sample for ML,N/A - Non-mine location,0 meters,0% (Background Terrain),Quartzite/Schist (Observed at surface),359,492,479,2437,1922,1057,578.26,10.66,0
Background_8.5km_from_Ryan Prospect,-121.02225,39.16605,Regional Country Rock (Geology associated with Nevada region),0 (Barren Background),Trace / Non-mineralized,Unmineralized Limestone/Dolomite,Highland Peak Fm,Cambrian,Synthetic Negative Sample for ML,N/A - Non-mine location,0 meters,0% (Background Terrain),Limestone/Dolomite (Observed at surface),293,406,296,2604,1582,675,749.41,9.08,0
Background_5.2km_from_Ryan Prospect,-120.91164,39.20850,Regional Country Rock (Geology associated with Nevada region),0 (Barren Background),Trace / Non-mineralized,Unmineralized Limestone/Dolomite,Highland Peak Fm,Cambrian,Synthetic Negative Sample for ML,N/A - Non-mine location,0 meters,0% (Background Terrain),Limestone/Dolomite (Observed at surface),193,314,249,2215,1393,678,866.17,12.95,0
Background_9.1km_from_Ryan Prospect,-121.01841,39.12521,Regional Country Rock (Geology associated with Nevada region),0 (Barren Background),Trace / Non-mineralized,Unmineralized Limestone/Dolomite,Highland Peak Fm,Cambrian,Synthetic Negative Sample for ML,N/A - Non-mine location,0 meters,0% (Background Terrain),Limestone/Dolomite (Observed at surface),450,582,753,2571,1656,842,684.9,16.26,0
Background_5.1km_from_Robie Prospect,-120.30116,37.65225,Regional Country Rock (Hydrothermal/Sedimentary Deposit),0 (Barren Background),Trace / Non-mineralized,Unmineralized Quartzite/Schist,Local Metamorphic/Sedimentary Sequence,Phanerozoic,Synthetic Negative Sample for ML,N/A - Non-mine location,0 meters,0% (Background Terrain),Quartzite/Schist (Observed at surface),755,1033,1464,2145,3460,2341,314.42,12.13,0
Background_9.3km_from_Robie Prospect,-120.29193,37.78124,Regional Country Rock (Hydrothermal/Sedimentary Deposit),0 (Barren Background),Trace / Non-mineralized,Unmineralized Quartzite/Schist,Local Metamorphic/Sedimentary Sequence,Phanerozoic,Synthetic Negative Sample for ML,N/A - Non-mine location,0 meters,0% (Background Terrain),Quartzite/Schist (Observed at surface),319,536,649,2244,1848,1058,721.42,14.04,0
Background_5.4km_from_Robie Prospect,-120.27017,37.74285,Regional Country Rock (Hydrothermal/Sedimentary Deposit),0 (Barren Background),Trace / Non-mineralized,Unmineralized Quartzite/Schist,Local Metamorphic/Sedimentary Sequence,Phanerozoic,Synthetic Negative Sample for ML,N/A - Non-mine location,0 meters,0% (Background Terrain),Quartzite/Schist (Observed at surface),688,993,1444,2219,2887,1840,705.06,10.94,0
Background_7.4km_from_Lugo Claims,-114.83604,33.41505,Regional Country Rock (Geology associated with Imperial region),0 (Barren Background),Trace / Non-mineralized,Unmineralized Fanglomerate/Volcanics,Local Tertiary Volcanics,Miocene,Synthetic Negative Sample for ML,N/A - Non-mine location,0 meters,0% (Background Terrain),Fanglomerate/Volcanics (Observed at surface),925,1215,1715,1949,2551,2264,185.89,5.1,0
Background_6.2km_from_Lugo Claims,-114.89448,33.33636,Regional Country Rock (Geology associated with Imperial region),0 (Barren Background),Trace / Non-mineralized,Unmineralized Fanglomerate/Volcanics,Local Tertiary Volcanics,Miocene,Synthetic Negative Sample for ML,N/A - Non-mine location,0 meters,0% (Background Terrain),Fanglomerate/Volcanics (Observed at surface),1123,1470,2019,2217,3008,2728,215.31,2.48,0
Background_7.4km_from_Lugo Claims,-114.79110,33.40711,Regional Country Rock (Geology associated with Imperial region),0 (Barren Background),Trace / Non-mineralized,Unmineralized Fanglomerate/Volcanics,Local Tertiary Volcanics,Miocene,Synthetic Negative Sample for ML,N/A - Non-mine location,0 meters,0% (Background Terrain),Fanglomerate/Volcanics (Observed at surface),867,1118,1514,1736,2817,2786,133.27,1.3,0
Background_5.8km_from_El Portal Deposit,-119.88249,37.55597,Regional Country Rock (Hydrothermal/Sedimentary Deposit),0 (Barren Background),Trace / Non-mineralized,Unmineralized Quartzite/Schist,Local Metamorphic/Sedimentary Sequence,Phanerozoic,Synthetic Negative Sample for ML,N/A - Non-mine location,0 meters,0% (Background Terrain),Quartzite/Schist (Observed at surface),436,714,912,2439,2170,1423,1158.3,25.95,0
Background_5.2km_from_El Portal Deposit,-119.86059,37.64669,Regional Country Rock (Hydrothermal/Sedimentary Deposit),0 (Barren Background),Trace / Non-mineralized,Unmineralized Quartzite/Schist,Local Metamorphic/Sedimentary Sequence,Phanerozoic,Synthetic Negative Sample for ML,N/A - Non-mine location,0 meters,0% (Background Terrain),Quartzite/Schist (Observed at surface),749,1055,1274,2542,2583,1775,935.81,36.8,0
Background_7.4km_from_El Portal Deposit,-119.82637,37.56605,Regional Country Rock (Hydrothermal/Sedimentary Deposit),0 (Barren Background),Trace / Non-mineralized,Unmineralized Quartzite/Schist,Local Metamorphic/Sedimentary Sequence,Phanerozoic,Synthetic Negative Sample for ML,N/A - Non-mine location,0 meters,0% (Background Terrain),Quartzite/Schist (Observed at surface),254,550,520,3122,1957,1006,1028.26,30.06,0
Background_9.4km_from_K.B. No.1 Claim,-122.69980,39.40816,Regional Country Rock (Hydrothermal/Sedimentary Deposit),0 (Barren Background),Trace / Non-mineralized,Unmineralized Quartzite/Schist,Local Metamorphic/Sedimentary Sequence,Phanerozoic,Synthetic Negative Sample for ML,N/A - Non-mine location,0 meters,0% (Background Terrain),Quartzite/Schist (Observed at surface),309,469,570,2201,1998,1321,951.88,34.94,0
Background_9.1km_from_K.B. No.1 Claim,-122.68273,39.51342,Regional Country Rock (Hydrothermal/Sedimentary Deposit),0 (Barren Background),Trace / Non-mineralized,Unmineralized Quartzite/Schist,Local Metamorphic/Sedimentary Sequence,Phanerozoic,Synthetic Negative Sample for ML,N/A - Non-mine location,0 meters,0% (Background Terrain),Quartzite/Schist (Observed at surface),647,715,888,1995,2034,1418,1541.49,14.77,0
Background_7.3km_from_K.B. No.1 Claim,-122.60467,39.38901,Regional Country Rock (Hydrothermal/Sedimentary Deposit),0 (Barren Background),Trace / Non-mineralized,Unmineralized Quartzite/Schist,Local Metamorphic/Sedimentary Sequence,Phanerozoic,Synthetic Negative Sample for ML,N/A - Non-mine location,0 meters,0% (Background Terrain),Quartzite/Schist (Observed at surface),413,556,667,1633,1731,1265,637.36,14.99,0
Background_7.2km_from_Brereton Mine,-123.10168,38.87746,Regional Country Rock (Geology associated with Mendocino region),0 (Barren Background),Trace / Non-mineralized,Unmineralized Radiolarian Chert,Franciscan Complex,Jurassic-Cretaceous,Synthetic Negative Sample for ML,N/A - Non-mine location,0 meters,0% (Background Terrain),Radiolarian Chert (Observed at surface),290,564,491,3008,2929,1664,399.65,15.41,0
Background_7.0km_from_Brereton Mine,-123.19714,38.81690,Regional Country Rock (Geology associated with Mendocino region),0 (Barren Background),Trace / Non-mineralized,Unmineralized Radiolarian Chert,Franciscan Complex,Jurassic-Cretaceous,Synthetic Negative Sample for ML,N/A - Non-mine location,0 meters,0% (Background Terrain),Radiolarian Chert (Observed at surface),112,295,198,2629,1118,466,384.86,26.01,0
Background_6.0km_from_Brereton Mine,-123.06054,38.78272,Regional Country Rock (Geology associated with Mendocino region),0 (Barren Background),Trace / Non-mineralized,Unmineralized Radiolarian Chert,Franciscan Complex,Jurassic-Cretaceous,Synthetic Negative Sample for ML,N/A - Non-mine location,0 meters,0% (Background Terrain),Radiolarian Chert (Observed at surface),373,562,812,1785,2356,1443,236.87,17.8,0
Background_8.3km_from_Big Little Bear Mine,-120.65544,38.15169,Regional Country Rock (Geology associated with Calaveras region),0 (Barren Background),Trace / Non-mineralized,Unmineralized Metachert/Slate,Calaveras Complex,Paleozoic,Synthetic Negative Sample for ML,N/A - Non-mine location,0 meters,0% (Background Terrain),Metachert/Slate (Observed at surface),1061,1550,2267,3120,4460,2882,393.09,4.15,0
Background_8.3km_from_Big Little Bear Mine,-120.73358,38.17966,Regional Country Rock (Geology associated with Calaveras region),0 (Barren Background),Trace / Non-mineralized,Unmineralized Metachert/Slate,Calaveras Complex,Paleozoic,Synthetic Negative Sample for ML,N/A - Non-mine location,0 meters,0% (Background Terrain),Metachert/Slate (Observed at surface),471,818,974,2759,2629,1509,369.74,20.61,0
Background_6.6km_from_Big Little Bear Mine,-120.79126,38.07187,Regional Country Rock (Geology associated with Calaveras region),0 (Barren Background),Trace / Non-mineralized,Unmineralized Metachert/Slate,Calaveras Complex,Paleozoic,Synthetic Negative Sample for ML,N/A - Non-mine location,0 meters,0% (Background Terrain),Metachert/Slate (Observed at surface),771,1096,1608,2554,3912,2569,324.46,9.1,0
Background_7.4km_from_Eagle's Head Mine,-120.66148,38.42539,Regional Country Rock (Geology associated with Amador region),0 (Barren Background),Trace / Non-mineralized,Unmineralized Metachert/Slate,Calaveras Complex,Paleozoic,Synthetic Negative Sample for ML,N/A - Non-mine location,0 meters,0% (Background Terrain),Metachert/Slate (Observed at surface),136,323,233,2245,1027,457,715.26,13.87,0
Background_9.6km_from_Eagle's Head Mine,-120.59828,38.56267,Regional Country Rock (Geology associated with Amador region),0 (Barren Background),Trace / Non-mineralized,Unmineralized Metachert/Slate,Calaveras Complex,Paleozoic,Synthetic Negative Sample for ML,N/A - Non-mine location,0 meters,0% (Background Terrain),Metachert/Slate (Observed at surface),109,160,173,1456,1372,732,964.04,11.57,0
Background_10.0km_from_Eagle's Head Mine,-120.59404,38.41836,Regional Country Rock (Geology associated with Amador region),0 (Barren Background),Trace / Non-mineralized,Unmineralized Metachert/Slate,Calaveras Complex,Paleozoic,Synthetic Negative Sample for ML,N/A - Non-mine location,0 meters,0% (Background Terrain),Metachert/Slate (Observed at surface),746,1178,1802,2834,3246,2067,927.55,12.84,0
Background_8.5km_from_Randel Claim No.1,-120.83072,39.10920,Regional Country Rock (Hydrothermal/Sedimentary Deposit),0 (Barren Background),Trace / Non-mineralized,Unmineralized Quartzite/Schist,Local Metamorphic/Sedimentary Sequence,Phanerozoic,Synthetic Negative Sample for ML,N/A - Non-mine location,0 meters,0% (Background Terrain),Quartzite/Schist (Observed at surface),169,271,159,1938,840,395,1109.83,6.99,0
Background_6.1km_from_Randel Claim No.1,-120.86355,38.98878,Regional Country Rock (Hydrothermal/Sedimentary Deposit),0 (Barren Background),Trace / Non-mineralized,Unmineralized Quartzite/Schist,Local Metamorphic/Sedimentary Sequence,Phanerozoic,Synthetic Negative Sample for ML,N/A - Non-mine location,0 meters,0% (Background Terrain),Quartzite/Schist (Observed at surface),501,621,776,2366,1806,987,809.13,7.07,0
Background_7.5km_from_Randel Claim No.1,-120.96384,39.03004,Regional Country Rock (Hydrothermal/Sedimentary Deposit),0 (Barren Background),Trace / Non-mineralized,Unmineralized Quartzite/Schist,Local Metamorphic/Sedimentary Sequence,Phanerozoic,Synthetic Negative Sample for ML,N/A - Non-mine location,0 meters,0% (Background Terrain),Quartzite/Schist (Observed at surface),980,1351,1993,2831,2958,2229,681.38,5.39,0
Background_6.0km_from_Stirnaman Mine,-120.53827,38.45616,Regional Country Rock (Geology associated with Amador region),0 (Barren Background),Trace / Non-mineralized,Unmineralized Metachert/Slate,Calaveras Complex,Paleozoic,Synthetic Negative Sample for ML,N/A - Non-mine location,0 meters,0% (Background Terrain),Metachert/Slate (Observed at surface),671,949,1260,2208,2133,1618,1007.83,11.48,0
Background_9.0km_from_Stirnaman Mine,-120.52015,38.49053,Regional Country Rock (Geology associated with Amador region),0 (Barren Background),Trace / Non-mineralized,Unmineralized Metachert/Slate,Calaveras Complex,Paleozoic,Synthetic Negative Sample for ML,N/A - Non-mine location,0 meters,0% (Background Terrain),Metachert/Slate (Observed at surface),165,289,295,1655,858,470,1177.49,14.16,0
Background_6.3km_from_Stirnaman Mine,-120.56694,38.49366,Regional Country Rock (Geology associated with Amador region),0 (Barren Background),Trace / Non-mineralized,Unmineralized Metachert/Slate,Calaveras Complex,Paleozoic,Synthetic Negative Sample for ML,N/A - Non-mine location,0 meters,0% (Background Terrain),Metachert/Slate (Observed at surface),142,363,252,2184,855,419,1060.62,5.81,0
Background_6.3km_from_David Prospect,-120.81835,38.85724,Regional Country Rock (Hydrothermal/Sedimentary Deposit),0 (Barren Background),Trace / Non-mineralized,Unmineralized Quartzite/Schist,Local Metamorphic/Sedimentary Sequence,Phanerozoic,Synthetic Negative Sample for ML,N/A - Non-mine location,0 meters,0% (Background Terrain),Quartzite/Schist (Observed at surface),180,412,392,2114,1369,742,698.8,11.76,0
Background_8.5km_from_David Prospect,-120.75705,38.90332,Regional Country Rock (Hydrothermal/Sedimentary Deposit),0 (Barren Background),Trace / Non-mineralized,Unmineralized Quartzite/Schist,Local Metamorphic/Sedimentary Sequence,Phanerozoic,Synthetic Negative Sample for ML,N/A - Non-mine location,0 meters,0% (Background Terrain),Quartzite/Schist (Observed at surface),244,371,293,1844,1117,546,931.44,8.37,0
Background_9.6km_from_David Prospect,-120.77271,38.84847,Regional Country Rock (Hydrothermal/Sedimentary Deposit),0 (Barren Background),Trace / Non-mineralized,Unmineralized Quartzite/Schist,Local Metamorphic/Sedimentary Sequence,Phanerozoic,Synthetic Negative Sample for ML,N/A - Non-mine location,0 meters,0% (Background Terrain),Quartzite/Schist (Observed at surface),233,345,225,2523,1284,536,770.11,7.67,0
Background_6.9km_from_Gale Prospect,-120.32944,37.72883,Regional Country Rock (Hydrothermal/Sedimentary Deposit),0 (Barren Background),Trace / Non-mineralized,Unmineralized Quartzite/Schist,Local Metamorphic/Sedimentary Sequence,Phanerozoic,Synthetic Negative Sample for ML,N/A - Non-mine location,0 meters,0% (Background Terrain),Quartzite/Schist (Observed at surface),776,1165,1772,2460,3702,2320,388.74,7.01,0
Background_8.9km_from_Gale Prospect,-120.35960,37.68059,Regional Country Rock (Hydrothermal/Sedimentary Deposit),0 (Barren Background),Trace / Non-mineralized,Unmineralized Quartzite/Schist,Local Metamorphic/Sedimentary Sequence,Phanerozoic,Synthetic Negative Sample for ML,N/A - Non-mine location,0 meters,0% (Background Terrain),Quartzite/Schist (Observed at surface),831,1256,1989,2830,3892,2335,302.16,7.34,0
Background_5.4km_from_Gale Prospect,-120.21716,37.73204,Regional Country Rock (Hydrothermal/Sedimentary Deposit),0 (Barren Background),Trace / Non-mineralized,Unmineralized Quartzite/Schist,Local Metamorphic/Sedimentary Sequence,Phanerozoic,Synthetic Negative Sample for ML,N/A - Non-mine location,0 meters,0% (Background Terrain),Quartzite/Schist (Observed at surface),1140,1609,2355,3411,4764,3485,535.02,6.53,0
Background_5.7km_from_Du Frene,-120.80875,38.31967,Regional Country Rock (Geology associated with Amador region),0 (Barren Background),Trace / Non-mineralized,Unmineralized Metachert/Slate,Calaveras Complex,Paleozoic,Synthetic Negative Sample for ML,N/A - Non-mine location,0 meters,0% (Background Terrain),Metachert/Slate (Observed at surface),829,1293,1923,2878,4493,2807,296.12,7.35,0
Background_7.1km_from_Du Frene,-120.93627,38.37661,Regional Country Rock (Geology associated with Amador region),0 (Barren Background),Trace / Non-mineralized,Unmineralized Metachert/Slate,Calaveras Complex,Paleozoic,Synthetic Negative Sample for ML,N/A - Non-mine location,0 meters,0% (Background Terrain),Metachert/Slate (Observed at surface),480,680,987,1986,3100,2309,126.76,6.19,0
Background_5.5km_from_Du Frene,-120.92923,38.35193,Regional Country Rock (Geology associated with Amador region),0 (Barren Background),Trace / Non-mineralized,Unmineralized Metachert/Slate,Calaveras Complex,Paleozoic,Synthetic Negative Sample for ML,N/A - Non-mine location,0 meters,0% (Background Terrain),Metachert/Slate (Observed at surface),748,1017,1178,2408,2438,1809,119.25,9.51,0
Background_9.5km_from_Peyton Prospect,-120.67904,38.33854,Regional Country Rock (Geology associated with Amador region),0 (Barren Background),Trace / Non-mineralized,Unmineralized Metachert/Slate,Calaveras Complex,Paleozoic,Synthetic Negative Sample for ML,N/A - Non-mine location,0 meters,0% (Background Terrain),Metachert/Slate (Observed at surface),558,794,1157,2062,2733,1724,494.37,21.1,0
Background_9.2km_from_Peyton Prospect,-120.71147,38.46440,Regional Country Rock (Geology associated with Amador region),0 (Barren Background),Trace / Non-mineralized,Unmineralized Metachert/Slate,Calaveras Complex,Paleozoic,Synthetic Negative Sample for ML,N/A - Non-mine location,0 meters,0% (Background Terrain),Metachert/Slate (Observed at surface),0,0,0,0,0,0,616.45,8.9,0
Background_6.5km_from_Peyton Prospect,-120.61475,38.35643,Regional Country Rock (Geology associated with Amador region),0 (Barren Background),Trace / Non-mineralized,Unmineralized Metachert/Slate,Calaveras Complex,Paleozoic,Synthetic Negative Sample for ML,N/A - Non-mine location,0 meters,0% (Background Terrain),Metachert/Slate (Observed at surface),141,358,361,3008,1821,832,435.2,25.27,0
Background_7.7km_from_Big Gulch Claim,-120.73068,38.53829,Regional Country Rock (Geology associated with Amador region),0 (Barren Background),Trace / Non-mineralized,Unmineralized Metachert/Slate,Calaveras Complex,Paleozoic,Synthetic Negative Sample for ML,N/A - Non-mine location,0 meters,0% (Background Terrain),Metachert/Slate (Observed at surface),497,720,1315,2142,3403,2505,703.2,7.46,0
Background_9.7km_from_Big Gulch Claim,-120.55430,38.48263,Regional Country Rock (Geology associated with Amador region),0 (Barren Background),Trace / Non-mineralized,Unmineralized Metachert/Slate,Calaveras Complex,Paleozoic,Synthetic Negative Sample for ML,N/A - Non-mine location,0 meters,0% (Background Terrain),Metachert/Slate (Observed at surface),141,296,244,1683,989,536,1097.85,8.56,0
Background_5.4km_from_Big Gulch Claim,-120.60231,38.49333,Regional Country Rock (Geology associated with Amador region),0 (Barren Background),Trace / Non-mineralized,Unmineralized Metachert/Slate,Calaveras Complex,Paleozoic,Synthetic Negative Sample for ML,N/A - Non-mine location,0 meters,0% (Background Terrain),Metachert/Slate (Observed at surface),128,351,169,2333,728,321,888.63,8.94,0
Background_5.8km_from_Thatcher Creek Mine,-123.11654,39.66826,Regional Country Rock (Geology associated with Mendocino region),0 (Barren Background),Trace / Non-mineralized,Unmineralized Radiolarian Chert,Franciscan Complex,Jurassic-Cretaceous,Synthetic Negative Sample for ML,N/A - Non-mine location,0 meters,0% (Background Terrain),Radiolarian Chert (Observed at surface),187,311,332,1493,1412,782,654.5,21.2,0
Background_8.8km_from_Thatcher Creek Mine,-122.98532,39.60602,Regional Country Rock (Geology associated with Mendocino region),0 (Barren Background),Trace / Non-mineralized,Unmineralized Radiolarian Chert,Franciscan Complex,Jurassic-Cretaceous,Synthetic Negative Sample for ML,N/A - Non-mine location,0 meters,0% (Background Terrain),Radiolarian Chert (Observed at surface),377,662,797,2007,2378,1468,1565.58,21.48,0
Background_5.5km_from_Thatcher Creek Mine,-122.98750,39.68252,Regional Country Rock (Geology associated with Mendocino region),0 (Barren Background),Trace / Non-mineralized,Unmineralized Radiolarian Chert,Franciscan Complex,Jurassic-Cretaceous,Synthetic Negative Sample for ML,N/A - Non-mine location,0 meters,0% (Background Terrain),Radiolarian Chert (Observed at surface),364,532,725,1560,1874,1110,1466.23,10.1,0
Background_6.4km_from_Spy Rock Prospect,-123.57744,39.84925,Regional Country Rock (Geology associated with Mendocino region),0 (Barren Background),Trace / Non-mineralized,Unmineralized Radiolarian Chert,Franciscan Complex,Jurassic-Cretaceous,Synthetic Negative Sample for ML,N/A - Non-mine location,0 meters,0% (Background Terrain),Radiolarian Chert (Observed at surface),197,363,323,1741,1546,824,841.93,23.64,0
Background_6.7km_from_Spy Rock Prospect,-123.52866,39.78182,Regional Country Rock (Geology associated with Mendocino region),0 (Barren Background),Trace / Non-mineralized,Unmineralized Radiolarian Chert,Franciscan Complex,Jurassic-Cretaceous,Synthetic Negative Sample for ML,N/A - Non-mine location,0 meters,0% (Background Terrain),Radiolarian Chert (Observed at surface),649,942,1387,2505,3486,2115,668.2,13.95,0
Background_7.1km_from_Spy Rock Prospect,-123.42815,39.86474,Regional Country Rock (Geology associated with Mendocino region),0 (Barren Background),Trace / Non-mineralized,Unmineralized Radiolarian Chert,Franciscan Complex,Jurassic-Cretaceous,Synthetic Negative Sample for ML,N/A - Non-mine location,0 meters,0% (Background Terrain),Radiolarian Chert (Observed at surface),770,1074,1608,2747,3670,2233,374.58,14.22,0
Background_7.6km_from_Jones Group,-121.40156,37.45555,Regional Country Rock (Hydrothermal/Sedimentary Deposit),0 (Barren Background),Trace / Non-mineralized,Unmineralized Quartzite/Schist,Local Metamorphic/Sedimentary Sequence,Phanerozoic,Synthetic Negative Sample for ML,N/A - Non-mine location,0 meters,0% (Background Terrain),Quartzite/Schist (Observed at surface),648,850,1123,1688,2924,2334,857.65,19.77,0
Background_9.8km_from_Jones Group,-121.32061,37.34599,Regional Country Rock (Hydrothermal/Sedimentary Deposit),0 (Barren Background),Trace / Non-mineralized,Unmineralized Quartzite/Schist,Local Metamorphic/Sedimentary Sequence,Phanerozoic,Synthetic Negative Sample for ML,N/A - Non-mine location,0 meters,0% (Background Terrain),Quartzite/Schist (Observed at surface),774,1036,1505,2255,3143,2276,423.85,14.97,0
Background_8.6km_from_Jones Group,-121.34000,37.43589,Regional Country Rock (Hydrothermal/Sedimentary Deposit),0 (Barren Background),Trace / Non-mineralized,Unmineralized Quartzite/Schist,Local Metamorphic/Sedimentary Sequence,Phanerozoic,Synthetic Negative Sample for ML,N/A - Non-mine location,0 meters,0% (Background Terrain),Quartzite/Schist (Observed at surface),648,897,1226,1738,3285,2381,408.69,11.2,0
Background_5.4km_from_Inyo County,-116.91354,36.63451,Regional Country Rock (Hydrothermal/Sedimentary Deposit),0 (Barren Background),Trace / Non-mineralized,Unmineralized Quartzite/Schist,Local Metamorphic/Sedimentary Sequence,Phanerozoic,Synthetic Negative Sample for ML,N/A - Non-mine location,0 meters,0% (Background Terrain),Quartzite/Schist (Observed at surface),1191,1564,2015,2175,2767,2378,206.62,3.29,0
Background_6.6km_from_Inyo County,-116.83081,36.66200,Regional Country Rock (Hydrothermal/Sedimentary Deposit),0 (Barren Background),Trace / Non-mineralized,Unmineralized Quartzite/Schist,Local Metamorphic/Sedimentary Sequence,Phanerozoic,Synthetic Negative Sample for ML,N/A - Non-mine location,0 meters,0% (Background Terrain),Quartzite/Schist (Observed at surface),1119,1505,1892,2183,3297,2794,1159.82,21.01,0
Background_8.9km_from_Inyo County,-116.90053,36.76226,Regional Country Rock (Hydrothermal/Sedimentary Deposit),0 (Barren Background),Trace / Non-mineralized,Unmineralized Quartzite/Schist,Local Metamorphic/Sedimentary Sequence,Phanerozoic,Synthetic Negative Sample for ML,N/A - Non-mine location,0 meters,0% (Background Terrain),Quartzite/Schist (Observed at surface),854,1227,1621,2130,2920,2252,1288.56,7.66,0
Background_8.2km_from_Hummingbird Claim,-122.62638,39.56448,Regional Country Rock (Hydrothermal/Sedimentary Deposit),0 (Barren Background),Trace / Non-mineralized,Unmineralized Quartzite/Schist,Local Metamorphic/Sedimentary Sequence,Phanerozoic,Synthetic Negative Sample for ML,N/A - Non-mine location,0 meters,0% (Background Terrain),Quartzite/Schist (Observed at surface),284,441,531,2133,1547,970,691.67,13.36,0
Background_5.1km_from_Hummingbird Claim,-122.55524,39.65263,Regional Country Rock (Hydrothermal/Sedimentary Deposit),0 (Barren Background),Trace / Non-mineralized,Unmineralized Quartzite/Schist,Local Metamorphic/Sedimentary Sequence,Phanerozoic,Synthetic Negative Sample for ML,N/A - Non-mine location,0 meters,0% (Background Terrain),Quartzite/Schist (Observed at surface),0,0,0,0,0,0,229.03,3.08,0
Background_8.9km_from_Hummingbird Claim,-122.57541,39.71159,Regional Country Rock (Hydrothermal/Sedimentary Deposit),0 (Barren Background),Trace / Non-mineralized,Unmineralized Quartzite/Schist,Local Metamorphic/Sedimentary Sequence,Phanerozoic,Synthetic Negative Sample for ML,N/A - Non-mine location,0 meters,0% (Background Terrain),Quartzite/Schist (Observed at surface),543,843,1129,1929,3028,2004,340.6,15.22,0
Background_7.0km_from_April Fool Claim,-116.71647,35.83420,Regional Country Rock (Hydrothermal/Sedimentary Deposit),0 (Barren Background),Trace / Non-mineralized,Unmineralized Quartzite/Schist,Local Metamorphic/Sedimentary Sequence,Phanerozoic,Synthetic Negative Sample for ML,N/A - Non-mine location,0 meters,0% (Background Terrain),Quartzite/Schist (Observed at surface),1366,1820,2649,3196,3742,3325,910.19,19.36,0
Background_5.2km_from_April Fool Claim,-116.81895,35.85809,Regional Country Rock (Hydrothermal/Sedimentary Deposit),0 (Barren Background),Trace / Non-mineralized,Unmineralized Quartzite/Schist,Local Metamorphic/Sedimentary Sequence,Phanerozoic,Synthetic Negative Sample for ML,N/A - Non-mine location,0 meters,0% (Background Terrain),Quartzite/Schist (Observed at surface),1202,1501,1879,2144,2418,2200,321.2,8.79,0
Background_6.5km_from_April Fool Claim,-116.80206,35.82901,Regional Country Rock (Hydrothermal/Sedimentary Deposit),0 (Barren Background),Trace / Non-mineralized,Unmineralized Quartzite/Schist,Local Metamorphic/Sedimentary Sequence,Phanerozoic,Synthetic Negative Sample for ML,N/A - Non-mine location,0 meters,0% (Background Terrain),Quartzite/Schist (Observed at surface),1130,1306,1595,1757,1863,1594,557.9,5.66,0
Background_9.8km_from_B.S. No. 1,-122.74451,36.73133,Regional Country Rock (Hydrothermal/Sedimentary Deposit),0 (Barren Background),Trace / Non-mineralized,Unmineralized Quartzite/Schist,Local Metamorphic/Sedimentary Sequence,Phanerozoic,Synthetic Negative Sample for ML,N/A - Non-mine location,0 meters,0% (Background Terrain),Quartzite/Schist (Observed at surface),424,392,330,285,257,246,0.0,0.0,0
Background_7.6km_from_B.S. No. 1,-122.65685,36.67381,Regional Country Rock (Hydrothermal/Sedimentary Deposit),0 (Barren Background),Trace / Non-mineralized,Unmineralized Quartzite/Schist,Local Metamorphic/Sedimentary Sequence,Phanerozoic,Synthetic Negative Sample for ML,N/A - Non-mine location,0 meters,0% (Background Terrain),Quartzite/Schist (Observed at surface),450,381,328,324,350,308,0.0,0.0,0
Background_5.5km_from_B.S. No. 1,-122.67826,36.66729,Regional Country Rock (Hydrothermal/Sedimentary Deposit),0 (Barren Background),Trace / Non-mineralized,Unmineralized Quartzite/Schist,Local Metamorphic/Sedimentary Sequence,Phanerozoic,Synthetic Negative Sample for ML,N/A - Non-mine location,0 meters,0% (Background Terrain),Quartzite/Schist (Observed at surface),498,318,253,228,304,334,0.0,0.0,0
Background_6.4km_from_Caldwell Mine,-120.23406,37.71983,Regional Country Rock (Hydrothermal/Sedimentary Deposit),0 (Barren Background),Trace / Non-mineralized,Unmineralized Quartzite/Schist,Local Metamorphic/Sedimentary Sequence,Phanerozoic,Synthetic Negative Sample for ML,N/A - Non-mine location,0 meters,0% (Background Terrain),Quartzite/Schist (Observed at surface),264,454,508,2058,1807,996,633.14,14.35,0
Background_6.9km_from_Caldwell Mine,-120.24487,37.62720,Regional Country Rock (Hydrothermal/Sedimentary Deposit),0 (Barren Background),Trace / Non-mineralized,Unmineralized Quartzite/Schist,Local Metamorphic/Sedimentary Sequence,Phanerozoic,Synthetic Negative Sample for ML,N/A - Non-mine location,0 meters,0% (Background Terrain),Quartzite/Schist (Observed at surface),277,486,569,1965,2427,1507,453.01,5.57,0
Background_9.1km_from_Caldwell Mine,-120.22805,37.61232,Regional Country Rock (Hydrothermal/Sedimentary Deposit),0 (Barren Background),Trace / Non-mineralized,Unmineralized Quartzite/Schist,Local Metamorphic/Sedimentary Sequence,Phanerozoic,Synthetic Negative Sample for ML,N/A - Non-mine location,0 meters,0% (Background Terrain),Quartzite/Schist (Observed at surface),204,453,445,2520,1904,1119,429.58,12.6,0
Background_6.1km_from_Hughes Mine,-120.27543,37.77177,Regional Country Rock (Hydrothermal/Sedimentary Deposit),0 (Barren Background),Trace / Non-mineralized,Unmineralized Quartzite/Schist,Local Metamorphic/Sedimentary Sequence,Phanerozoic,Synthetic Negative Sample for ML,N/A - Non-mine location,0 meters,0% (Background Terrain),Quartzite/Schist (Observed at surface),270,531,585,2087,1874,1090,712.32,23.64,0
Background_6.8km_from_Hughes Mine,-120.39673,37.80469,Regional Country Rock (Hydrothermal/Sedimentary Deposit),0 (Barren Background),Trace / Non-mineralized,Unmineralized Quartzite/Schist,Local Metamorphic/Sedimentary Sequence,Phanerozoic,Synthetic Negative Sample for ML,N/A - Non-mine location,0 meters,0% (Background Terrain),Quartzite/Schist (Observed at surface),430,619,787,1709,2027,1368,381.53,20.89,0
Background_7.9km_from_Hughes Mine,-120.29381,37.82007,Regional Country Rock (Hydrothermal/Sedimentary Deposit),0 (Barren Background),Trace / Non-mineralized,Unmineralized Quartzite/Schist,Local Metamorphic/Sedimentary Sequence,Phanerozoic,Synthetic Negative Sample for ML,N/A - Non-mine location,0 meters,0% (Background Terrain),Quartzite/Schist (Observed at surface),657,906,1205,1709,1863,1317,510.53,20.21,0
Background_8.2km_from_Stewart and Nuss Prospect,-119.70150,37.21439,Regional Country Rock (Hydrothermal/Sedimentary Deposit),0 (Barren Background),Trace / Non-mineralized,Unmineralized Quartzite/Schist,Local Metamorphic/Sedimentary Sequence,Phanerozoic,Synthetic Negative Sample for ML,N/A - Non-mine location,0 meters,0% (Background Terrain),Quartzite/Schist (Observed at surface),368,623,890,2114,3087,2192,620.83,4.17,0
Background_5.9km_from_Stewart and Nuss Prospect,-119.69687,37.29036,Regional Country Rock (Hydrothermal/Sedimentary Deposit),0 (Barren Background),Trace / Non-mineralized,Unmineralized Quartzite/Schist,Local Metamorphic/Sedimentary Sequence,Phanerozoic,Synthetic Negative Sample for ML,N/A - Non-mine location,0 meters,0% (Background Terrain),Quartzite/Schist (Observed at surface),474,715,1012,2146,2635,1524,879.3,14.46,0
Background_9.8km_from_Stewart and Nuss Prospect,-119.72198,37.32348,Regional Country Rock (Hydrothermal/Sedimentary Deposit),0 (Barren Background),Trace / Non-mineralized,Unmineralized Quartzite/Schist,Local Metamorphic/Sedimentary Sequence,Phanerozoic,Synthetic Negative Sample for ML,N/A - Non-mine location,0 meters,0% (Background Terrain),Quartzite/Schist (Observed at surface),431,655,901,2456,2854,1651,952.23,13.8,0
Background_5.4km_from_Ricioli Prospect,-120.98345,35.46293,Regional Country Rock (Hydrothermal/Sedimentary Deposit),0 (Barren Background),Trace / Non-mineralized,Unmineralized Quartzite/Schist,Local Metamorphic/Sedimentary Sequence,Phanerozoic,Synthetic Negative Sample for ML,N/A - Non-mine location,0 meters,0% (Background Terrain),Quartzite/Schist (Observed at surface),701,863,1210,1793,3896,2910,84.67,18.97,0
Background_6.9km_from_Ricioli Prospect,-120.90915,35.50787,Regional Country Rock (Hydrothermal/Sedimentary Deposit),0 (Barren Background),Trace / Non-mineralized,Unmineralized Quartzite/Schist,Local Metamorphic/Sedimentary Sequence,Phanerozoic,Synthetic Negative Sample for ML,N/A - Non-mine location,0 meters,0% (Background Terrain),Quartzite/Schist (Observed at surface),844,1063,1462,2111,4213,2951,167.92,19.57,0
Background_9.6km_from_Ricioli Prospect,-120.98479,35.59751,Regional Country Rock (Hydrothermal/Sedimentary Deposit),0 (Barren Background),Trace / Non-mineralized,Unmineralized Quartzite/Schist,Local Metamorphic/Sedimentary Sequence,Phanerozoic,Synthetic Negative Sample for ML,N/A - Non-mine location,0 meters,0% (Background Terrain),Quartzite/Schist (Observed at surface),593,782,1105,2043,3211,2117,554.96,14.32,0
Background_9.0km_from_Barbour Prospect,-118.78400,36.29432,Regional Country Rock (Hydrothermal/Sedimentary Deposit),0 (Barren Background),Trace / Non-mineralized,Unmineralized Quartzite/Schist,Local Metamorphic/Sedimentary Sequence,Phanerozoic,Synthetic Negative Sample for ML,N/A - Non-mine location,0 meters,0% (Background Terrain),Quartzite/Schist (Observed at surface),484,604,728,1901,1477,967,1249.3,9.86,0
Background_9.2km_from_Barbour Prospect,-118.73435,36.24577,Regional Country Rock (Hydrothermal/Sedimentary Deposit),0 (Barren Background),Trace / Non-mineralized,Unmineralized Quartzite/Schist,Local Metamorphic/Sedimentary Sequence,Phanerozoic,Synthetic Negative Sample for ML,N/A - Non-mine location,0 meters,0% (Background Terrain),Quartzite/Schist (Observed at surface),198,354,331,2012,1688,1055,1580.29,14.09,0
Background_5.0km_from_Barbour Prospect,-118.78432,36.20184,Regional Country Rock (Hydrothermal/Sedimentary Deposit),0 (Barren Background),Trace / Non-mineralized,Unmineralized Quartzite/Schist,Local Metamorphic/Sedimentary Sequence,Phanerozoic,Synthetic Negative Sample for ML,N/A - Non-mine location,0 meters,0% (Background Terrain),Quartzite/Schist (Observed at surface),618,958,1488,2468,3822,2659,627.57,15.07,0
Background_7.0km_from_Ladd Mine,-121.46179,37.66325,Regional Country Rock (Hydrothermal/Sedimentary Deposit),0 (Barren Background),Trace / Non-mineralized,Unmineralized Quartzite/Schist,Local Metamorphic/Sedimentary Sequence,Phanerozoic,Synthetic Negative Sample for ML,N/A - Non-mine location,0 meters,0% (Background Terrain),Quartzite/Schist (Observed at surface),1068,1432,1943,2427,3293,2653,86.28,2.68,0
Background_6.4km_from_Ladd Mine,-121.47497,37.66126,Regional Country Rock (Hydrothermal/Sedimentary Deposit),0 (Barren Background),Trace / Non-mineralized,Unmineralized Quartzite/Schist,Local Metamorphic/Sedimentary Sequence,Phanerozoic,Synthetic Negative Sample for ML,N/A - Non-mine location,0 meters,0% (Background Terrain),Quartzite/Schist (Observed at surface),1050,1326,1798,2310,3436,2831,117.38,7.95,0
Background_7.1km_from_Ladd Mine,-121.45659,37.55100,Regional Country Rock (Hydrothermal/Sedimentary Deposit),0 (Barren Background),Trace / Non-mineralized,Unmineralized Quartzite/Schist,Local Metamorphic/Sedimentary Sequence,Phanerozoic,Synthetic Negative Sample for ML,N/A - Non-mine location,0 meters,0% (Background Terrain),Quartzite/Schist (Observed at surface),929,1230,1702,2065,3421,2596,529.52,26.11,0
Background_8.2km_from_Queens Peak Mine,-123.94935,40.07643,Regional Country Rock (Geology associated with Humboldt region),0 (Barren Background),Trace / Non-mineralized,Unmineralized Radiolarian Chert,Franciscan Complex,Jurassic-Cretaceous,Synthetic Negative Sample for ML,N/A - Non-mine location,0 meters,0% (Background Terrain),Radiolarian Chert (Observed at surface),150,349,153,4444,950,352,461.34,17.62,0
Background_9.6km_from_Queens Peak Mine,-124.04386,40.15487,Regional Country Rock (Geology associated with Humboldt region),0 (Barren Background),Trace / Non-mineralized,Unmineralized Radiolarian Chert,Franciscan Complex,Jurassic-Cretaceous,Synthetic Negative Sample for ML,N/A - Non-mine location,0 meters,0% (Background Terrain),Radiolarian Chert (Observed at surface),155,327,152,2987,907,349,420.01,16.06,0
Background_8.1km_from_Queens Peak Mine,-124.13587,40.09168,Regional Country Rock (Geology associated with Humboldt region),0 (Barren Background),Trace / Non-mineralized,Unmineralized Radiolarian Chert,Franciscan Complex,Jurassic-Cretaceous,Synthetic Negative Sample for ML,N/A - Non-mine location,0 meters,0% (Background Terrain),Radiolarian Chert (Observed at surface),154,150,52,45,19,21,0.0,0.0,0
Background_8.3km_from_Confidence Hills Deposit,-116.45167,35.94872,Regional Country Rock (Hydrothermal/Sedimentary Deposit),0 (Barren Background),Trace / Non-mineralized,Unmineralized Quartzite/Schist,Local Metamorphic/Sedimentary Sequence,Phanerozoic,Synthetic Negative Sample for ML,N/A - Non-mine location,0 meters,0% (Background Terrain),Quartzite/Schist (Observed at surface),1218,1591,2288,3140,3803,2845,1115.58,13.72,0
Background_9.0km_from_Confidence Hills Deposit,-116.38493,35.81451,Regional Country Rock (Hydrothermal/Sedimentary Deposit),0 (Barren Background),Trace / Non-mineralized,Unmineralized Quartzite/Schist,Local Metamorphic/Sedimentary Sequence,Phanerozoic,Synthetic Negative Sample for ML,N/A - Non-mine location,0 meters,0% (Background Terrain),Quartzite/Schist (Observed at surface),771,949,1218,1528,2171,1999,831.12,12.5,0
Background_6.5km_from_Confidence Hills Deposit,-116.50727,35.83567,Regional Country Rock (Hydrothermal/Sedimentary Deposit),0 (Barren Background),Trace / Non-mineralized,Unmineralized Quartzite/Schist,Local Metamorphic/Sedimentary Sequence,Phanerozoic,Synthetic Negative Sample for ML,N/A - Non-mine location,0 meters,0% (Background Terrain),Quartzite/Schist (Observed at surface),881,1116,1460,1764,2825,2512,747.54,31.88,0
Background_6.8km_from_National Defense Claim,-123.09296,41.33635,Regional Country Rock (Hydrothermal/Sedimentary Deposit),0 (Barren Background),Trace / Non-mineralized,Unmineralized Quartzite/Schist,Local Metamorphic/Sedimentary Sequence,Phanerozoic,Synthetic Negative Sample for ML,N/A - Non-mine location,0 meters,0% (Background Terrain),Quartzite/Schist (Observed at surface),352,668,468,3077,1670,921,1570.85,29.56,0
Background_7.5km_from_National Defense Claim,-123.04090,41.39162,Regional Country Rock (Hydrothermal/Sedimentary Deposit),0 (Barren Background),Trace / Non-mineralized,Unmineralized Quartzite/Schist,Local Metamorphic/Sedimentary Sequence,Phanerozoic,Synthetic Negative Sample for ML,N/A - Non-mine location,0 meters,0% (Background Terrain),Quartzite/Schist (Observed at surface),550,853,800,3428,2401,1597,1930.59,24.59,0
Background_5.5km_from_National Defense Claim,-123.04489,41.37097,Regional Country Rock (Hydrothermal/Sedimentary Deposit),0 (Barren Background),Trace / Non-mineralized,Unmineralized Quartzite/Schist,Local Metamorphic/Sedimentary Sequence,Phanerozoic,Synthetic Negative Sample for ML,N/A - Non-mine location,0 meters,0% (Background Terrain),Quartzite/Schist (Observed at surface),880,1085,1115,2483,2826,2198,1710.98,33.51,0
Background_7.2km_from_Trout Creek,-123.16863,40.16811,Regional Country Rock (Geology associated with Trinity region),0 (Barren Background),Trace / Non-mineralized,Unmineralized Radiolarian Chert,Franciscan Complex,Jurassic-Cretaceous,Synthetic Negative Sample for ML,N/A - Non-mine location,0 meters,0% (Background Terrain),Radiolarian Chert (Observed at surface),546,682,844,1720,2159,1719,1255.98,32.36,0
Background_7.5km_from_Trout Creek,-123.28954,40.07379,Regional Country Rock (Geology associated with Trinity region),0 (Barren Background),Trace / Non-mineralized,Unmineralized Radiolarian Chert,Franciscan Complex,Jurassic-Cretaceous,Synthetic Negative Sample for ML,N/A - Non-mine location,0 meters,0% (Background Terrain),Radiolarian Chert (Observed at surface),895,1276,1907,2843,3595,2272,731.1,22.16,0
Background_7.8km_from_Trout Creek,-123.22618,40.19145,Regional Country Rock (Geology associated with Trinity region),0 (Barren Background),Trace / Non-mineralized,Unmineralized Radiolarian Chert,Franciscan Complex,Jurassic-Cretaceous,Synthetic Negative Sample for ML,N/A - Non-mine location,0 meters,0% (Background Terrain),Radiolarian Chert (Observed at surface),367,572,662,2634,2385,1464,1188.55,16.37,0
Background_9.4km_from_Big Reef Mine,-116.31179,34.72393,Regional Country Rock (Geology associated with San Bernardino region),0 (Barren Background),Trace / Non-mineralized,Unmineralized Fanglomerate/Volcanics,Local Tertiary Volcanics,Miocene,Synthetic Negative Sample for ML,N/A - Non-mine location,0 meters,0% (Background Terrain),Fanglomerate/Volcanics (Observed at surface),1057,1310,1801,2098,2994,2814,667.11,3.74,0
Background_6.9km_from_Big Reef Mine,-116.29381,34.75637,Regional Country Rock (Geology associated with San Bernardino region),0 (Barren Background),Trace / Non-mineralized,Unmineralized Fanglomerate/Volcanics,Local Tertiary Volcanics,Miocene,Synthetic Negative Sample for ML,N/A - Non-mine location,0 meters,0% (Background Terrain),Fanglomerate/Volcanics (Observed at surface),1617,2148,2886,3376,3865,3572,744.57,2.94,0
Background_8.2km_from_Big Reef Mine,-116.25275,34.80138,Regional Country Rock (Geology associated with San Bernardino region),0 (Barren Background),Trace / Non-mineralized,Unmineralized Fanglomerate/Volcanics,Local Tertiary Volcanics,Miocene,Synthetic Negative Sample for ML,N/A - Non-mine location,0 meters,0% (Background Terrain),Fanglomerate/Volcanics (Observed at surface),801,1150,1664,1938,2040,1911,659.33,11.69,0
Background_8.2km_from_Lee Yim,-116.21618,34.68728,Regional Country Rock (Geology associated with San Bernardino region),0 (Barren Background),Trace / Non-mineralized,Unmineralized Fanglomerate/Volcanics,Local Tertiary Volcanics,Miocene,Synthetic Negative Sample for ML,N/A - Non-mine location,0 meters,0% (Background Terrain),Fanglomerate/Volcanics (Observed at surface),1151,1460,2280,2720,3604,3250,747.17,7.04,0
Background_5.3km_from_Lee Yim,-116.17123,34.76910,Regional Country Rock (Geology associated with San Bernardino region),0 (Barren Background),Trace / Non-mineralized,Unmineralized Fanglomerate/Volcanics,Local Tertiary Volcanics,Miocene,Synthetic Negative Sample for ML,N/A - Non-mine location,0 meters,0% (Background Terrain),Fanglomerate/Volcanics (Observed at surface),1203,1505,1886,2113,2390,2195,443.69,1.48,0
Background_7.3km_from_Lee Yim,-116.26284,34.70107,Regional Country Rock (Geology associated with San Bernardino region),0 (Barren Background),Trace / Non-mineralized,Unmineralized Fanglomerate/Volcanics,Local Tertiary Volcanics,Miocene,Synthetic Negative Sample for ML,N/A - Non-mine location,0 meters,0% (Background Terrain),Fanglomerate/Volcanics (Observed at surface),1022,1370,2048,2434,2800,2560,708.64,6.55,0
Background_6.6km_from_Charles Mountain Mine,-123.62002,40.37544,Regional Country Rock (Geology associated with Humboldt region),0 (Barren Background),Trace / Non-mineralized,Unmineralized Radiolarian Chert,Franciscan Complex,Jurassic-Cretaceous,Synthetic Negative Sample for ML,N/A - Non-mine location,0 meters,0% (Background Terrain),Radiolarian Chert (Observed at surface),217,417,410,2482,2366,1273,1059.04,13.51,0
Background_6.6km_from_Charles Mountain Mine,-123.63109,40.36191,Regional Country Rock (Geology associated with Humboldt region),0 (Barren Background),Trace / Non-mineralized,Unmineralized Radiolarian Chert,Franciscan Complex,Jurassic-Cretaceous,Synthetic Negative Sample for ML,N/A - Non-mine location,0 meters,0% (Background Terrain),Radiolarian Chert (Observed at surface),1241,1820,2734,3840,3787,2433,983.1,14.9,0
Background_6.0km_from_Charles Mountain Mine,-123.72165,40.44776,Regional Country Rock (Geology associated with Humboldt region),0 (Barren Background),Trace / Non-mineralized,Unmineralized Radiolarian Chert,Franciscan Complex,Jurassic-Cretaceous,Synthetic Negative Sample for ML,N/A - Non-mine location,0 meters,0% (Background Terrain),Radiolarian Chert (Observed at surface),247,546,271,4285,1207,480,856.04,24.29,0
Background_6.4km_from_Bonanza Manganese Claims,-123.27911,40.21837,Regional Country Rock (Geology associated with Trinity region),0 (Barren Background),Trace / Non-mineralized,Unmineralized Radiolarian Chert,Franciscan Complex,Jurassic-Cretaceous,Synthetic Negative Sample for ML,N/A - Non-mine location,0 meters,0% (Background Terrain),Radiolarian Chert (Observed at surface),252,439,313,2857,1517,780,1120.99,23.89,0
Background_7.6km_from_Bonanza Manganese Claims,-123.20481,40.14831,Regional Country Rock (Geology associated with Trinity region),0 (Barren Background),Trace / Non-mineralized,Unmineralized Radiolarian Chert,Franciscan Complex,Jurassic-Cretaceous,Synthetic Negative Sample for ML,N/A - Non-mine location,0 meters,0% (Background Terrain),Radiolarian Chert (Observed at surface),446,599,813,1802,2061,1446,1072.03,12.94,0
Background_6.1km_from_Bonanza Manganese Claims,-123.13407,40.22744,Regional Country Rock (Geology associated with Trinity region),0 (Barren Background),Trace / Non-mineralized,Unmineralized Radiolarian Chert,Franciscan Complex,Jurassic-Cretaceous,Synthetic Negative Sample for ML,N/A - Non-mine location,0 meters,0% (Background Terrain),Radiolarian Chert (Observed at surface),392,601,710,2549,1978,1206,1275.2,12.18,0
Background_9.7km_from_Fort Seward Mine,-123.59229,40.19802,Regional Country Rock (Geology associated with Humboldt region),0 (Barren Background),Trace / Non-mineralized,Unmineralized Radiolarian Chert,Franciscan Complex,Jurassic-Cretaceous,Synthetic Negative Sample for ML,N/A - Non-mine location,0 meters,0% (Background Terrain),Radiolarian Chert (Observed at surface),803,1052,1497,2245,3034,2182,198.21,10.28,0
Background_8.4km_from_Fort Seward Mine,-123.74177,40.13420,Regional Country Rock (Geology associated with Humboldt region),0 (Barren Background),Trace / Non-mineralized,Unmineralized Radiolarian Chert,Franciscan Complex,Jurassic-Cretaceous,Synthetic Negative Sample for ML,N/A - Non-mine location,0 meters,0% (Background Terrain),Radiolarian Chert (Observed at surface),344,609,649,2575,2468,1368,275.14,19.61,0
Background_6.7km_from_Fort Seward Mine,-123.76700,40.24149,Regional Country Rock (Geology associated with Humboldt region),0 (Barren Background),Trace / Non-mineralized,Unmineralized Radiolarian Chert,Franciscan Complex,Jurassic-Cretaceous,Synthetic Negative Sample for ML,N/A - Non-mine location,0 meters,0% (Background Terrain),Radiolarian Chert (Observed at surface),597,782,1179,2031,3604,2289,515.09,17.64,0
Background_9.6km_from_Elsinore Manganese Deposits,-117.36107,33.73016,Regional Country Rock (Geology associated with Riverside region),0 (Barren Background),Trace / Non-mineralized,Unmineralized Fanglomerate/Volcanics,Local Tertiary Volcanics,Miocene,Synthetic Negative Sample for ML,N/A - Non-mine location,0 meters,0% (Background Terrain),Fanglomerate/Volcanics (Observed at surface),638,953,1335,1963,2975,2179,512.93,22.62,0
Background_7.4km_from_Elsinore Manganese Deposits,-117.22880,33.78594,Regional Country Rock (Geology associated with Riverside region),0 (Barren Background),Trace / Non-mineralized,Unmineralized Fanglomerate/Volcanics,Local Tertiary Volcanics,Miocene,Synthetic Negative Sample for ML,N/A - Non-mine location,0 meters,0% (Background Terrain),Fanglomerate/Volcanics (Observed at surface),1891,2279,2668,2637,2655,2050,443.37,3.1,0
Background_8.7km_from_Elsinore Manganese Deposits,-117.17240,33.69228,Regional Country Rock (Geology associated with Riverside region),0 (Barren Background),Trace / Non-mineralized,Unmineralized Fanglomerate/Volcanics,Local Tertiary Volcanics,Miocene,Synthetic Negative Sample for ML,N/A - Non-mine location,0 meters,0% (Background Terrain),Fanglomerate/Volcanics (Observed at surface),1059,1664,1725,2057,2104,1999,437.72,1.9,0
Background_6.6km_from_Lucky Sunday Mine,-123.31268,40.16777,Regional Country Rock (Geology associated with Trinity region),0 (Barren Background),Trace / Non-mineralized,Unmineralized Radiolarian Chert,Franciscan Complex,Jurassic-Cretaceous,Synthetic Negative Sample for ML,N/A - Non-mine location,0 meters,0% (Background Terrain),Radiolarian Chert (Observed at surface),225,375,372,1667,1613,969,944.69,13.55,0
Background_6.7km_from_Lucky Sunday Mine,-123.16115,40.14012,Regional Country Rock (Geology associated with Trinity region),0 (Barren Background),Trace / Non-mineralized,Unmineralized Radiolarian Chert,Franciscan Complex,Jurassic-Cretaceous,Synthetic Negative Sample for ML,N/A - Non-mine location,0 meters,0% (Background Terrain),Radiolarian Chert (Observed at surface),248,338,359,1605,1604,959,1154.11,18.69,0
Background_6.2km_from_Lucky Sunday Mine,-123.23826,40.20904,Regional Country Rock (Geology associated with Trinity region),0 (Barren Background),Trace / Non-mineralized,Unmineralized Radiolarian Chert,Franciscan Complex,Jurassic-Cretaceous,Synthetic Negative Sample for ML,N/A - Non-mine location,0 meters,0% (Background Terrain),Radiolarian Chert (Observed at surface),538,729,911,2405,2267,1555,1150.37,30.47,0
Background_6.9km_from_Young Mine,-123.23048,39.47277,Regional Country Rock (Geology associated with Mendocino region),0 (Barren Background),Trace / Non-mineralized,Unmineralized Radiolarian Chert,Franciscan Complex,Jurassic-Cretaceous,Synthetic Negative Sample for ML,N/A - Non-mine location,0 meters,0% (Background Terrain),Radiolarian Chert (Observed at surface),241,428,382,2528,1689,871,564.46,14.17,0
Background_8.5km_from_Young Mine,-123.31985,39.39422,Regional Country Rock (Geology associated with Mendocino region),0 (Barren Background),Trace / Non-mineralized,Unmineralized Radiolarian Chert,Franciscan Complex,Jurassic-Cretaceous,Synthetic Negative Sample for ML,N/A - Non-mine location,0 meters,0% (Background Terrain),Radiolarian Chert (Observed at surface),626,997,1326,0,0,0,445.05,10.23,0
Background_9.5km_from_Young Mine,-123.20283,39.45132,Regional Country Rock (Geology associated with Mendocino region),0 (Barren Background),Trace / Non-mineralized,Unmineralized Radiolarian Chert,Franciscan Complex,Jurassic-Cretaceous,Synthetic Negative Sample for ML,N/A - Non-mine location,0 meters,0% (Background Terrain),Radiolarian Chert (Observed at surface),107,257,142,2250,876,378,586.63,13.81,0
Background_6.7km_from_Orchard Mine,-114.17065,34.35503,Regional Country Rock (Geology associated with San Bernardino region),0 (Barren Background),Trace / Non-mineralized,Unmineralized Fanglomerate/Volcanics,Local Tertiary Volcanics,Miocene,Synthetic Negative Sample for ML,N/A - Non-mine location,0 meters,0% (Background Terrain),Fanglomerate/Volcanics (Observed at surface),751,911,1315,1648,2758,2750,165.47,8.62,0
Background_7.7km_from_Orchard Mine,-114.23834,34.29331,Regional Country Rock (Geology associated with San Bernardino region),0 (Barren Background),Trace / Non-mineralized,Unmineralized Fanglomerate/Volcanics,Local Tertiary Volcanics,Miocene,Synthetic Negative Sample for ML,N/A - Non-mine location,0 meters,0% (Background Terrain),Fanglomerate/Volcanics (Observed at surface),867,1177,2029,2365,3377,3416,315.04,2.74,0
Background_8.9km_from_Orchard Mine,-114.22175,34.28414,Regional Country Rock (Geology associated with San Bernardino region),0 (Barren Background),Trace / Non-mineralized,Unmineralized Fanglomerate/Volcanics,Local Tertiary Volcanics,Miocene,Synthetic Negative Sample for ML,N/A - Non-mine location,0 meters,0% (Background Terrain),Fanglomerate/Volcanics (Observed at surface),256,334,162,144,317,231,316.94,8.8,0
Background_6.5km_from_Langdon Deposit,-114.78332,33.78590,Regional Country Rock (Geology associated with Riverside region),0 (Barren Background),Trace / Non-mineralized,Unmineralized Fanglomerate/Volcanics,Local Tertiary Volcanics,Miocene,Synthetic Negative Sample for ML,N/A - Non-mine location,0 meters,0% (Background Terrain),Fanglomerate/Volcanics (Observed at surface),1667,2162,2742,2866,4355,4186,204.39,0.75,0
Background_8.4km_from_Langdon Deposit,-114.87973,33.80372,Regional Country Rock (Geology associated with Riverside region),0 (Barren Background),Trace / Non-mineralized,Unmineralized Fanglomerate/Volcanics,Local Tertiary Volcanics,Miocene,Synthetic Negative Sample for ML,N/A - Non-mine location,0 meters,0% (Background Terrain),Fanglomerate/Volcanics (Observed at surface),1077,1302,1598,1649,2378,2188,294.36,1.35,0
Background_6.8km_from_Langdon Deposit,-114.81387,33.78174,Regional Country Rock (Geology associated with Riverside region),0 (Barren Background),Trace / Non-mineralized,Unmineralized Fanglomerate/Volcanics,Local Tertiary Volcanics,Miocene,Synthetic Negative Sample for ML,N/A - Non-mine location,0 meters,0% (Background Terrain),Fanglomerate/Volcanics (Observed at surface),1583,2096,2544,2808,4087,3807,218.46,0.54,0
Background_6.1km_from_San Bernardino County,-123.80887,41.33780,Regional Country Rock (Geology associated with San Bernardino region),0 (Barren Background),Trace / Non-mineralized,Unmineralized Fanglomerate/Volcanics,Local Tertiary Volcanics,Miocene,Synthetic Negative Sample for ML,N/A - Non-mine location,0 meters,0% (Background Terrain),Fanglomerate/Volcanics (Observed at surface),195,424,219,3336,1261,461,980.59,16.38,0
Background_6.7km_from_San Bernardino County,-123.94261,41.32432,Regional Country Rock (Geology associated with San Bernardino region),0 (Barren Background),Trace / Non-mineralized,Unmineralized Fanglomerate/Volcanics,Local Tertiary Volcanics,Miocene,Synthetic Negative Sample for ML,N/A - Non-mine location,0 meters,0% (Background Terrain),Fanglomerate/Volcanics (Observed at surface),377,515,476,2583,1313,691,447.95,20.05,0
Background_7.8km_from_San Bernardino County,-123.93710,41.25855,Regional Country Rock (Geology associated with San Bernardino region),0 (Barren Background),Trace / Non-mineralized,Unmineralized Fanglomerate/Volcanics,Local Tertiary Volcanics,Miocene,Synthetic Negative Sample for ML,N/A - Non-mine location,0 meters,0% (Background Terrain),Fanglomerate/Volcanics (Observed at surface),203,366,205,2920,1088,444,606.38,27.03,0
Background_6.0km_from_Sherry Ann Prospect,-116.16938,32.66738,Regional Country Rock (Hydrothermal/Sedimentary Deposit),0 (Barren Background),Trace / Non-mineralized,Unmineralized Quartzite/Schist,Local Metamorphic/Sedimentary Sequence,Phanerozoic,Synthetic Negative Sample for ML,N/A - Non-mine location,0 meters,0% (Background Terrain),Quartzite/Schist (Observed at surface),1087,1464,1797,2350,3708,3096,961.61,5.74,0
Background_5.5km_from_Sherry Ann Prospect,-116.19110,32.67212,Regional Country Rock (Hydrothermal/Sedimentary Deposit),0 (Barren Background),Trace / Non-mineralized,Unmineralized Quartzite/Schist,Local Metamorphic/Sedimentary Sequence,Phanerozoic,Synthetic Negative Sample for ML,N/A - Non-mine location,0 meters,0% (Background Terrain),Quartzite/Schist (Observed at surface),1197,1650,2008,2695,3882,3269,896.38,23.96,0
Background_9.8km_from_Sherry Ann Prospect,-116.24253,32.70813,Regional Country Rock (Hydrothermal/Sedimentary Deposit),0 (Barren Background),Trace / Non-mineralized,Unmineralized Quartzite/Schist,Local Metamorphic/Sedimentary Sequence,Phanerozoic,Synthetic Negative Sample for ML,N/A - Non-mine location,0 meters,0% (Background Terrain),Quartzite/Schist (Observed at surface),886,1169,1571,2214,3751,2944,1211.92,4.18,0
Background_9.4km_from_Knutte Deposit,-122.62144,38.01798,Regional Country Rock (Hydrothermal/Sedimentary Deposit),0 (Barren Background),Trace / Non-mineralized,Unmineralized Quartzite/Schist,Local Metamorphic/Sedimentary Sequence,Phanerozoic,Synthetic Negative Sample for ML,N/A - Non-mine location,0 meters,0% (Background Terrain),Quartzite/Schist (Observed at surface),211,376,323,2194,1383,648,288.66,21.51,0
Background_7.3km_from_Knutte Deposit,-122.49943,38.12558,Regional Country Rock (Hydrothermal/Sedimentary Deposit),0 (Barren Background),Trace / Non-mineralized,Unmineralized Quartzite/Schist,Local Metamorphic/Sedimentary Sequence,Phanerozoic,Synthetic Negative Sample for ML,N/A - Non-mine location,0 meters,0% (Background Terrain),Quartzite/Schist (Observed at surface),0,0,0,0,0,0,-1.49,0.59,0
Background_8.2km_from_Knutte Deposit,-122.48779,38.12577,Regional Country Rock (Hydrothermal/Sedimentary Deposit),0 (Barren Background),Trace / Non-mineralized,Unmineralized Quartzite/Schist,Local Metamorphic/Sedimentary Sequence,Phanerozoic,Synthetic Negative Sample for ML,N/A - Non-mine location,0 meters,0% (Background Terrain),Quartzite/Schist (Observed at surface),0,0,0,0,0,0,-1.25,0.37,0
Background_8.3km_from_Lillie Mine,-117.22825,35.74886,Regional Country Rock (Hydrothermal/Sedimentary Deposit),0 (Barren Background),Trace / Non-mineralized,Unmineralized Quartzite/Schist,Local Metamorphic/Sedimentary Sequence,Phanerozoic,Synthetic Negative Sample for ML,N/A - Non-mine location,0 meters,0% (Background Terrain),Quartzite/Schist (Observed at surface),1016,1271,1504,1747,2805,2567,775.04,20.34,0
Background_9.0km_from_Lillie Mine,-117.33290,35.87763,Regional Country Rock (Hydrothermal/Sedimentary Deposit),0 (Barren Background),Trace / Non-mineralized,Unmineralized Quartzite/Schist,Local Metamorphic/Sedimentary Sequence,Phanerozoic,Synthetic Negative Sample for ML,N/A - Non-mine location,0 meters,0% (Background Terrain),Quartzite/Schist (Observed at surface),1563,2040,2615,3225,4093,3340,674.99,2.12,0
Background_7.5km_from_Lillie Mine,-117.26147,35.86947,Regional Country Rock (Hydrothermal/Sedimentary Deposit),0 (Barren Background),Trace / Non-mineralized,Unmineralized Quartzite/Schist,Local Metamorphic/Sedimentary Sequence,Phanerozoic,Synthetic Negative Sample for ML,N/A - Non-mine location,0 meters,0% (Background Terrain),Quartzite/Schist (Observed at surface),670,872,1201,1526,1909,1594,831.81,17.62,0
Background_7.7km_from_Stewart Mine,-114.39558,34.44835,Regional Country Rock (Geology associated with San Bernardino region),0 (Barren Background),Trace / Non-mineralized,Unmineralized Fanglomerate/Volcanics,Local Tertiary Volcanics,Miocene,Synthetic Negative Sample for ML,N/A - Non-mine location,0 meters,0% (Background Terrain),Fanglomerate/Volcanics (Observed at surface),1705,2214,2581,3167,3765,3313,140.54,1.51,0
Background_7.1km_from_Stewart Mine,-114.36775,34.31984,Regional Country Rock (Geology associated with San Bernardino region),0 (Barren Background),Trace / Non-mineralized,Unmineralized Fanglomerate/Volcanics,Local Tertiary Volcanics,Miocene,Synthetic Negative Sample for ML,N/A - Non-mine location,0 meters,0% (Background Terrain),Fanglomerate/Volcanics (Observed at surface),0,0,0,0,0,0,819.22,14.57,0
Background_8.1km_from_Stewart Mine,-114.44102,34.34586,Regional Country Rock (Geology associated with San Bernardino region),0 (Barren Background),Trace / Non-mineralized,Unmineralized Fanglomerate/Volcanics,Local Tertiary Volcanics,Miocene,Synthetic Negative Sample for ML,N/A - Non-mine location,0 meters,0% (Background Terrain),Fanglomerate/Volcanics (Observed at surface),1287,1635,2061,2313,3391,3307,490.62,2.77,0
Background_5.9km_from_Monument King Mine,-114.27001,34.34087,Regional Country Rock (Geology associated with San Bernardino region),0 (Barren Background),Trace / Non-mineralized,Unmineralized Fanglomerate/Volcanics,Local Tertiary Volcanics,Miocene,Synthetic Negative Sample for ML,N/A - Non-mine location,0 meters,0% (Background Terrain),Fanglomerate/Volcanics (Observed at surface),844,1072,1416,1632,2655,2406,364.45,22.76,0
Background_6.1km_from_Monument King Mine,-114.29355,34.23860,Regional Country Rock (Geology associated with San Bernardino region),0 (Barren Background),Trace / Non-mineralized,Unmineralized Fanglomerate/Volcanics,Local Tertiary Volcanics,Miocene,Synthetic Negative Sample for ML,N/A - Non-mine location,0 meters,0% (Background Terrain),Fanglomerate/Volcanics (Observed at surface),1544,1962,2314,2583,3571,3428,315.08,4.27,0
Background_9.9km_from_Monument King Mine,-114.26010,34.20996,Regional Country Rock (Geology associated with San Bernardino region),0 (Barren Background),Trace / Non-mineralized,Unmineralized Fanglomerate/Volcanics,Local Tertiary Volcanics,Miocene,Synthetic Negative Sample for ML,N/A - Non-mine location,0 meters,0% (Background Terrain),Fanglomerate/Volcanics (Observed at surface),1144,1505,1885,2162,2888,2734,187.17,6.36,0
Background_8.5km_from_Colchester County,-63.57078,45.35538,Regional Country Rock (Geology associated with Nova Scotia region),0 (Barren Background),Trace / Non-mineralized,Unmineralized Limestone/Shale,Macumber Formation / Windsor Group,Carboniferous,Synthetic Negative Sample for ML,N/A - Non-mine location,0 meters,0% (Background Terrain),Limestone/Shale (Observed at surface),666,902,1245,1503,1799,1466,0.0,0.0,0
Background_8.6km_from_Colchester County,-63.45750,45.39210,Regional Country Rock (Geology associated with Nova Scotia region),0 (Barren Background),Trace / Non-mineralized,Unmineralized Limestone/Shale,Macumber Formation / Windsor Group,Carboniferous,Synthetic Negative Sample for ML,N/A - Non-mine location,0 meters,0% (Background Terrain),Limestone/Shale (Observed at surface),245,430,218,2911,1119,480,31.03,3.11,0
Background_8.8km_from_Colchester County,-63.37051,45.33932,Regional Country Rock (Geology associated with Nova Scotia region),0 (Barren Background),Trace / Non-mineralized,Unmineralized Limestone/Shale,Macumber Formation / Windsor Group,Carboniferous,Synthetic Negative Sample for ML,N/A - Non-mine location,0 meters,0% (Background Terrain),Limestone/Shale (Observed at surface),237,512,231,3523,1623,607,89.09,4.29,0
Background_8.4km_from_Magnet Cove,-64.13705,45.24201,Regional Country Rock (Geology associated with Nova Scotia region),0 (Barren Background),Trace / Non-mineralized,Unmineralized Limestone/Shale,Macumber Formation / Windsor Group,Carboniferous,Synthetic Negative Sample for ML,N/A - Non-mine location,0 meters,0% (Background Terrain),Limestone/Shale (Observed at surface),0,0,0,0,0,0,0.0,0.0,0
Background_9.8km_from_Magnet Cove,-63.93366,45.16209,Regional Country Rock (Geology associated with Nova Scotia region),0 (Barren Background),Trace / Non-mineralized,Unmineralized Limestone/Shale,Macumber Formation / Windsor Group,Carboniferous,Synthetic Negative Sample for ML,N/A - Non-mine location,0 meters,0% (Background Terrain),Limestone/Shale (Observed at surface),0,0,0,0,0,0,65.5,1.92,0
Background_9.6km_from_Magnet Cove,-63.93543,45.24975,Regional Country Rock (Geology associated with Nova Scotia region),0 (Barren Background),Trace / Non-mineralized,Unmineralized Limestone/Shale,Macumber Formation / Windsor Group,Carboniferous,Synthetic Negative Sample for ML,N/A - Non-mine location,0 meters,0% (Background Terrain),Limestone/Shale (Observed at surface),288,623,269,4392,1681,653,85.37,8.41,0
Background_5.1km_from_Shag Rock Deposit,-132.58300,54.13498,Regional Country Rock (Hydrothermal/Sedimentary Deposit),0 (Barren Background),Trace / Non-mineralized,Unmineralized Quartzite/Schist,Local Metamorphic/Sedimentary Sequence,Phanerozoic,Synthetic Negative Sample for ML,N/A - Non-mine location,0 meters,0% (Background Terrain),Quartzite/Schist (Observed at surface),0,0,0,0,0,0,0.0,0.0,0
Background_5.9km_from_Shag Rock Deposit,-132.69405,54.19508,Regional Country Rock (Hydrothermal/Sedimentary Deposit),0 (Barren Background),Trace / Non-mineralized,Unmineralized Quartzite/Schist,Local Metamorphic/Sedimentary Sequence,Phanerozoic,Synthetic Negative Sample for ML,N/A - Non-mine location,0 meters,0% (Background Terrain),Quartzite/Schist (Observed at surface),78,61,35,36,37,31,0.0,0.0,0
Background_7.6km_from_Shag Rock Deposit,-132.55598,54.17844,Regional Country Rock (Hydrothermal/Sedimentary Deposit),0 (Barren Background),Trace / Non-mineralized,Unmineralized Quartzite/Schist,Local Metamorphic/Sedimentary Sequence,Phanerozoic,Synthetic Negative Sample for ML,N/A - Non-mine location,0 meters,0% (Background Terrain),Quartzite/Schist (Observed at surface),77,72,29,39,41,31,0.0,0.0,0
Background_9.0km_from_Lake Charlotte,-62.85274,44.83299,Regional Country Rock (Geology associated with Nova Scotia region),0 (Barren Background),Trace / Non-mineralized,Unmineralized Limestone/Shale,Macumber Formation / Windsor Group,Carboniferous,Synthetic Negative Sample for ML,N/A - Non-mine location,0 meters,0% (Background Terrain),Limestone/Shale (Observed at surface),314,583,280,3000,1069,417,52.91,9.58,0
Background_9.2km_from_Lake Charlotte,-62.80780,44.78129,Regional Country Rock (Geology associated with Nova Scotia region),0 (Barren Background),Trace / Non-mineralized,Unmineralized Limestone/Shale,Macumber Formation / Windsor Group,Carboniferous,Synthetic Negative Sample for ML,N/A - Non-mine location,0 meters,0% (Background Terrain),Limestone/Shale (Observed at surface),289,467,246,2903,1101,434,9.24,4.28,0
Background_6.6km_from_Lake Charlotte,-62.94903,44.71344,Regional Country Rock (Geology associated with Nova Scotia region),0 (Barren Background),Trace / Non-mineralized,Unmineralized Limestone/Shale,Macumber Formation / Windsor Group,Carboniferous,Synthetic Negative Sample for ML,N/A - Non-mine location,0 meters,0% (Background Terrain),Limestone/Shale (Observed at surface),418,385,280,316,236,223,0.0,0.0,0
Background_9.4km_from_Ochaqui Mine,-66.78309,-24.87247,Regional Country Rock (Geology associated with Argentina region),0 (Barren Background),Trace / Non-mineralized,Unmineralized Granite/Pegmatite,Sierras Pampeanas Basement,Neoproterozoic,Synthetic Negative Sample for ML,N/A - Non-mine location,0 meters,0% (Background Terrain),Granite/Pegmatite (Observed at surface),1046,1506,2264,2590,3121,2829,3912.18,3.62,0
Background_9.2km_from_Ochaqui Mine,-66.85835,-25.02391,Regional Country Rock (Geology associated with Argentina region),0 (Barren Background),Trace / Non-mineralized,Unmineralized Granite/Pegmatite,Sierras Pampeanas Basement,Neoproterozoic,Synthetic Negative Sample for ML,N/A - Non-mine location,0 meters,0% (Background Terrain),Granite/Pegmatite (Observed at surface),695,1044,1702,2054,2402,2170,4361.07,12.65,0
Background_7.9km_from_Ochaqui Mine,-66.75621,-24.96779,Regional Country Rock (Geology associated with Argentina region),0 (Barren Background),Trace / Non-mineralized,Unmineralized Granite/Pegmatite,Sierras Pampeanas Basement,Neoproterozoic,Synthetic Negative Sample for ML,N/A - Non-mine location,0 meters,0% (Background Terrain),Granite/Pegmatite (Observed at surface),1442,1858,2661,2998,2897,2612,3827.86,0.34,0
Background_8.9km_from_Aguada,-67.18821,18.28435,Regional Country Rock (Geology associated with Puerto Rico region),0 (Barren Background),Trace / Non-mineralized,Unmineralized Tuff/Breccia,Rio Loco Formation,Cretaceous,Synthetic Negative Sample for ML,N/A - Non-mine location,0 meters,0% (Background Terrain),Tuff/Breccia (Observed at surface),105,466,269,4524,1879,779,8.12,5.34,0
Background_7.2km_from_Aguada,-67.23652,18.34363,Regional Country Rock (Geology associated with Puerto Rico region),0 (Barren Background),Trace / Non-mineralized,Unmineralized Tuff/Breccia,Rio Loco Formation,Cretaceous,Synthetic Negative Sample for ML,N/A - Non-mine location,0 meters,0% (Background Terrain),Tuff/Breccia (Observed at surface),1277,1508,1622,2500,2959,1942,78.4,13.26,0
Background_8.5km_from_Aguada,-67.09540,18.33888,Regional Country Rock (Geology associated with Puerto Rico region),0 (Barren Background),Trace / Non-mineralized,Unmineralized Tuff/Breccia,Rio Loco Formation,Cretaceous,Synthetic Negative Sample for ML,N/A - Non-mine location,0 meters,0% (Background Terrain),Tuff/Breccia (Observed at surface),460,853,746,3667,3445,2041,95.26,8.95,0
Background_7.7km_from_Serra Do Navio,-52.05263,0.86816,Regional Country Rock (Geology associated with Amap region),0 (Barren Background),Trace / Non-mineralized,Unmineralized Schist/Amphibolite,Serra do Navio Fm,Paleoproterozoic,Synthetic Negative Sample for ML,N/A - Non-mine location,0 meters,0% (Background Terrain),"Biotite-garnet schist, amphibolite, gondite",123,178,105,1010,503,179,131.59,7.83,0
Background_7.3km_from_Serra Do Navio,-51.96570,0.96828,Regional Country Rock (Geology associated with Amap region),0 (Barren Background),Trace / Non-mineralized,Unmineralized Schist/Amphibolite,Serra do Navio Fm,Paleoproterozoic,Synthetic Negative Sample for ML,N/A - Non-mine location,0 meters,0% (Background Terrain),"Biotite-garnet schist, amphibolite, gondite",138,306,145,2131,1155,465,134.36,10.87,0
Background_6.9km_from_Serra Do Navio,-52.05174,0.87646,Regional Country Rock (Geology associated with Amap region),0 (Barren Background),Trace / Non-mineralized,Unmineralized Schist/Amphibolite,Serra do Navio Fm,Paleoproterozoic,Synthetic Negative Sample for ML,N/A - Non-mine location,0 meters,0% (Background Terrain),"Biotite-garnet schist, amphibolite, gondite",500,456,279,1510,657,315,111.84,9.12,0
Background_8.2km_from_Las Mercedes Mine,-75.61297,5.95184,Regional Country Rock (Hydrothermal/Sedimentary Deposit),0 (Barren Background),Trace / Non-mineralized,Unmineralized Quartzite/Schist,Local Metamorphic/Sedimentary Sequence,Phanerozoic,Synthetic Negative Sample for ML,N/A - Non-mine location,0 meters,0% (Background Terrain),Quartzite/Schist (Observed at surface),403,698,630,3606,2832,1669,2293.77,34.15,0
Background_8.0km_from_Las Mercedes Mine,-75.53351,5.83166,Regional Country Rock (Hydrothermal/Sedimentary Deposit),0 (Barren Background),Trace / Non-mineralized,Unmineralized Quartzite/Schist,Local Metamorphic/Sedimentary Sequence,Phanerozoic,Synthetic Negative Sample for ML,N/A - Non-mine location,0 meters,0% (Background Terrain),Quartzite/Schist (Observed at surface),279,575,362,3816,2464,1215,1007.04,29.85,0
Background_7.7km_from_Las Mercedes Mine,-75.58542,5.81550,Regional Country Rock (Hydrothermal/Sedimentary Deposit),0 (Barren Background),Trace / Non-mineralized,Unmineralized Quartzite/Schist,Local Metamorphic/Sedimentary Sequence,Phanerozoic,Synthetic Negative Sample for ML,N/A - Non-mine location,0 meters,0% (Background Terrain),Quartzite/Schist (Observed at surface),756,1107,1243,4297,4064,2519,1149.32,26.06,0
Background_9.3km_from_Costa Rica,-84.40263,10.20482,Regional Country Rock (Hydrothermal/Sedimentary Deposit),0 (Barren Background),Trace / Non-mineralized,Unmineralized Quartzite/Schist,Local Metamorphic/Sedimentary Sequence,Phanerozoic,Synthetic Negative Sample for ML,N/A - Non-mine location,0 meters,0% (Background Terrain),Quartzite/Schist (Observed at surface),454,1016,696,4772,2201,1271,1750.01,9.63,0
Background_5.4km_from_Costa Rica,-84.42329,10.17539,Regional Country Rock (Hydrothermal/Sedimentary Deposit),0 (Barren Background),Trace / Non-mineralized,Unmineralized Quartzite/Schist,Local Metamorphic/Sedimentary Sequence,Phanerozoic,Synthetic Negative Sample for ML,N/A - Non-mine location,0 meters,0% (Background Terrain),Quartzite/Schist (Observed at surface),395,676,708,2546,2701,1632,1426.96,14.99,0
Background_6.1km_from_Costa Rica,-84.49126,10.10134,Regional Country Rock (Hydrothermal/Sedimentary Deposit),0 (Barren Background),Trace / Non-mineralized,Unmineralized Quartzite/Schist,Local Metamorphic/Sedimentary Sequence,Phanerozoic,Synthetic Negative Sample for ML,N/A - Non-mine location,0 meters,0% (Background Terrain),Quartzite/Schist (Observed at surface),364,666,620,2666,2674,1607,1000.86,12.4,0
Background_8.8km_from_Tafna Mine,-65.76106,-22.10014,Regional Country Rock (Geology associated with Argentina region),0 (Barren Background),Trace / Non-mineralized,Unmineralized Granite/Pegmatite,Sierras Pampeanas Basement,Neoproterozoic,Synthetic Negative Sample for ML,N/A - Non-mine location,0 meters,0% (Background Terrain),Granite/Pegmatite (Observed at surface),1119,1785,2113,2393,2967,2462,3605.37,16.26,0
Background_5.5km_from_Tafna Mine,-65.64697,-22.09479,Regional Country Rock (Geology associated with Argentina region),0 (Barren Background),Trace / Non-mineralized,Unmineralized Granite/Pegmatite,Sierras Pampeanas Basement,Neoproterozoic,Synthetic Negative Sample for ML,N/A - Non-mine location,0 meters,0% (Background Terrain),Granite/Pegmatite (Observed at surface),992,1545,2167,2451,3130,2697,3518.58,4.13,0
Background_7.2km_from_Tafna Mine,-65.73803,-22.17005,Regional Country Rock (Geology associated with Argentina region),0 (Barren Background),Trace / Non-mineralized,Unmineralized Granite/Pegmatite,Sierras Pampeanas Basement,Neoproterozoic,Synthetic Negative Sample for ML,N/A - Non-mine location,0 meters,0% (Background Terrain),Granite/Pegmatite (Observed at surface),776,1102,1519,1892,2766,2108,3818.26,20.33,0
Background_8.8km_from_Alto San Luis Mine,-71.04118,-29.65345,Regional Country Rock (Hydrothermal/Sedimentary Deposit),0 (Barren Background),Trace / Non-mineralized,Unmineralized Quartzite/Schist,Local Metamorphic/Sedimentary Sequence,Phanerozoic,Synthetic Negative Sample for ML,N/A - Non-mine location,0 meters,0% (Background Terrain),Quartzite/Schist (Observed at surface),974,1383,1785,2743,2701,2220,1424.22,25.9,0
Background_5.1km_from_Alto San Luis Mine,-71.14592,-29.65013,Regional Country Rock (Hydrothermal/Sedimentary Deposit),0 (Barren Background),Trace / Non-mineralized,Unmineralized Quartzite/Schist,Local Metamorphic/Sedimentary Sequence,Phanerozoic,Synthetic Negative Sample for ML,N/A - Non-mine location,0 meters,0% (Background Terrain),Quartzite/Schist (Observed at surface),395,825,980,2056,2484,2102,828.12,23.39,0
Background_5.0km_from_Alto San Luis Mine,-71.08106,-29.66214,Regional Country Rock (Hydrothermal/Sedimentary Deposit),0 (Barren Background),Trace / Non-mineralized,Unmineralized Quartzite/Schist,Local Metamorphic/Sedimentary Sequence,Phanerozoic,Synthetic Negative Sample for ML,N/A - Non-mine location,0 meters,0% (Background Terrain),Quartzite/Schist (Observed at surface),0,0,0,0,0,0,1204.52,21.34,0
Background_9.5km_from_Arroyo Verde Deposit,-65.40314,-41.94911,Regional Country Rock (Geology associated with Argentina region),0 (Barren Background),Trace / Non-mineralized,Unmineralized Granite/Pegmatite,Sierras Pampeanas Basement,Neoproterozoic,Synthetic Negative Sample for ML,N/A - Non-mine location,0 meters,0% (Background Terrain),Granite/Pegmatite (Observed at surface),476,584,696,1354,1779,1422,245.29,5.5,0
Background_5.5km_from_Arroyo Verde Deposit,-65.34108,-41.96794,Regional Country Rock (Geology associated with Argentina region),0 (Barren Background),Trace / Non-mineralized,Unmineralized Granite/Pegmatite,Sierras Pampeanas Basement,Neoproterozoic,Synthetic Negative Sample for ML,N/A - Non-mine location,0 meters,0% (Background Terrain),Granite/Pegmatite (Observed at surface),878,1053,1332,2109,2312,1992,193.73,1.62,0
Background_6.3km_from_Arroyo Verde Deposit,-65.35667,-41.96289,Regional Country Rock (Geology associated with Argentina region),0 (Barren Background),Trace / Non-mineralized,Unmineralized Granite/Pegmatite,Sierras Pampeanas Basement,Neoproterozoic,Synthetic Negative Sample for ML,N/A - Non-mine location,0 meters,0% (Background Terrain),Granite/Pegmatite (Observed at surface),696,955,1185,1785,2005,1757,193.03,0.72,0
Background_5.1km_from_Siglo XX,-66.60034,-18.39653,Regional Country Rock (Hydrothermal/Sedimentary Deposit),0 (Barren Background),Trace / Non-mineralized,Unmineralized Quartzite/Schist,Local Metamorphic/Sedimentary Sequence,Phanerozoic,Synthetic Negative Sample for ML,N/A - Non-mine location,0 meters,0% (Background Terrain),Quartzite/Schist (Observed at surface),0,826,865,1098,1298,1213,3778.8,7.86,0
Background_8.0km_from_Siglo XX,-66.67731,-18.45919,Regional Country Rock (Hydrothermal/Sedimentary Deposit),0 (Barren Background),Trace / Non-mineralized,Unmineralized Quartzite/Schist,Local Metamorphic/Sedimentary Sequence,Phanerozoic,Synthetic Negative Sample for ML,N/A - Non-mine location,0 meters,0% (Background Terrain),Quartzite/Schist (Observed at surface),3152,3643,3779,3787,1271,933,4507.57,7.76,0
Background_6.1km_from_Siglo XX,-66.65892,-18.42755,Regional Country Rock (Hydrothermal/Sedimentary Deposit),0 (Barren Background),Trace / Non-mineralized,Unmineralized Quartzite/Schist,Local Metamorphic/Sedimentary Sequence,Phanerozoic,Synthetic Negative Sample for ML,N/A - Non-mine location,0 meters,0% (Background Terrain),Quartzite/Schist (Observed at surface),789,1058,1327,1544,1909,1607,4364.1,16.18,0
Background_8.4km_from_La Escondida Mine,-71.17553,-29.82531,Regional Country Rock (Hydrothermal/Sedimentary Deposit),0 (Barren Background),Trace / Non-mineralized,Unmineralized Quartzite/Schist,Local Metamorphic/Sedimentary Sequence,Phanerozoic,Synthetic Negative Sample for ML,N/A - Non-mine location,0 meters,0% (Background Terrain),Quartzite/Schist (Observed at surface),453,797,1007,2258,2155,1566,480.53,20.39,0
Background_9.7km_from_La Escondida Mine,-71.00839,-29.79380,Regional Country Rock (Hydrothermal/Sedimentary Deposit),0 (Barren Background),Trace / Non-mineralized,Unmineralized Quartzite/Schist,Local Metamorphic/Sedimentary Sequence,Phanerozoic,Synthetic Negative Sample for ML,N/A - Non-mine location,0 meters,0% (Background Terrain),Quartzite/Schist (Observed at surface),494,746,864,1710,1616,1257,967.44,19.33,0
Background_7.2km_from_La Escondida Mine,-71.02727,-29.81022,Regional Country Rock (Hydrothermal/Sedimentary Deposit),0 (Barren Background),Trace / Non-mineralized,Unmineralized Quartzite/Schist,Local Metamorphic/Sedimentary Sequence,Phanerozoic,Synthetic Negative Sample for ML,N/A - Non-mine location,0 meters,0% (Background Terrain),Quartzite/Schist (Observed at surface),0,0,0,0,0,0,1124.43,20.1,0
Background_5.4km_from_Quinto Mine,-75.59243,20.15639,Regional Country Rock (Geology associated with Cuba region),0 (Barren Background),Trace / Non-mineralized,Unmineralized Tuff/Limestone,Charco Redondo Formation,Paleogene,Synthetic Negative Sample for ML,N/A - Non-mine location,0 meters,0% (Background Terrain),Tuff/Limestone (Observed at surface),274,564,455,2709,1871,947,179.16,3.34,0
Background_6.7km_from_Quinto Mine,-75.51900,20.07342,Regional Country Rock (Geology associated with Cuba region),0 (Barren Background),Trace / Non-mineralized,Unmineralized Tuff/Limestone,Charco Redondo Formation,Paleogene,Synthetic Negative Sample for ML,N/A - Non-mine location,0 meters,0% (Background Terrain),Tuff/Limestone (Observed at surface),174,424,205,4121,1618,728,202.31,4.8,0
Background_6.8km_from_Quinto Mine,-75.53618,20.06627,Regional Country Rock (Geology associated with Cuba region),0 (Barren Background),Trace / Non-mineralized,Unmineralized Tuff/Limestone,Charco Redondo Formation,Paleogene,Synthetic Negative Sample for ML,N/A - Non-mine location,0 meters,0% (Background Terrain),Tuff/Limestone (Observed at surface),350,678,567,3318,2450,1466,571.45,16.07,0
Background_6.6km_from_Rosita Segunda Deposit,-75.25855,20.15790,Regional Country Rock (Geology associated with Cuba region),0 (Barren Background),Trace / Non-mineralized,Unmineralized Tuff/Limestone,Charco Redondo Formation,Paleogene,Synthetic Negative Sample for ML,N/A - Non-mine location,0 meters,0% (Background Terrain),Tuff/Limestone (Observed at surface),161,403,296,2655,1690,789,107.59,7.84,0
Background_5.6km_from_Rosita Segunda Deposit,-75.24816,20.08342,Regional Country Rock (Geology associated with Cuba region),0 (Barren Background),Trace / Non-mineralized,Unmineralized Tuff/Limestone,Charco Redondo Formation,Paleogene,Synthetic Negative Sample for ML,N/A - Non-mine location,0 meters,0% (Background Terrain),Tuff/Limestone (Observed at surface),134,346,231,3017,1702,759,24.68,2.32,0
Background_7.4km_from_Rosita Segunda Deposit,-75.27051,20.15450,Regional Country Rock (Geology associated with Cuba region),0 (Barren Background),Trace / Non-mineralized,Unmineralized Tuff/Limestone,Charco Redondo Formation,Paleogene,Synthetic Negative Sample for ML,N/A - Non-mine location,0 meters,0% (Background Terrain),Tuff/Limestone (Observed at surface),193,443,298,2728,1656,813,167.71,10.98,0
Background_7.0km_from_Tiouine Mine,-7.10337,30.82524,Regional Country Rock (Geology associated with Morocco region),0 (Barren Background),Trace / Non-mineralized,Unmineralized Dolomite,Cenomanian-Turonian Dolomites,Cretaceous,Synthetic Negative Sample for ML,N/A - Non-mine location,0 meters,0% (Background Terrain),Dolomite (Observed at surface),1222,1600,2297,2612,3486,2748,1554.68,15.41,0
Background_7.8km_from_Tiouine Mine,-7.05035,30.88009,Regional Country Rock (Geology associated with Morocco region),0 (Barren Background),Trace / Non-mineralized,Unmineralized Dolomite,Cenomanian-Turonian Dolomites,Cretaceous,Synthetic Negative Sample for ML,N/A - Non-mine location,0 meters,0% (Background Terrain),Dolomite (Observed at surface),893,1179,1646,1774,2656,2430,1300.51,5.49,0
Background_7.1km_from_Tiouine Mine,-7.13020,30.94678,Regional Country Rock (Geology associated with Morocco region),0 (Barren Background),Trace / Non-mineralized,Unmineralized Dolomite,Cenomanian-Turonian Dolomites,Cretaceous,Synthetic Negative Sample for ML,N/A - Non-mine location,0 meters,0% (Background Terrain),Dolomite (Observed at surface),969,1260,1836,2004,3044,2814,1232.56,1.62,0
Background_6.1km_from_Imini Mine,-6.96047,30.74644,Regional Country Rock (Geology associated with Morocco region),0 (Barren Background),Trace / Non-mineralized,Unmineralized Dolomite,Cenomanian-Turonian Dolomites,Cretaceous,Synthetic Negative Sample for ML,N/A - Non-mine location,0 meters,0% (Background Terrain),Dolomite and dolomitic limestone,882,1194,1826,2080,2641,2495,1564.48,6.29,0
Background_5.4km_from_Imini Mine,-6.86133,30.76949,Regional Country Rock (Geology associated with Morocco region),0 (Barren Background),Trace / Non-mineralized,Unmineralized Dolomite,Cenomanian-Turonian Dolomites,Cretaceous,Synthetic Negative Sample for ML,N/A - Non-mine location,0 meters,0% (Background Terrain),Dolomite and dolomitic limestone,1077,1364,1763,1919,1953,1708,1225.48,11.49,0
Background_9.4km_from_Imini Mine,-6.81399,30.68999,Regional Country Rock (Geology associated with Morocco region),0 (Barren Background),Trace / Non-mineralized,Unmineralized Dolomite,Cenomanian-Turonian Dolomites,Cretaceous,Synthetic Negative Sample for ML,N/A - Non-mine location,0 meters,0% (Background Terrain),Dolomite and dolomitic limestone,1032,1379,1848,2000,2742,2484,1404.14,11.94,0
Background_5.1km_from_Morocco,-4.32131,32.62786,Regional Country Rock (Geology associated with Morocco region),0 (Barren Background),Trace / Non-mineralized,Unmineralized Dolomite,Cenomanian-Turonian Dolomites,Cretaceous,Synthetic Negative Sample for ML,N/A - Non-mine location,0 meters,0% (Background Terrain),Dolomite and dolomitic limestone,1251,1744,2372,3093,4015,3478,2004.92,15.93,0
Background_5.2km_from_Morocco,-4.32571,32.53672,Regional Country Rock (Geology associated with Morocco region),0 (Barren Background),Trace / Non-mineralized,Unmineralized Dolomite,Cenomanian-Turonian Dolomites,Cretaceous,Synthetic Negative Sample for ML,N/A - Non-mine location,0 meters,0% (Background Terrain),Dolomite and dolomitic limestone,983,1493,2130,2546,3304,2661,2031.88,7.24,0
Background_8.0km_from_Morocco,-4.41578,32.59471,Regional Country Rock (Geology associated with Morocco region),0 (Barren Background),Trace / Non-mineralized,Unmineralized Dolomite,Cenomanian-Turonian Dolomites,Cretaceous,Synthetic Negative Sample for ML,N/A - Non-mine location,0 meters,0% (Background Terrain),Dolomite and dolomitic limestone,1030,1494,2217,3032,4106,3475,1967.71,13.49,0
Background_9.8km_from_Tasdremt Deposit,-8.02781,30.67077,Regional Country Rock (Geology associated with Morocco region),0 (Barren Background),Trace / Non-mineralized,Unmineralized Dolomite,Cenomanian-Turonian Dolomites,Cretaceous,Synthetic Negative Sample for ML,N/A - Non-mine location,0 meters,0% (Background Terrain),Dolomite (Observed at surface),903,1359,1993,2678,3550,3051,909.12,7.43,0
Background_9.8km_from_Tasdremt Deposit,-8.04969,30.49651,Regional Country Rock (Geology associated with Morocco region),0 (Barren Background),Trace / Non-mineralized,Unmineralized Dolomite,Cenomanian-Turonian Dolomites,Cretaceous,Synthetic Negative Sample for ML,N/A - Non-mine location,0 meters,0% (Background Terrain),Dolomite (Observed at surface),1260,1766,2494,2781,3529,3008,1128.79,6.21,0
Background_5.9km_from_Tasdremt Deposit,-7.97367,30.60004,Regional Country Rock (Geology associated with Morocco region),0 (Barren Background),Trace / Non-mineralized,Unmineralized Dolomite,Cenomanian-Turonian Dolomites,Cretaceous,Synthetic Negative Sample for ML,N/A - Non-mine location,0 meters,0% (Background Terrain),Dolomite (Observed at surface),881,1399,2067,2905,3894,3331,1419.25,24.36,0
Background_5.7km_from_India,80.10391,21.96910,Regional Country Rock (Hydrothermal/Sedimentary Deposit),0 (Barren Background),Trace / Non-mineralized,Unmineralized Quartzite/Schist,Local Metamorphic/Sedimentary Sequence,Phanerozoic,Synthetic Negative Sample for ML,N/A - Non-mine location,0 meters,0% (Background Terrain),Quartzite/Schist (Observed at surface),988,1161,1372,2524,3207,2526,308.96,2.8,0
Background_7.9km_from_India,79.98309,21.92215,Regional Country Rock (Hydrothermal/Sedimentary Deposit),0 (Barren Background),Trace / Non-mineralized,Unmineralized Quartzite/Schist,Local Metamorphic/Sedimentary Sequence,Phanerozoic,Synthetic Negative Sample for ML,N/A - Non-mine location,0 meters,0% (Background Terrain),Quartzite/Schist (Observed at surface),776,974,1289,2335,3196,2274,475.29,21.87,0
Background_7.3km_from_India,80.09221,22.00809,Regional Country Rock (Hydrothermal/Sedimentary Deposit),0 (Barren Background),Trace / Non-mineralized,Unmineralized Quartzite/Schist,Local Metamorphic/Sedimentary Sequence,Phanerozoic,Synthetic Negative Sample for ML,N/A - Non-mine location,0 meters,0% (Background Terrain),Quartzite/Schist (Observed at surface),720,905,1108,1576,1993,1572,320.88,1.53,0
Background_6.3km_from_Ukraine,34.34472,47.53819,Regional Country Rock (Geology associated with Ukraine region),0 (Barren Background),Trace / Non-mineralized,Unmineralized Sand/Clay,Oligocene sediments,Oligocene,Synthetic Negative Sample for ML,N/A - Non-mine location,0 meters,0% (Background Terrain),"Glauconitic sands, clays, and silts",268,455,372,2207,1678,821,14.5,0.0,0
Background_5.5km_from_Ukraine,34.48054,47.59201,Regional Country Rock (Geology associated with Ukraine region),0 (Barren Background),Trace / Non-mineralized,Unmineralized Sand/Clay,Oligocene sediments,Oligocene,Synthetic Negative Sample for ML,N/A - Non-mine location,0 meters,0% (Background Terrain),"Glauconitic sands, clays, and silts",306,556,446,3096,1921,911,14.5,0.0,0
Background_7.5km_from_Ukraine,34.51531,47.58303,Regional Country Rock (Geology associated with Ukraine region),0 (Barren Background),Trace / Non-mineralized,Unmineralized Sand/Clay,Oligocene sediments,Oligocene,Synthetic Negative Sample for ML,N/A - Non-mine location,0 meters,0% (Background Terrain),"Glauconitic sands, clays, and silts",328,534,403,2793,1742,852,14.5,0.0,0
Background_6.1km_from_Five Islands Barite,-63.56973,45.42758,Regional Country Rock (Geology associated with Nova Scotia region),0 (Barren Background),Trace / Non-mineralized,Unmineralized Limestone/Shale,Macumber Formation / Windsor Group,Carboniferous,Synthetic Negative Sample for ML,N/A - Non-mine location,0 meters,0% (Background Terrain),Limestone/Shale (Observed at surface),261,479,330,2501,1439,688,35.42,3.42,0
Background_5.9km_from_Five Islands Barite,-63.56271,45.43280,Regional Country Rock (Geology associated with Nova Scotia region),0 (Barren Background),Trace / Non-mineralized,Unmineralized Limestone/Shale,Macumber Formation / Windsor Group,Carboniferous,Synthetic Negative Sample for ML,N/A - Non-mine location,0 meters,0% (Background Terrain),Limestone/Shale (Observed at surface),260,464,269,2627,1388,625,44.21,3.05,0
Background_9.1km_from_Five Islands Barite,-63.50639,45.52168,Regional Country Rock (Geology associated with Nova Scotia region),0 (Barren Background),Trace / Non-mineralized,Unmineralized Limestone/Shale,Macumber Formation / Windsor Group,Carboniferous,Synthetic Negative Sample for ML,N/A - Non-mine location,0 meters,0% (Background Terrain),Limestone/Shale (Observed at surface),233,526,232,4766,2033,829,224.48,10.59,0
Background_8.0km_from_Hagidaira Mine,139.44275,36.52534,Regional Country Rock (Geology associated with Japan region),0 (Barren Background),Trace / Non-mineralized,Unmineralized Green Tuff/Mudstone,Kunnui Formation,Miocene,Synthetic Negative Sample for ML,N/A - Non-mine location,0 meters,0% (Background Terrain),Green Tuff/Mudstone (Observed at surface),76,52,84,681,489,215,760.29,30.69,0
Background_10.0km_from_Hagidaira Mine,139.58425,36.63595,Regional Country Rock (Geology associated with Japan region),0 (Barren Background),Trace / Non-mineralized,Unmineralized Green Tuff/Mudstone,Kunnui Formation,Miocene,Synthetic Negative Sample for ML,N/A - Non-mine location,0 meters,0% (Background Terrain),Green Tuff/Mudstone (Observed at surface),62,250,129,2103,761,347,556.14,29.44,0
Background_5.5km_from_Hagidaira Mine,139.45536,36.62373,Regional Country Rock (Geology associated with Japan region),0 (Barren Background),Trace / Non-mineralized,Unmineralized Green Tuff/Mudstone,Kunnui Formation,Miocene,Synthetic Negative Sample for ML,N/A - Non-mine location,0 meters,0% (Background Terrain),Green Tuff/Mudstone (Observed at surface),67,262,105,2657,917,378,920.12,31.79,0
Background_7.9km_from_Woodie Woodie Mine,121.18019,-21.59531,Regional Country Rock (Geology associated with Woodie region),0 (Barren Background),Trace / Non-mineralized,Unmineralized Dolomite,Carawine Dolomite,Neoarchean,Synthetic Negative Sample for ML,N/A - Non-mine location,0 meters,0% (Background Terrain),Karst breccias and cherty dolomite,713,999,1675,2146,3305,3081,248.83,0.75,0
Background_7.2km_from_Woodie Woodie Mine,121.17907,-21.66119,Regional Country Rock (Geology associated with Woodie region),0 (Barren Background),Trace / Non-mineralized,Unmineralized Dolomite,Carawine Dolomite,Neoarchean,Synthetic Negative Sample for ML,N/A - Non-mine location,0 meters,0% (Background Terrain),Karst breccias and cherty dolomite,820,1144,1790,2416,3486,3007,269.59,2.24,0
Background_7.0km_from_Woodie Woodie Mine,121.23768,-21.57243,Regional Country Rock (Geology associated with Woodie region),0 (Barren Background),Trace / Non-mineralized,Unmineralized Dolomite,Carawine Dolomite,Neoarchean,Synthetic Negative Sample for ML,N/A - Non-mine location,0 meters,0% (Background Terrain),Karst breccias and cherty dolomite,938,1439,2549,3311,4026,3314,304.06,6.99,0
Background_9.7km_from_Nsuta Mine,-2.01794,5.18096,Regional Country Rock (Geology associated with Nsuta region),0 (Barren Background),Trace / Non-mineralized,Unmineralized Phyllite/Gondite,Birimian Supergroup,Paleoproterozoic,Synthetic Negative Sample for ML,N/A - Non-mine location,0 meters,0% (Background Terrain),"Phyllites, tuffs, and gondites",288,516,435,3281,1884,848,53.12,4.72,0
Background_5.4km_from_Nsuta Mine,-1.97212,5.27675,Regional Country Rock (Geology associated with Nsuta region),0 (Barren Background),Trace / Non-mineralized,Unmineralized Phyllite/Gondite,Birimian Supergroup,Paleoproterozoic,Synthetic Negative Sample for ML,N/A - Non-mine location,0 meters,0% (Background Terrain),"Phyllites, tuffs, and gondites",988,1112,1136,1366,1947,1872,65.12,9.76,0
Background_9.3km_from_Nsuta Mine,-2.00260,5.17051,Regional Country Rock (Geology associated with Nsuta region),0 (Barren Background),Trace / Non-mineralized,Unmineralized Phyllite/Gondite,Birimian Supergroup,Paleoproterozoic,Synthetic Negative Sample for ML,N/A - Non-mine location,0 meters,0% (Background Terrain),"Phyllites, tuffs, and gondites",855,941,880,3193,2274,1236,109.11,19.61,0
Background_9.3km_from_Matthew's Ridge,-60.10060,7.58650,Regional Country Rock (Hydrothermal/Sedimentary Deposit),0 (Barren Background),Trace / Non-mineralized,Unmineralized Quartzite/Schist,Local Metamorphic/Sedimentary Sequence,Phanerozoic,Synthetic Negative Sample for ML,N/A - Non-mine location,0 meters,0% (Background Terrain),Quartzite/Schist (Observed at surface),NA,NA,NA,NA,NA,NA,49.02,6.76,0
Background_7.5km_from_Matthew's Ridge,-60.18569,7.59856,Regional Country Rock (Hydrothermal/Sedimentary Deposit),0 (Barren Background),Trace / Non-mineralized,Unmineralized Quartzite/Schist,Local Metamorphic/Sedimentary Sequence,Phanerozoic,Synthetic Negative Sample for ML,N/A - Non-mine location,0 meters,0% (Background Terrain),Quartzite/Schist (Observed at surface),130,281,133,2712,1263,474,71.93,6.59,0
Background_6.6km_from_Matthew's Ridge,-60.13715,7.58621,Regional Country Rock (Hydrothermal/Sedimentary Deposit),0 (Barren Background),Trace / Non-mineralized,Unmineralized Quartzite/Schist,Local Metamorphic/Sedimentary Sequence,Phanerozoic,Synthetic Negative Sample for ML,N/A - Non-mine location,0 meters,0% (Background Terrain),Quartzite/Schist (Observed at surface),0,0,0,0,0,0,84.44,10.39,0
Background_8.0km_from_Mokta Mine,-5.46961,5.29918,Regional Country Rock (Hydrothermal/Sedimentary Deposit),0 (Barren Background),Trace / Non-mineralized,Unmineralized Quartzite/Schist,Local Metamorphic/Sedimentary Sequence,Phanerozoic,Synthetic Negative Sample for ML,N/A - Non-mine location,0 meters,0% (Background Terrain),Quartzite/Schist (Observed at surface),390,521,334,2808,1772,786,83.11,16.08,0
Background_5.5km_from_Mokta Mine,-5.40098,5.36293,Regional Country Rock (Hydrothermal/Sedimentary Deposit),0 (Barren Background),Trace / Non-mineralized,Unmineralized Quartzite/Schist,Local Metamorphic/Sedimentary Sequence,Phanerozoic,Synthetic Negative Sample for ML,N/A - Non-mine location,0 meters,0% (Background Terrain),Quartzite/Schist (Observed at surface),326,565,324,4580,2413,1079,59.69,10.17,0
Background_5.5km_from_Mokta Mine,-5.41377,5.26617,Regional Country Rock (Hydrothermal/Sedimentary Deposit),0 (Barren Background),Trace / Non-mineralized,Unmineralized Quartzite/Schist,Local Metamorphic/Sedimentary Sequence,Phanerozoic,Synthetic Negative Sample for ML,N/A - Non-mine location,0 meters,0% (Background Terrain),Quartzite/Schist (Observed at surface),410,602,446,2916,2345,1436,23.32,5.53,0
Background_9.1km_from_Tartana Mine,23.95177,41.29881,Regional Country Rock (Hydrothermal/Sedimentary Deposit),0 (Barren Background),Trace / Non-mineralized,Unmineralized Quartzite/Schist,Local Metamorphic/Sedimentary Sequence,Phanerozoic,Synthetic Negative Sample for ML,N/A - Non-mine location,0 meters,0% (Background Terrain),Quartzite/Schist (Observed at surface),3411,3591,4243,5283,4336,3217,818.13,5.19,0
Background_8.8km_from_Tartana Mine,23.82707,41.38743,Regional Country Rock (Hydrothermal/Sedimentary Deposit),0 (Barren Background),Trace / Non-mineralized,Unmineralized Quartzite/Schist,Local Metamorphic/Sedimentary Sequence,Phanerozoic,Synthetic Negative Sample for ML,N/A - Non-mine location,0 meters,0% (Background Terrain),Quartzite/Schist (Observed at surface),164,407,253,3108,2083,959,684.0,7.03,0
Background_6.4km_from_Tartana Mine,24.00358,41.39953,Regional Country Rock (Hydrothermal/Sedimentary Deposit),0 (Barren Background),Trace / Non-mineralized,Unmineralized Quartzite/Schist,Local Metamorphic/Sedimentary Sequence,Phanerozoic,Synthetic Negative Sample for ML,N/A - Non-mine location,0 meters,0% (Background Terrain),Quartzite/Schist (Observed at surface),284,470,373,2710,1972,961,657.53,9.56,0
Background_9.3km_from_Kepez-Köy,31.98444,41.22598,Regional Country Rock (Hydrothermal/Sedimentary Deposit),0 (Barren Background),Trace / Non-mineralized,Unmineralized Quartzite/Schist,Local Metamorphic/Sedimentary Sequence,Phanerozoic,Synthetic Negative Sample for ML,N/A - Non-mine location,0 meters,0% (Background Terrain),Quartzite/Schist (Observed at surface),593,880,0,2355,2939,1790,155.21,14.4,0
Background_8.9km_from_Kepez-Köy,31.79202,41.28051,Regional Country Rock (Hydrothermal/Sedimentary Deposit),0 (Barren Background),Trace / Non-mineralized,Unmineralized Quartzite/Schist,Local Metamorphic/Sedimentary Sequence,Phanerozoic,Synthetic Negative Sample for ML,N/A - Non-mine location,0 meters,0% (Background Terrain),Quartzite/Schist (Observed at surface),0,0,0,0,0,0,303.73,29.12,0
Background_9.8km_from_Kepez-Köy,31.78546,41.30285,Regional Country Rock (Hydrothermal/Sedimentary Deposit),0 (Barren Background),Trace / Non-mineralized,Unmineralized Quartzite/Schist,Local Metamorphic/Sedimentary Sequence,Phanerozoic,Synthetic Negative Sample for ML,N/A - Non-mine location,0 meters,0% (Background Terrain),Quartzite/Schist (Observed at surface),505,703,891,1934,2988,2086,468.43,18.11,0
Background_8.5km_from_Soganliyuruk,31.72021,41.17178,Regional Country Rock (Hydrothermal/Sedimentary Deposit),0 (Barren Background),Trace / Non-mineralized,Unmineralized Quartzite/Schist,Local Metamorphic/Sedimentary Sequence,Phanerozoic,Synthetic Negative Sample for ML,N/A - Non-mine location,0 meters,0% (Background Terrain),Quartzite/Schist (Observed at surface),171,453,242,3823,1720,783,605.86,18.5,0
Background_10.0km_from_Soganliyuruk,31.71678,41.15042,Regional Country Rock (Hydrothermal/Sedimentary Deposit),0 (Barren Background),Trace / Non-mineralized,Unmineralized Quartzite/Schist,Local Metamorphic/Sedimentary Sequence,Phanerozoic,Synthetic Negative Sample for ML,N/A - Non-mine location,0 meters,0% (Background Terrain),Quartzite/Schist (Observed at surface),258,487,366,3323,2187,1018,616.9,21.14,0
Background_8.1km_from_Soganliyuruk,31.85828,41.13937,Regional Country Rock (Hydrothermal/Sedimentary Deposit),0 (Barren Background),Trace / Non-mineralized,Unmineralized Quartzite/Schist,Local Metamorphic/Sedimentary Sequence,Phanerozoic,Synthetic Negative Sample for ML,N/A - Non-mine location,0 meters,0% (Background Terrain),Quartzite/Schist (Observed at surface),264,466,421,1873,1511,882,464.75,20.96,0
Background_5.9km_from_Zenoli Mine,-116.32340,40.58693,Regional Country Rock (Geology associated with Nevada region),0 (Barren Background),Trace / Non-mineralized,Unmineralized Limestone/Dolomite,Highland Peak Fm,Cambrian,Synthetic Negative Sample for ML,N/A - Non-mine location,0 meters,0% (Background Terrain),Limestone/Dolomite (Observed at surface),921,1165,1490,1923,3182,2772,1484.92,5.92,0
Background_8.6km_from_Zenoli Mine,-116.29553,40.63934,Regional Country Rock (Geology associated with Nevada region),0 (Barren Background),Trace / Non-mineralized,Unmineralized Limestone/Dolomite,Highland Peak Fm,Cambrian,Synthetic Negative Sample for ML,N/A - Non-mine location,0 meters,0% (Background Terrain),Limestone/Dolomite (Observed at surface),959,1196,1594,2051,2939,2324,1792.47,10.09,0
Background_8.1km_from_Zenoli Mine,-116.16417,40.55425,Regional Country Rock (Geology associated with Nevada region),0 (Barren Background),Trace / Non-mineralized,Unmineralized Limestone/Dolomite,Highland Peak Fm,Cambrian,Synthetic Negative Sample for ML,N/A - Non-mine location,0 meters,0% (Background Terrain),Limestone/Dolomite (Observed at surface),0,0,0,0,0,0,1690.06,9.85,0
Background_8.0km_from_Virginia Mine,-106.82727,29.76534,Regional Country Rock (Geology associated with Virginia region),0 (Barren Background),Trace / Non-mineralized,Unmineralized Clay/Quartzite,Shady Dolomite / Antietam Fm,Cambrian,Synthetic Negative Sample for ML,N/A - Non-mine location,0 meters,0% (Background Terrain),Clay/Quartzite (Observed at surface),938,1247,1790,2498,3206,2910,1602.81,2.59,0
Background_7.0km_from_Virginia Mine,-106.85957,29.72492,Regional Country Rock (Geology associated with Virginia region),0 (Barren Background),Trace / Non-mineralized,Unmineralized Clay/Quartzite,Shady Dolomite / Antietam Fm,Cambrian,Synthetic Negative Sample for ML,N/A - Non-mine location,0 meters,0% (Background Terrain),Clay/Quartzite (Observed at surface),928,1278,1837,2522,3387,3084,1682.11,1.28,0
Background_8.8km_from_Virginia Mine,-106.83803,29.76850,Regional Country Rock (Geology associated with Virginia region),0 (Barren Background),Trace / Non-mineralized,Unmineralized Clay/Quartzite,Shady Dolomite / Antietam Fm,Cambrian,Synthetic Negative Sample for ML,N/A - Non-mine location,0 meters,0% (Background Terrain),Clay/Quartzite (Observed at surface),891,1251,1888,2700,3302,2979,1587.82,1.21,0
Background_5.3km_from_Pedro Dome,-147.58319,65.04235,Regional Country Rock (Hydrothermal/Sedimentary Deposit),0 (Barren Background),Trace / Non-mineralized,Unmineralized Quartzite/Schist,Local Metamorphic/Sedimentary Sequence,Phanerozoic,Synthetic Negative Sample for ML,N/A - Non-mine location,0 meters,0% (Background Terrain),Quartzite/Schist (Observed at surface),167,313,156,4258,1423,565,334.97,9.1,0
Background_8.5km_from_Pedro Dome,-147.41115,64.94213,Regional Country Rock (Hydrothermal/Sedimentary Deposit),0 (Barren Background),Trace / Non-mineralized,Unmineralized Quartzite/Schist,Local Metamorphic/Sedimentary Sequence,Phanerozoic,Synthetic Negative Sample for ML,N/A - Non-mine location,0 meters,0% (Background Terrain),Quartzite/Schist (Observed at surface),215,377,212,2634,1243,562,354.18,18.25,0
Background_5.3km_from_Pedro Dome,-147.44219,64.96853,Regional Country Rock (Hydrothermal/Sedimentary Deposit),0 (Barren Background),Trace / Non-mineralized,Unmineralized Quartzite/Schist,Local Metamorphic/Sedimentary Sequence,Phanerozoic,Synthetic Negative Sample for ML,N/A - Non-mine location,0 meters,0% (Background Terrain),Quartzite/Schist (Observed at surface),167,287,164,1511,840,420,534.96,11.14,0
Background_5.3km_from_Ose Este,-111.43467,33.75482,Regional Country Rock (Geology associated with Aguila region),0 (Barren Background),Trace / Non-mineralized,Unmineralized Andesite/Tuff,Local Volcanics,Miocene,Synthetic Negative Sample for ML,N/A - Non-mine location,0 meters,0% (Background Terrain),Andesite/Tuff (Observed at surface),765,1120,1396,2651,3154,2233,1208.5,5.93,0
Background_7.1km_from_Ose Este,-111.45406,33.75145,Regional Country Rock (Geology associated with Aguila region),0 (Barren Background),Trace / Non-mineralized,Unmineralized Andesite/Tuff,Local Volcanics,Miocene,Synthetic Negative Sample for ML,N/A - Non-mine location,0 meters,0% (Background Terrain),Andesite/Tuff (Observed at surface),869,1119,1372,2338,2809,2098,1046.83,11.55,0
Background_7.8km_from_Ose Este,-111.38844,33.82319,Regional Country Rock (Geology associated with Aguila region),0 (Barren Background),Trace / Non-mineralized,Unmineralized Andesite/Tuff,Local Volcanics,Miocene,Synthetic Negative Sample for ML,N/A - Non-mine location,0 meters,0% (Background Terrain),Andesite/Tuff (Observed at surface),794,1111,1365,2571,3209,2276,1543.58,21.67,0
Background_6.5km_from_Humboldt County,-117.59808,41.04576,Regional Country Rock (Geology associated with Humboldt region),0 (Barren Background),Trace / Non-mineralized,Unmineralized Radiolarian Chert,Franciscan Complex,Jurassic-Cretaceous,Synthetic Negative Sample for ML,N/A - Non-mine location,0 meters,0% (Background Terrain),Radiolarian Chert (Observed at surface),964,1186,1399,1849,2996,2706,1315.6,0.79,0
Background_7.8km_from_Humboldt County,-117.49323,41.00804,Regional Country Rock (Geology associated with Humboldt region),0 (Barren Background),Trace / Non-mineralized,Unmineralized Radiolarian Chert,Franciscan Complex,Jurassic-Cretaceous,Synthetic Negative Sample for ML,N/A - Non-mine location,0 meters,0% (Background Terrain),Radiolarian Chert (Observed at surface),1061,1396,1757,2212,3318,3008,1323.21,0.66,0
Background_9.8km_from_Humboldt County,-117.65177,41.05996,Regional Country Rock (Geology associated with Humboldt region),0 (Barren Background),Trace / Non-mineralized,Unmineralized Radiolarian Chert,Franciscan Complex,Jurassic-Cretaceous,Synthetic Negative Sample for ML,N/A - Non-mine location,0 meters,0% (Background Terrain),Radiolarian Chert (Observed at surface),809,1019,1292,1626,3181,2867,1320.57,1.23,0
Background_9.8km_from_MP Mine (FID: 1),80.21724,21.89071,Regional Country Rock (BALAGHAT BELT),0 (Barren Background),Trace / Non-mineralized,"Unmineralized PHYLLITE,QUARTZITE",LOHANGI Fm..,,Synthetic Negative Sample for ML,N/A - Non-mine location,0 meters,0% (Background Terrain),"Gondite, Calc-granulite, and Quartz-mica Schist",1064,1401,1783,3108,2925,2198,318.55,1.71,0
Background_5.1km_from_MP Mine (FID: 1),80.19578,21.77989,Regional Country Rock (BALAGHAT BELT),0 (Barren Background),Trace / Non-mineralized,"Unmineralized PHYLLITE,QUARTZITE",LOHANGI Fm..,,Synthetic Negative Sample for ML,N/A - Non-mine location,0 meters,0% (Background Terrain),"Gondite, Calc-granulite, and Quartz-mica Schist",983,1282,1564,2732,3611,2641,291.77,2.85,0
Background_8.2km_from_MP Mine (FID: 1),80.08745,21.81964,Regional Country Rock (BALAGHAT BELT),0 (Barren Background),Trace / Non-mineralized,"Unmineralized PHYLLITE,QUARTZITE",LOHANGI Fm..,,Synthetic Negative Sample for ML,N/A - Non-mine location,0 meters,0% (Background Terrain),"Gondite, Calc-granulite, and Quartz-mica Schist",770,1070,1092,3416,2604,1729,320.8,3.32,0
Background_7.5km_from_MP Mine (FID: 2),80.27300,21.94380,Regional Country Rock (SAUSAR BELT),0 (Barren Background),Trace / Non-mineralized,"Unmineralized SCHIST,PHYLLITE",LOHANGI Fm.,,Synthetic Negative Sample for ML,N/A - Non-mine location,0 meters,0% (Background Terrain),"Gondite, Calc-granulite, and Quartz-mica Schist",731,947,1065,2386,2617,1965,604.21,5.26,0
Background_6.9km_from_MP Mine (FID: 2),80.30051,21.99851,Regional Country Rock (SAUSAR BELT),0 (Barren Background),Trace / Non-mineralized,"Unmineralized SCHIST,PHYLLITE",LOHANGI Fm.,,Synthetic Negative Sample for ML,N/A - Non-mine location,0 meters,0% (Background Terrain),"Gondite, Calc-granulite, and Quartz-mica Schist",596,767,899,2356,3111,2289,543.18,5.47,0
Background_8.1km_from_MP Mine (FID: 2),80.29280,21.95289,Regional Country Rock (SAUSAR BELT),0 (Barren Background),Trace / Non-mineralized,"Unmineralized SCHIST,PHYLLITE",LOHANGI Fm.,,Synthetic Negative Sample for ML,N/A - Non-mine location,0 meters,0% (Background Terrain),"Gondite, Calc-granulite, and Quartz-mica Schist",544,784,756,2651,2664,1681,601.74,2.69,0
Background_6.9km_from_MP Mine (FID: 3),79.81403,21.69901,Regional Country Rock (SAUSAR BELT),0 (Barren Background),Trace / Non-mineralized,Unmineralized GONDITE-QUARTZITE,LOHANGI Fm..,,Synthetic Negative Sample for ML,N/A - Non-mine location,0 meters,0% (Background Terrain),"Gondite, Calc-granulite, and Quartz-mica Schist",993,1383,1794,2893,3895,3148,341.81,1.77,0
Background_6.0km_from_MP Mine (FID: 3),79.74516,21.77073,Regional Country Rock (SAUSAR BELT),0 (Barren Background),Trace / Non-mineralized,Unmineralized GONDITE-QUARTZITE,LOHANGI Fm..,,Synthetic Negative Sample for ML,N/A - Non-mine location,0 meters,0% (Background Terrain),"Gondite, Calc-granulite, and Quartz-mica Schist",818,1149,1409,2484,3540,2912,350.28,1.02,0
Background_5.2km_from_MP Mine (FID: 3),79.71115,21.68635,Regional Country Rock (SAUSAR BELT),0 (Barren Background),Trace / Non-mineralized,Unmineralized GONDITE-QUARTZITE,LOHANGI Fm..,,Synthetic Negative Sample for ML,N/A - Non-mine location,0 meters,0% (Background Terrain),"Gondite, Calc-granulite, and Quartz-mica Schist",1348,1742,2034,2708,3725,3335,325.87,2.86,0
Background_8.7km_from_MP Mine (FID: 4),79.69030,21.75007,Regional Country Rock (SAUSAR BELT),0 (Barren Background),Trace / Non-mineralized,"Unmineralized GONDITE,QUARTZITE",LOHANGI Fm..,,Synthetic Negative Sample for ML,N/A - Non-mine location,0 meters,0% (Background Terrain),"Gondite, Calc-granulite, and Quartz-mica Schist",711,1032,1251,2898,3467,2721,355.55,3.52,0
Background_8.2km_from_MP Mine (FID: 4),79.68423,21.62550,Regional Country Rock (SAUSAR BELT),0 (Barren Background),Trace / Non-mineralized,"Unmineralized GONDITE,QUARTZITE",LOHANGI Fm..,,Synthetic Negative Sample for ML,N/A - Non-mine location,0 meters,0% (Background Terrain),"Gondite, Calc-granulite, and Quartz-mica Schist",945,1204,1360,2725,3342,2622,319.57,2.44,0
Background_8.3km_from_MP Mine (FID: 4),79.74381,21.60915,Regional Country Rock (SAUSAR BELT),0 (Barren Background),Trace / Non-mineralized,"Unmineralized GONDITE,QUARTZITE",LOHANGI Fm..,,Synthetic Negative Sample for ML,N/A - Non-mine location,0 meters,0% (Background Terrain),"Gondite, Calc-granulite, and Quartz-mica Schist",0,0,0,0,0,0,290.21,1.72,0
Background_7.1km_from_MP Mine (FID: 5),80.52495,21.93329,Regional Country Rock (SAUSAR BELT),0 (Barren Background),Trace / Non-mineralized,Unmineralized SCHIST AND PHYLLITE,LOHANGI Fm.,,Synthetic Negative Sample for ML,N/A - Non-mine location,0 meters,0% (Background Terrain),"Gondite, Calc-granulite, and Quartz-mica Schist",569,731,886,2471,3027,2055,625.46,5.63,0
Background_8.7km_from_MP Mine (FID: 5),80.43017,22.03698,Regional Country Rock (SAUSAR BELT),0 (Barren Background),Trace / Non-mineralized,Unmineralized SCHIST AND PHYLLITE,LOHANGI Fm.,,Synthetic Negative Sample for ML,N/A - Non-mine location,0 meters,0% (Background Terrain),"Gondite, Calc-granulite, and Quartz-mica Schist",938,1306,1949,2864,4299,3571,622.01,3.46,0
Background_5.4km_from_MP Mine (FID: 5),80.51365,21.98845,Regional Country Rock (SAUSAR BELT),0 (Barren Background),Trace / Non-mineralized,Unmineralized SCHIST AND PHYLLITE,LOHANGI Fm.,,Synthetic Negative Sample for ML,N/A - Non-mine location,0 meters,0% (Background Terrain),"Gondite, Calc-granulite, and Quartz-mica Schist",692,917,1158,2100,3096,2799,650.7,4.67,0
Background_7.4km_from_MP Mine (FID: 6),80.39998,21.89219,Regional Country Rock (SAUSAR BELT),0 (Barren Background),Trace / Non-mineralized,Unmineralized SCHISTS,LOHANGI Fm..,,Synthetic Negative Sample for ML,N/A - Non-mine location,0 meters,0% (Background Terrain),"Gondite, Calc-granulite, and Quartz-mica Schist",536,767,765,2696,2291,1433,720.14,9.47,0
Background_6.0km_from_MP Mine (FID: 6),80.42466,21.82626,Regional Country Rock (SAUSAR BELT),0 (Barren Background),Trace / Non-mineralized,Unmineralized SCHISTS,LOHANGI Fm..,,Synthetic Negative Sample for ML,N/A - Non-mine location,0 meters,0% (Background Terrain),"Gondite, Calc-granulite, and Quartz-mica Schist",1108,1598,2090,3032,4212,3403,629.38,6.78,0
Background_9.5km_from_MP Mine (FID: 6),80.27806,21.85736,Regional Country Rock (SAUSAR BELT),0 (Barren Background),Trace / Non-mineralized,Unmineralized SCHISTS,LOHANGI Fm..,,Synthetic Negative Sample for ML,N/A - Non-mine location,0 meters,0% (Background Terrain),"Gondite, Calc-granulite, and Quartz-mica Schist",751,944,1183,2278,3374,2515,306.75,2.31,0
Background_7.2km_from_MP Mine (FID: 7),79.04721,21.37695,Regional Country Rock (Sausar Belt),0 (Barren Background),Trace / Non-mineralized,Unmineralized Pink and white Marble,,Palaeoproterozoic,Synthetic Negative Sample for ML,N/A - Non-mine location,0 meters,0% (Background Terrain),"Gondite, Calc-granulite, and Quartz-mica Schist",1031,1544,2125,2489,2867,2598,304.77,1.97,0
Background_7.5km_from_MP Mine (FID: 7),79.05053,21.36900,Regional Country Rock (Sausar Belt),0 (Barren Background),Trace / Non-mineralized,Unmineralized Pink and white Marble,,Palaeoproterozoic,Synthetic Negative Sample for ML,N/A - Non-mine location,0 meters,0% (Background Terrain),"Gondite, Calc-granulite, and Quartz-mica Schist",688,1104,1440,1771,2144,1940,300.98,1.38,0
Background_8.0km_from_MP Mine (FID: 7),79.02397,21.43281,Regional Country Rock (Sausar Belt),0 (Barren Background),Trace / Non-mineralized,Unmineralized Pink and white Marble,,Palaeoproterozoic,Synthetic Negative Sample for ML,N/A - Non-mine location,0 meters,0% (Background Terrain),"Gondite, Calc-granulite, and Quartz-mica Schist",665,1013,1417,1985,3444,2999,318.15,1.34,0
Background_6.1km_from_MP Mine (FID: 8),79.20783,21.33378,Regional Country Rock (Sausar Belt),0 (Barren Background),Trace / Non-mineralized,"Unmineralized Quartz schist, Mica schist",,Palaeoproterozoic,Synthetic Negative Sample for ML,N/A - Non-mine location,0 meters,0% (Background Terrain),"Gondite, Calc-granulite, and Quartz-mica Schist",668,929,1171,1647,2556,2310,299.01,0.46,0
Background_9.1km_from_MP Mine (FID: 8),79.18944,21.37269,Regional Country Rock (Sausar Belt),0 (Barren Background),Trace / Non-mineralized,"Unmineralized Quartz schist, Mica schist",,Palaeoproterozoic,Synthetic Negative Sample for ML,N/A - Non-mine location,0 meters,0% (Background Terrain),"Gondite, Calc-granulite, and Quartz-mica Schist",929,1361,1985,2382,2973,2662,295.48,2.64,0
Background_7.2km_from_MP Mine (FID: 8),79.24649,21.27152,Regional Country Rock (Sausar Belt),0 (Barren Background),Trace / Non-mineralized,"Unmineralized Quartz schist, Mica schist",,Palaeoproterozoic,Synthetic Negative Sample for ML,N/A - Non-mine location,0 meters,0% (Background Terrain),"Gondite, Calc-granulite, and Quartz-mica Schist",720,1032,1348,1840,2645,2356,290.79,0.47,0
Background_5.6km_from_MP Mine (FID: 9),79.30532,21.46724,Regional Country Rock (Sausar Belt),0 (Barren Background),Trace / Non-mineralized,Unmineralized Chorbaoli Quartzite,,Palaeoproterozoic,Synthetic Negative Sample for ML,N/A - Non-mine location,0 meters,0% (Background Terrain),"Gondite, Calc-granulite, and Quartz-mica Schist",533,885,1024,2896,3384,2383,342.88,1.96,0
Background_7.7km_from_MP Mine (FID: 9),79.35095,21.46969,Regional Country Rock (Sausar Belt),0 (Barren Background),Trace / Non-mineralized,Unmineralized Chorbaoli Quartzite,,Palaeoproterozoic,Synthetic Negative Sample for ML,N/A - Non-mine location,0 meters,0% (Background Terrain),"Gondite, Calc-granulite, and Quartz-mica Schist",767,1057,1693,2632,4523,3486,353.04,2.59,0
Background_6.7km_from_MP Mine (FID: 9),79.32617,21.36014,Regional Country Rock (Sausar Belt),0 (Barren Background),Trace / Non-mineralized,Unmineralized Chorbaoli Quartzite,,Palaeoproterozoic,Synthetic Negative Sample for ML,N/A - Non-mine location,0 meters,0% (Background Terrain),"Gondite, Calc-granulite, and Quartz-mica Schist",845,1221,1594,2137,3061,2649,304.27,1.15,0
Background_6.7km_from_MP Mine (FID: 10),79.35676,21.30306,Regional Country Rock (Sausar Belt),0 (Barren Background),Trace / Non-mineralized,Unmineralized Quartzite,,Palaeoproterozoic,Synthetic Negative Sample for ML,N/A - Non-mine location,0 meters,0% (Background Terrain),"Gondite, Calc-granulite, and Quartz-mica Schist",875,1244,1669,2221,3326,2894,290.92,0.6,0
Background_8.3km_from_MP Mine (FID: 10),79.39351,21.33860,Regional Country Rock (Sausar Belt),0 (Barren Background),Trace / Non-mineralized,Unmineralized Quartzite,,Palaeoproterozoic,Synthetic Negative Sample for ML,N/A - Non-mine location,0 meters,0% (Background Terrain),"Gondite, Calc-granulite, and Quartz-mica Schist",723,1132,1501,2047,3491,3061,299.94,0.59,0
Background_6.0km_from_MP Mine (FID: 10),79.35276,21.38916,Regional Country Rock (Sausar Belt),0 (Barren Background),Trace / Non-mineralized,Unmineralized Quartzite,,Palaeoproterozoic,Synthetic Negative Sample for ML,N/A - Non-mine location,0 meters,0% (Background Terrain),"Gondite, Calc-granulite, and Quartz-mica Schist",703,1097,1450,3312,4168,2930,336.02,10.19,0
Background_8.9km_from_MP Mine (FID: 11),79.42516,21.49912,Regional Country Rock (Sausar Belt),0 (Barren Background),Trace / Non-mineralized,"Unmineralized Braunite rich, hosted in pink and white marble",,Palaeoproterozoic,Synthetic Negative Sample for ML,N/A - Non-mine location,0 meters,0% (Background Terrain),"Gondite, Calc-granulite, and Quartz-mica Schist",606,1011,1342,3059,3813,2826,379.78,1.15,0
Background_9.9km_from_MP Mine (FID: 11),79.33766,21.61330,Regional Country Rock (Sausar Belt),0 (Barren Background),Trace / Non-mineralized,"Unmineralized Braunite rich, hosted in pink and white marble",,Palaeoproterozoic,Synthetic Negative Sample for ML,N/A - Non-mine location,0 meters,0% (Background Terrain),"Gondite, Calc-granulite, and Quartz-mica Schist",1187,1467,1963,3066,3844,3090,418.69,2.34,0
Background_5.7km_from_MP Mine (FID: 11),79.41715,21.52898,Regional Country Rock (Sausar Belt),0 (Barren Background),Trace / Non-mineralized,"Unmineralized Braunite rich, hosted in pink and white marble",,Palaeoproterozoic,Synthetic Negative Sample for ML,N/A - Non-mine location,0 meters,0% (Background Terrain),"Gondite, Calc-granulite, and Quartz-mica Schist",681,965,1324,2401,3917,2794,375.82,2.96,0
Background_6.5km_from_MP Mine (FID: 12),79.46770,21.32712,Regional Country Rock (Sausar Belt),0 (Barren Background),Trace / Non-mineralized,Unmineralized Gondites,,Palaeoproterozoic,Synthetic Negative Sample for ML,N/A - Non-mine location,0 meters,0% (Background Terrain),"Gondite, Calc-granulite, and Quartz-mica Schist",1519,2120,3025,4385,4830,3529,281.15,1.91,0
Background_9.2km_from_MP Mine (FID: 12),79.36161,21.37856,Regional Country Rock (Sausar Belt),0 (Barren Background),Trace / Non-mineralized,Unmineralized Gondites,,Palaeoproterozoic,Synthetic Negative Sample for ML,N/A - Non-mine location,0 meters,0% (Background Terrain),"Gondite, Calc-granulite, and Quartz-mica Schist",814,1097,1492,2033,3267,2826,311.98,0.86,0
Background_10.0km_from_MP Mine (FID: 12),79.43874,21.47232,Regional Country Rock (Sausar Belt),0 (Barren Background),Trace / Non-mineralized,Unmineralized Gondites,,Palaeoproterozoic,Synthetic Negative Sample for ML,N/A - Non-mine location,0 meters,0% (Background Terrain),"Gondite, Calc-granulite, and Quartz-mica Schist",626,749,1062,1676,3161,2691,396.66,3.38,0
Background_8.3km_from_MP Mine (FID: 13),79.53737,21.33801,Regional Country Rock (Sausar Belt),0 (Barren Background),Trace / Non-mineralized,Unmineralized Calc Granulite,,Palaeoproterozoic,Synthetic Negative Sample for ML,N/A - Non-mine location,0 meters,0% (Background Terrain),"Gondite, Calc-granulite, and Quartz-mica Schist",662,1039,1324,2781,3650,3052,280.35,1.35,0
Background_7.8km_from_MP Mine (FID: 13),79.56274,21.44333,Regional Country Rock (Sausar Belt),0 (Barren Background),Trace / Non-mineralized,Unmineralized Calc Granulite,,Palaeoproterozoic,Synthetic Negative Sample for ML,N/A - Non-mine location,0 meters,0% (Background Terrain),"Gondite, Calc-granulite, and Quartz-mica Schist",614,941,1098,2612,3331,2555,308.03,1.06,0
Background_6.2km_from_MP Mine (FID: 13),79.48835,21.35005,Regional Country Rock (Sausar Belt),0 (Barren Background),Trace / Non-mineralized,Unmineralized Calc Granulite,,Palaeoproterozoic,Synthetic Negative Sample for ML,N/A - Non-mine location,0 meters,0% (Background Terrain),"Gondite, Calc-granulite, and Quartz-mica Schist",1105,1615,2082,3009,4528,3746,291.08,1.45,0
Background_7.3km_from_MP Mine (FID: 14),79.63025,21.54833,Regional Country Rock (Sausar Belt),0 (Barren Background),Trace / Non-mineralized,Unmineralized Banded Chert Jasper band interbanded with light grey/cream coloured Cherty Limestone,,Palaeoproterozoic,Synthetic Negative Sample for ML,N/A - Non-mine location,0 meters,0% (Background Terrain),"Gondite, Calc-granulite, and Quartz-mica Schist",501,865,684,3320,2437,1583,313.01,1.73,0
Background_8.8km_from_MP Mine (FID: 14),79.61042,21.54725,Regional Country Rock (Sausar Belt),0 (Barren Background),Trace / Non-mineralized,Unmineralized Banded Chert Jasper band interbanded with light grey/cream coloured Cherty Limestone,,Palaeoproterozoic,Synthetic Negative Sample for ML,N/A - Non-mine location,0 meters,0% (Background Terrain),"Gondite, Calc-granulite, and Quartz-mica Schist",352,673,559,2346,2012,1431,322.75,1.65,0
Background_9.8km_from_MP Mine (FID: 14),79.65975,21.41693,Regional Country Rock (Sausar Belt),0 (Barren Background),Trace / Non-mineralized,Unmineralized Banded Chert Jasper band interbanded with light grey/cream coloured Cherty Limestone,,Palaeoproterozoic,Synthetic Negative Sample for ML,N/A - Non-mine location,0 meters,0% (Background Terrain),"Gondite, Calc-granulite, and Quartz-mica Schist",1237,1658,2334,3275,4288,3251,291.26,1.79,0
Background_9.7km_from_MP Mine (FID: 15),79.68643,21.78005,Regional Country Rock (Sausar Belt),0 (Barren Background),Trace / Non-mineralized,Unmineralized Gondites-Quartzite,,Palaeoproterozoic,Synthetic Negative Sample for ML,N/A - Non-mine location,0 meters,0% (Background Terrain),"Gondite, Calc-granulite, and Quartz-mica Schist",709,1017,1298,2566,3780,2818,404.06,14.25,0
Background_5.3km_from_MP Mine (FID: 15),79.79671,21.72999,Regional Country Rock (Sausar Belt),0 (Barren Background),Trace / Non-mineralized,Unmineralized Gondites-Quartzite,,Palaeoproterozoic,Synthetic Negative Sample for ML,N/A - Non-mine location,0 meters,0% (Background Terrain),"Gondite, Calc-granulite, and Quartz-mica Schist",587,926,957,2495,2637,1888,338.69,2.78,0
Background_6.3km_from_MP Mine (FID: 15),79.69480,21.74241,Regional Country Rock (Sausar Belt),0 (Barren Background),Trace / Non-mineralized,Unmineralized Gondites-Quartzite,,Palaeoproterozoic,Synthetic Negative Sample for ML,N/A - Non-mine location,0 meters,0% (Background Terrain),"Gondite, Calc-granulite, and Quartz-mica Schist",754,978,1207,2533,3380,2770,348.62,2.13,0
Background_7.9km_from_MP Mine (FID: 16),79.66505,21.71610,Regional Country Rock (Sausar Belt),0 (Barren Background),Trace / Non-mineralized,Unmineralized Gondites-Quartzite,,Palaeoproterozoic,Synthetic Negative Sample for ML,N/A - Non-mine location,0 meters,0% (Background Terrain),"Gondite, Calc-granulite, and Quartz-mica Schist",845,1166,1455,2600,4111,3511,338.96,3.95,0
Background_6.0km_from_MP Mine (FID: 16),79.67509,21.68299,Regional Country Rock (Sausar Belt),0 (Barren Background),Trace / Non-mineralized,Unmineralized Gondites-Quartzite,,Palaeoproterozoic,Synthetic Negative Sample for ML,N/A - Non-mine location,0 meters,0% (Background Terrain),"Gondite, Calc-granulite, and Quartz-mica Schist",630,928,819,2891,2890,2137,335.36,4.07,0
Background_9.8km_from_MP Mine (FID: 16),79.64020,21.69839,Regional Country Rock (Sausar Belt),0 (Barren Background),Trace / Non-mineralized,Unmineralized Gondites-Quartzite,,Palaeoproterozoic,Synthetic Negative Sample for ML,N/A - Non-mine location,0 meters,0% (Background Terrain),"Gondite, Calc-granulite, and Quartz-mica Schist",775,1025,1132,2423,3245,2437,353.83,3.78,0
Background_7.1km_from_MP Mine (FID: 17),79.75327,21.60631,Regional Country Rock (Sausar Belt),0 (Barren Background),Trace / Non-mineralized,Unmineralized Mica schists and Quartz schists,,Palaeoproterozoic,Synthetic Negative Sample for ML,N/A - Non-mine location,0 meters,0% (Background Terrain),"Gondite, Calc-granulite, and Quartz-mica Schist",0,0,0,0,0,0,293.97,1.08,0
Background_5.3km_from_MP Mine (FID: 17),79.73748,21.57796,Regional Country Rock (Sausar Belt),0 (Barren Background),Trace / Non-mineralized,Unmineralized Mica schists and Quartz schists,,Palaeoproterozoic,Synthetic Negative Sample for ML,N/A - Non-mine location,0 meters,0% (Background Terrain),"Gondite, Calc-granulite, and Quartz-mica Schist",892,1407,2017,3708,3635,2770,330.83,2.95,0
Background_9.1km_from_MP Mine (FID: 17),79.85335,21.50880,Regional Country Rock (Sausar Belt),0 (Barren Background),Trace / Non-mineralized,Unmineralized Mica schists and Quartz schists,,Palaeoproterozoic,Synthetic Negative Sample for ML,N/A - Non-mine location,0 meters,0% (Background Terrain),"Gondite, Calc-granulite, and Quartz-mica Schist",666,1092,1343,2522,3156,2456,281.49,1.64,0
Background_8.2km_from_MP Mine (FID: 18),79.68794,21.45372,Regional Country Rock (Sausar Belt),0 (Barren Background),Trace / Non-mineralized,Unmineralized Gondites,,Palaeoproterozoic,Synthetic Negative Sample for ML,N/A - Non-mine location,0 meters,0% (Background Terrain),"Gondite, Calc-granulite, and Quartz-mica Schist",500,820,646,2847,1956,1172,285.92,1.52,0
Background_5.4km_from_MP Mine (FID: 18),79.77943,21.40279,Regional Country Rock (Sausar Belt),0 (Barren Background),Trace / Non-mineralized,Unmineralized Gondites,,Palaeoproterozoic,Synthetic Negative Sample for ML,N/A - Non-mine location,0 meters,0% (Background Terrain),"Gondite, Calc-granulite, and Quartz-mica Schist",1219,1801,2657,3240,4669,4271,266.54,1.59,0
Background_9.2km_from_MP Mine (FID: 18),79.76274,21.53250,Regional Country Rock (Sausar Belt),0 (Barren Background),Trace / Non-mineralized,Unmineralized Gondites,,Palaeoproterozoic,Synthetic Negative Sample for ML,N/A - Non-mine location,0 meters,0% (Background Terrain),"Gondite, Calc-granulite, and Quartz-mica Schist",405,754,677,2787,2764,1770,328.67,2.63,0
Background_5.3km_from_MP Mine (FID: 19),79.94712,21.84359,Regional Country Rock (Sausar Belt),0 (Barren Background),Trace / Non-mineralized,Unmineralized Biotite-muscovite schist,,Palaeoproterozoic,Synthetic Negative Sample for ML,N/A - Non-mine location,0 meters,0% (Background Terrain),"Gondite, Calc-granulite, and Quartz-mica Schist",471,724,772,2251,2892,1996,327.91,4.34,0
Background_7.9km_from_MP Mine (FID: 19),79.90447,21.86755,Regional Country Rock (Sausar Belt),0 (Barren Background),Trace / Non-mineralized,Unmineralized Biotite-muscovite schist,,Palaeoproterozoic,Synthetic Negative Sample for ML,N/A - Non-mine location,0 meters,0% (Background Terrain),"Gondite, Calc-granulite, and Quartz-mica Schist",551,757,891,1841,2490,1977,403.14,10.46,0
Background_5.5km_from_MP Mine (FID: 19),79.93050,21.86043,Regional Country Rock (Sausar Belt),0 (Barren Background),Trace / Non-mineralized,Unmineralized Biotite-muscovite schist,,Palaeoproterozoic,Synthetic Negative Sample for ML,N/A - Non-mine location,0 meters,0% (Background Terrain),"Gondite, Calc-granulite, and Quartz-mica Schist",446,908,607,3484,2306,1512,341.63,5.75,0
Background_7.1km_from_MP Mine (FID: 20),80.02760,21.88548,Regional Country Rock (Sausar Belt),0 (Barren Background),Trace / Non-mineralized,Unmineralized Muscovite Biotite schist,,Palaeoproterozoic,Synthetic Negative Sample for ML,N/A - Non-mine location,0 meters,0% (Background Terrain),"Gondite, Calc-granulite, and Quartz-mica Schist",926,1238,1572,2217,3335,2716,327.64,1.2,0
Background_7.1km_from_MP Mine (FID: 20),79.92015,21.81807,Regional Country Rock (Sausar Belt),0 (Barren Background),Trace / Non-mineralized,Unmineralized Muscovite Biotite schist,,Palaeoproterozoic,Synthetic Negative Sample for ML,N/A - Non-mine location,0 meters,0% (Background Terrain),"Gondite, Calc-granulite, and Quartz-mica Schist",726,1143,1315,2661,3350,2639,327.52,1.54,0
Background_7.6km_from_MP Mine (FID: 20),79.98185,21.80370,Regional Country Rock (Sausar Belt),0 (Barren Background),Trace / Non-mineralized,Unmineralized Muscovite Biotite schist,,Palaeoproterozoic,Synthetic Negative Sample for ML,N/A - Non-mine location,0 meters,0% (Background Terrain),"Gondite, Calc-granulite, and Quartz-mica Schist",721,1022,1243,2347,3308,2879,309.79,2.99,0
Background_7.3km_from_MP Mine (FID: 21),80.03105,21.54617,Regional Country Rock (Tirodi Gneissic Complex),0 (Barren Background),Trace / Non-mineralized,Unmineralized Schist,,Archaean,Synthetic Negative Sample for ML,N/A - Non-mine location,0 meters,0% (Background Terrain),"Gondite, Calc-granulite, and Quartz-mica Schist",1164,1498,1979,2389,3466,3134,275.77,1.75,0
Background_8.8km_from_MP Mine (FID: 21),79.97778,21.46255,Regional Country Rock (Tirodi Gneissic Complex),0 (Barren Background),Trace / Non-mineralized,Unmineralized Schist,,Archaean,Synthetic Negative Sample for ML,N/A - Non-mine location,0 meters,0% (Background Terrain),"Gondite, Calc-granulite, and Quartz-mica Schist",748,1123,1571,2437,3618,2761,284.35,1.49,0
Background_8.8km_from_MP Mine (FID: 21),79.89931,21.48498,Regional Country Rock (Tirodi Gneissic Complex),0 (Barren Background),Trace / Non-mineralized,Unmineralized Schist,,Archaean,Synthetic Negative Sample for ML,N/A - Non-mine location,0 meters,0% (Background Terrain),"Gondite, Calc-granulite, and Quartz-mica Schist",517,830,756,2907,2127,1343,267.39,1.7,0
Background_7.9km_from_MP Mine (FID: 22),80.16515,21.74567,Regional Country Rock (Sausar Belt),0 (Barren Background),Trace / Non-mineralized,"Unmineralized Phyllite, Quartzite",,Palaeoproterozoic,Synthetic Negative Sample for ML,N/A - Non-mine location,0 meters,0% (Background Terrain),"Gondite, Calc-granulite, and Quartz-mica Schist",1141,1409,1875,2983,3943,3028,297.28,1.93,0
Background_9.0km_from_MP Mine (FID: 22),80.25064,21.79584,Regional Country Rock (Sausar Belt),0 (Barren Background),Trace / Non-mineralized,"Unmineralized Phyllite, Quartzite",,Palaeoproterozoic,Synthetic Negative Sample for ML,N/A - Non-mine location,0 meters,0% (Background Terrain),"Gondite, Calc-granulite, and Quartz-mica Schist",731,963,914,2590,1947,1216,298.2,1.22,0
Background_9.0km_from_MP Mine (FID: 22),80.17855,21.89646,Regional Country Rock (Sausar Belt),0 (Barren Background),Trace / Non-mineralized,"Unmineralized Phyllite, Quartzite",,Palaeoproterozoic,Synthetic Negative Sample for ML,N/A - Non-mine location,0 meters,0% (Background Terrain),"Gondite, Calc-granulite, and Quartz-mica Schist",895,1149,1428,2329,3002,2431,299.09,6.02,0
Background_8.4km_from_MP Mine (FID: 23),80.16836,21.95458,Regional Country Rock (Sausar Belt),0 (Barren Background),Trace / Non-mineralized,"Unmineralized Schist, Phyllite",,Palaeoproterozoic,Synthetic Negative Sample for ML,N/A - Non-mine location,0 meters,0% (Background Terrain),"Gondite, Calc-granulite, and Quartz-mica Schist",690,977,897,2942,3004,2037,325.12,1.76,0
Background_9.6km_from_MP Mine (FID: 23),80.22331,21.91412,Regional Country Rock (Sausar Belt),0 (Barren Background),Trace / Non-mineralized,"Unmineralized Schist, Phyllite",,Palaeoproterozoic,Synthetic Negative Sample for ML,N/A - Non-mine location,0 meters,0% (Background Terrain),"Gondite, Calc-granulite, and Quartz-mica Schist",621,943,882,3254,2937,1897,338.25,4.93,0
Background_6.8km_from_MP Mine (FID: 23),80.29835,21.98800,Regional Country Rock (Sausar Belt),0 (Barren Background),Trace / Non-mineralized,"Unmineralized Schist, Phyllite",,Palaeoproterozoic,Synthetic Negative Sample for ML,N/A - Non-mine location,0 meters,0% (Background Terrain),"Gondite, Calc-granulite, and Quartz-mica Schist",623,939,809,2720,2933,2346,553.15,8.34,0
Background_6.0km_from_MP Mine (FID: 24),80.41876,21.81034,Regional Country Rock (Tirodi Gneissic Complex),0 (Barren Background),Trace / Non-mineralized,Unmineralized Schist,,Archaean,Synthetic Negative Sample for ML,N/A - Non-mine location,0 meters,0% (Background Terrain),"Gondite, Calc-granulite, and Quartz-mica Schist",613,936,698,3408,2275,1345,654.54,12.17,0
Background_9.2km_from_MP Mine (FID: 24),80.30944,21.89654,Regional Country Rock (Tirodi Gneissic Complex),0 (Barren Background),Trace / Non-mineralized,Unmineralized Schist,,Archaean,Synthetic Negative Sample for ML,N/A - Non-mine location,0 meters,0% (Background Terrain),"Gondite, Calc-granulite, and Quartz-mica Schist",698,964,950,3174,2790,1719,502.01,27.01,0
Background_9.4km_from_MP Mine (FID: 24),80.44831,21.79667,Regional Country Rock (Tirodi Gneissic Complex),0 (Barren Background),Trace / Non-mineralized,Unmineralized Schist,,Archaean,Synthetic Negative Sample for ML,N/A - Non-mine location,0 meters,0% (Background Terrain),"Gondite, Calc-granulite, and Quartz-mica Schist",600,754,1030,2389,2827,2065,751.65,5.08,0
Background_9.9km_from_MP Mine (FID: 25),80.45813,21.99717,Regional Country Rock (Sausar Belt),0 (Barren Background),Trace / Non-mineralized,"Unmineralized Marbles, Calciphyres and Calc Granulite",,Palaeoproterozoic,Synthetic Negative Sample for ML,N/A - Non-mine location,0 meters,0% (Background Terrain),"Gondite, Calc-granulite, and Quartz-mica Schist",558,836,939,2754,2603,1661,635.44,5.04,0
Background_7.5km_from_MP Mine (FID: 25),80.45349,21.95766,Regional Country Rock (Sausar Belt),0 (Barren Background),Trace / Non-mineralized,"Unmineralized Marbles, Calciphyres and Calc Granulite",,Palaeoproterozoic,Synthetic Negative Sample for ML,N/A - Non-mine location,0 meters,0% (Background Terrain),"Gondite, Calc-granulite, and Quartz-mica Schist",636,821,1209,2864,3167,2080,613.78,4.82,0
Background_5.9km_from_MP Mine (FID: 25),80.36978,21.88996,Regional Country Rock (Sausar Belt),0 (Barren Background),Trace / Non-mineralized,"Unmineralized Marbles, Calciphyres and Calc Granulite",,Palaeoproterozoic,Synthetic Negative Sample for ML,N/A - Non-mine location,0 meters,0% (Background Terrain),"Gondite, Calc-granulite, and Quartz-mica Schist",520,743,594,2770,2271,1395,621.87,6.42,0
Background_8.0km_from_MP Mine (FID: 26),80.40830,21.94893,Regional Country Rock (Tirodi Gneissic Complex),0 (Barren Background),Trace / Non-mineralized,Unmineralized Muscovite schist,,Archaean,Synthetic Negative Sample for ML,N/A - Non-mine location,0 meters,0% (Background Terrain),"Gondite, Calc-granulite, and Quartz-mica Schist",1065,1425,1897,2878,3922,3255,619.08,1.11,0
Background_9.0km_from_MP Mine (FID: 26),80.43659,21.99306,Regional Country Rock (Tirodi Gneissic Complex),0 (Barren Background),Trace / Non-mineralized,Unmineralized Muscovite schist,,Archaean,Synthetic Negative Sample for ML,N/A - Non-mine location,0 meters,0% (Background Terrain),"Gondite, Calc-granulite, and Quartz-mica Schist",963,1262,1711,2688,4376,3673,609.1,6.02,0
Background_9.2km_from_MP Mine (FID: 26),80.49973,21.84327,Regional Country Rock (Tirodi Gneissic Complex),0 (Barren Background),Trace / Non-mineralized,Unmineralized Muscovite schist,,Archaean,Synthetic Negative Sample for ML,N/A - Non-mine location,0 meters,0% (Background Terrain),"Gondite, Calc-granulite, and Quartz-mica Schist",557,804,822,2799,2937,1886,558.16,8.78,0
Background_5.0km_from_MP Mine (FID: 27),80.43772,21.97401,Regional Country Rock (Sausar Belt),0 (Barren Background),Trace / Non-mineralized,"Unmineralized Muscovite schist, Muscovite Biotite schist, Sericite schist, Phyllites",,Palaeoproterozoic,Synthetic Negative Sample for ML,N/A - Non-mine location,0 meters,0% (Background Terrain),"Gondite, Calc-granulite, and Quartz-mica Schist",1066,1410,1921,2529,3528,2850,604.52,1.58,0
Background_8.9km_from_MP Mine (FID: 27),80.40270,21.85416,Regional Country Rock (Sausar Belt),0 (Barren Background),Trace / Non-mineralized,"Unmineralized Muscovite schist, Muscovite Biotite schist, Sericite schist, Phyllites",,Palaeoproterozoic,Synthetic Negative Sample for ML,N/A - Non-mine location,0 meters,0% (Background Terrain),"Gondite, Calc-granulite, and Quartz-mica Schist",1117,1370,1910,2817,4513,3766,610.68,3.05,0
Background_6.9km_from_MP Mine (FID: 27),80.48303,21.93983,Regional Country Rock (Sausar Belt),0 (Barren Background),Trace / Non-mineralized,"Unmineralized Muscovite schist, Muscovite Biotite schist, Sericite schist, Phyllites",,Palaeoproterozoic,Synthetic Negative Sample for ML,N/A - Non-mine location,0 meters,0% (Background Terrain),"Gondite, Calc-granulite, and Quartz-mica Schist",555,786,998,2300,3144,2330,609.14,2.71,0
Background_9.0km_from_MP Mine (FID: 28),80.52340,21.93422,Regional Country Rock (Tirodi Gneissic Complex),0 (Barren Background),Trace / Non-mineralized,"Unmineralized Marbles, Calciphyres and Calc Granulite",,Archaean,Synthetic Negative Sample for ML,N/A - Non-mine location,0 meters,0% (Background Terrain),"Gondite, Calc-granulite, and Quartz-mica Schist",572,751,903,2314,2838,1886,617.32,8.35,0
Background_9.1km_from_MP Mine (FID: 28),80.41546,22.03221,Regional Country Rock (Tirodi Gneissic Complex),0 (Barren Background),Trace / Non-mineralized,"Unmineralized Marbles, Calciphyres and Calc Granulite",,Archaean,Synthetic Negative Sample for ML,N/A - Non-mine location,0 meters,0% (Background Terrain),"Gondite, Calc-granulite, and Quartz-mica Schist",1204,1588,2106,3006,4642,3847,599.93,5.36,0
Background_8.7km_from_MP Mine (FID: 28),80.49667,22.01024,Regional Country Rock (Tirodi Gneissic Complex),0 (Barren Background),Trace / Non-mineralized,"Unmineralized Marbles, Calciphyres and Calc Granulite",,Archaean,Synthetic Negative Sample for ML,N/A - Non-mine location,0 meters,0% (Background Terrain),"Gondite, Calc-granulite, and Quartz-mica Schist",616,760,912,1881,2966,2448,771.79,7.82,0
Background_6.3km_from_MP Mine (FID: 29),80.51042,22.01300,Regional Country Rock (Tirodi Gneissic Complex),0 (Barren Background),Trace / Non-mineralized,"Unmineralized Marbles, Calciphyres and Calc Granulite",,Archaean,Synthetic Negative Sample for ML,N/A - Non-mine location,0 meters,0% (Background Terrain),"Gondite, Calc-granulite, and Quartz-mica Schist",517,805,761,2621,2564,1670,693.44,8.84,0
Background_5.6km_from_MP Mine (FID: 29),80.41876,21.99948,Regional Country Rock (Tirodi Gneissic Complex),0 (Barren Background),Trace / Non-mineralized,"Unmineralized Marbles, Calciphyres and Calc Granulite",,Archaean,Synthetic Negative Sample for ML,N/A - Non-mine location,0 meters,0% (Background Terrain),"Gondite, Calc-granulite, and Quartz-mica Schist",468,767,580,3167,2664,1614,626.43,7.56,0
Background_7.2km_from_MP Mine (FID: 29),80.39743,21.98558,Regional Country Rock (Tirodi Gneissic Complex),0 (Barren Background),Trace / Non-mineralized,"Unmineralized Marbles, Calciphyres and Calc Granulite",,Archaean,Synthetic Negative Sample for ML,N/A - Non-mine location,0 meters,0% (Background Terrain),"Gondite, Calc-granulite, and Quartz-mica Schist",675,928,1055,3043,2969,2022,617.24,5.71,0
Background_7.5km_from_MP Mine (FID: 30),80.52774,21.92986,Regional Country Rock (Tirodi Gneissic Complex),0 (Barren Background),Trace / Non-mineralized,Unmineralized Schist and Phyllite,,Archaean,Synthetic Negative Sample for ML,N/A - Non-mine location,0 meters,0% (Background Terrain),"Gondite, Calc-granulite, and Quartz-mica Schist",739,981,1239,2273,3121,2556,653.87,9.87,0
Background_8.9km_from_MP Mine (FID: 30),80.53713,21.92063,Regional Country Rock (Tirodi Gneissic Complex),0 (Barren Background),Trace / Non-mineralized,Unmineralized Schist and Phyllite,,Archaean,Synthetic Negative Sample for ML,N/A - Non-mine location,0 meters,0% (Background Terrain),"Gondite, Calc-granulite, and Quartz-mica Schist",619,807,989,2325,2906,1975,682.4,14.01,0
Background_8.5km_from_MP Mine (FID: 30),80.45141,21.89152,Regional Country Rock (Tirodi Gneissic Complex),0 (Barren Background),Trace / Non-mineralized,Unmineralized Schist and Phyllite,,Archaean,Synthetic Negative Sample for ML,N/A - Non-mine location,0 meters,0% (Background Terrain),"Gondite, Calc-granulite, and Quartz-mica Schist",432,724,570,3226,2139,1271,787.36,7.59,0
